2026-08-01 00:00,TL0000,24
2026-08-01 00:00,TL0001,9
2026-08-01 00:00,TL0002,12
2026-08-01 00:00,TL0003,15
2026-08-01 00:00,TL0004,7
2026-08-01 00:00,TL0005,21
2026-08-01 00:00,TL0006,13
2026-08-01 00:00,TL0007,6
2026-08-01 00:00,TL0008,9
2026-08-01 00:00,TL0009,9
2026-08-01 00:00,TL0010,13
2026-08-01 00:00,TL0011,5
2026-08-01 00:00,TL0012,15
2026-08-01 00:00,TL0013,7
2026-08-01 00:00,TL0014,2
2026-08-01 00:00,TL0015,13
2026-08-01 00:00,TL0016,5
2026-08-01 00:00,TL0017,8
2026-08-01 00:00,TL0018,17
2026-08-01 00:00,TL0019,8
2026-08-01 00:05,TL0000,10
2026-08-01 00:05,TL0001,10
2026-08-01 00:05,TL0002,2
2026-08-01 00:05,TL0003,7
2026-08-01 00:05,TL0004,4
2026-08-01 00:05,TL0005,16
2026-08-01 00:05,TL0006,25
2026-08-01 00:05,TL0007,10
2026-08-01 00:05,TL0008,11
2026-08-01 00:05,TL0009,12
2026-08-01 00:05,TL0010,7
2026-08-01 00:05,TL0011,13
2026-08-01 00:05,TL0012,19
2026-08-01 00:05,TL0013,11
2026-08-01 00:05,TL0014,10
2026-08-01 00:05,TL0015,13
2026-08-01 00:05,TL0016,3
2026-08-01 00:05,TL0017,4
2026-08-01 00:05,TL0018,8
2026-08-01 00:05,TL0019,20
2026-08-01 00:10,TL0000,25
2026-08-01 00:10,TL0001,6
2026-08-01 00:10,TL0002,12
2026-08-01 00:10,TL0003,14
2026-08-01 00:10,TL0004,12
2026-08-01 00:10,TL0005,17
2026-08-01 00:10,TL0006,24
2026-08-01 00:10,TL0007,7
2026-08-01 00:10,TL0008,7
2026-08-01 00:10,TL0009,11
2026-08-01 00:10,TL0010,11
2026-08-01 00:10,TL0011,14
2026-08-01 00:10,TL0012,22
2026-08-01 00:10,TL0013,7
2026-08-01 00:10,TL0014,3
2026-08-01 00:10,TL0015,3
2026-08-01 00:10,TL0016,14
2026-08-01 00:10,TL0017,8
2026-08-01 00:10,TL0018,17
2026-08-01 00:10,TL0019,14
2026-08-01 00:15,TL0000,21
2026-08-01 00:15,TL0001,7
2026-08-01 00:15,TL0002,3
2026-08-01 00:15,TL0003,4
2026-08-01 00:15,TL0004,5
2026-08-01 00:15,TL0005,21
2026-08-01 00:15,TL0006,10
2026-08-01 00:15,TL0007,1
2026-08-01 00:15,TL0008,9
2026-08-01 00:15,TL0009,16
2026-08-01 00:15,TL0010,14
2026-08-01 00:15,TL0011,14
2026-08-01 00:15,TL0012,7
2026-08-01 00:15,TL0013,22
2026-08-01 00:15,TL0014,0
2026-08-01 00:15,TL0015,12
2026-08-01 00:15,TL0016,10
2026-08-01 00:15,TL0017,13
2026-08-01 00:15,TL0018,17
2026-08-01 00:15,TL0019,22
2026-08-01 00:20,TL0000,25
2026-08-01 00:20,TL0001,6
2026-08-01 00:20,TL0002,4
2026-08-01 00:20,TL0003,8
2026-08-01 00:20,TL0004,6
2026-08-01 00:20,TL0005,20
2026-08-01 00:20,TL0006,9
2026-08-01 00:20,TL0007,6
2026-08-01 00:20,TL0008,8
2026-08-01 00:20,TL0009,7
2026-08-01 00:20,TL0010,15
2026-08-01 00:20,TL0011,7
2026-08-01 00:20,TL0012,21
2026-08-01 00:20,TL0013,10
2026-08-01 00:20,TL0014,0
2026-08-01 00:20,TL0015,11
2026-08-01 00:20,TL0016,15
2026-08-01 00:20,TL0017,12
2026-08-01 00:20,TL0018,14
2026-08-01 00:20,TL0019,15
2026-08-01 00:25,TL0000,16
2026-08-01 00:25,TL0001,10
2026-08-01 00:25,TL0002,10
2026-08-01 00:25,TL0003,5
2026-08-01 00:25,TL0004,5
2026-08-01 00:25,TL0005,14
2026-08-01 00:25,TL0006,22
2026-08-01 00:25,TL0007,5
2026-08-01 00:25,TL0008,10
2026-08-01 00:25,TL0009,14
2026-08-01 00:25,TL0010,16
2026-08-01 00:25,TL0011,7
2026-08-01 00:25,TL0012,17
2026-08-01 00:25,TL0013,9
2026-08-01 00:25,TL0014,7
2026-08-01 00:25,TL0015,6
2026-08-01 00:25,TL0016,16
2026-08-01 00:25,TL0017,13
2026-08-01 00:25,TL0018,5
2026-08-01 00:25,TL0019,20
2026-08-01 00:30,TL0000,16
2026-08-01 00:30,TL0001,10
2026-08-01 00:30,TL0002,12
2026-08-01 00:30,TL0003,8
2026-08-01 00:30,TL0004,15
2026-08-01 00:30,TL0005,21
2026-08-01 00:30,TL0006,21
2026-08-01 00:30,TL0007,4
2026-08-01 00:30,TL0008,2
2026-08-01 00:30,TL0009,11
2026-08-01 00:30,TL0010,7
2026-08-01 00:30,TL0011,9
2026-08-01 00:30,TL0012,16
2026-08-01 00:30,TL0013,22
2026-08-01 00:30,TL0014,0
2026-08-01 00:30,TL0015,8
2026-08-01 00:30,TL0016,11
2026-08-01 00:30,TL0017,4
2026-08-01 00:30,TL0018,5
2026-08-01 00:30,TL0019,12
2026-08-01 00:35,TL0000,16
2026-08-01 00:35,TL0001,5
2026-08-01 00:35,TL0002,2
2026-08-01 00:35,TL0003,11
2026-08-01 00:35,TL0004,4
2026-08-01 00:35,TL0005,12
2026-08-01 00:35,TL0006,9
2026-08-01 00:35,TL0007,9
2026-08-01 00:35,TL0008,6
2026-08-01 00:35,TL0009,14
2026-08-01 00:35,TL0010,11
2026-08-01 00:35,TL0011,18
2026-08-01 00:35,TL0012,12
2026-08-01 00:35,TL0013,25
2026-08-01 00:35,TL0014,4
2026-08-01 00:35,TL0015,2
2026-08-01 00:35,TL0016,4
2026-08-01 00:35,TL0017,12
2026-08-01 00:35,TL0018,6
2026-08-01 00:35,TL0019,18
2026-08-01 00:40,TL0000,22
2026-08-01 00:40,TL0001,3
2026-08-01 00:40,TL0002,7
2026-08-01 00:40,TL0003,10
2026-08-01 00:40,TL0004,10
2026-08-01 00:40,TL0005,10
2026-08-01 00:40,TL0006,21
2026-08-01 00:40,TL0007,6
2026-08-01 00:40,TL0008,11
2026-08-01 00:40,TL0009,2
2026-08-01 00:40,TL0010,11
2026-08-01 00:40,TL0011,20
2026-08-01 00:40,TL0012,14
2026-08-01 00:40,TL0013,19
2026-08-01 00:40,TL0014,2
2026-08-01 00:40,TL0015,4
2026-08-01 00:40,TL0016,13
2026-08-01 00:40,TL0017,15
2026-08-01 00:40,TL0018,5
2026-08-01 00:40,TL0019,16
2026-08-01 00:45,TL0000,11
2026-08-01 00:45,TL0001,2
2026-08-01 00:45,TL0002,4
2026-08-01 00:45,TL0003,16
2026-08-01 00:45,TL0004,17
2026-08-01 00:45,TL0005,19
2026-08-01 00:45,TL0006,19
2026-08-01 00:45,TL0007,7
2026-08-01 00:45,TL0008,12
2026-08-01 00:45,TL0009,4
2026-08-01 00:45,TL0010,7
2026-08-01 00:45,TL0011,8
2026-08-01 00:45,TL0012,9
2026-08-01 00:45,TL0013,25
2026-08-01 00:45,TL0014,6
2026-08-01 00:45,TL0015,4
2026-08-01 00:45,TL0016,4
2026-08-01 00:45,TL0017,11
2026-08-01 00:45,TL0018,9
2026-08-01 00:45,TL0019,12
2026-08-01 00:50,TL0000,18
2026-08-01 00:50,TL0001,5
2026-08-01 00:50,TL0002,10
2026-08-01 00:50,TL0003,4
2026-08-01 00:50,TL0004,4
2026-08-01 00:50,TL0005,15
2026-08-01 00:50,TL0006,13
2026-08-01 00:50,TL0007,7
2026-08-01 00:50,TL0008,13
2026-08-01 00:50,TL0009,12
2026-08-01 00:50,TL0010,4
2026-08-01 00:50,TL0011,16
2026-08-01 00:50,TL0012,16
2026-08-01 00:50,TL0013,18
2026-08-01 00:50,TL0014,0
2026-08-01 00:50,TL0015,3
2026-08-01 00:50,TL0016,7
2026-08-01 00:50,TL0017,7
2026-08-01 00:50,TL0018,12
2026-08-01 00:50,TL0019,11
2026-08-01 00:55,TL0000,15
2026-08-01 00:55,TL0001,7
2026-08-01 00:55,TL0002,12
2026-08-01 00:55,TL0003,16
2026-08-01 00:55,TL0004,10
2026-08-01 00:55,TL0005,19
2026-08-01 00:55,TL0006,17
2026-08-01 00:55,TL0007,7
2026-08-01 00:55,TL0008,4
2026-08-01 00:55,TL0009,4
2026-08-01 00:55,TL0010,10
2026-08-01 00:55,TL0011,20
2026-08-01 00:55,TL0012,18
2026-08-01 00:55,TL0013,22
2026-08-01 00:55,TL0014,6
2026-08-01 00:55,TL0015,1
2026-08-01 00:55,TL0016,5
2026-08-01 00:55,TL0017,14
2026-08-01 00:55,TL0018,12
2026-08-01 00:55,TL0019,10
2026-08-01 01:00,TL0000,18
2026-08-01 01:00,TL0001,10
2026-08-01 01:00,TL0002,3
2026-08-01 01:00,TL0003,7
2026-08-01 01:00,TL0004,8
2026-08-01 01:00,TL0005,15
2026-08-01 01:00,TL0006,14
2026-08-01 01:00,TL0007,1
2026-08-01 01:00,TL0008,2
2026-08-01 01:00,TL0009,3
2026-08-01 01:00,TL0010,5
2026-08-01 01:00,TL0011,14
2026-08-01 01:00,TL0012,5
2026-08-01 01:00,TL0013,12
2026-08-01 01:00,TL0014,6
2026-08-01 01:00,TL0015,1
2026-08-01 01:00,TL0016,8
2026-08-01 01:00,TL0017,5
2026-08-01 01:00,TL0018,16
2026-08-01 01:00,TL0019,4
2026-08-01 01:05,TL0000,18
2026-08-01 01:05,TL0001,1
2026-08-01 01:05,TL0002,3
2026-08-01 01:05,TL0003,6
2026-08-01 01:05,TL0004,5
2026-08-01 01:05,TL0005,8
2026-08-01 01:05,TL0006,17
2026-08-01 01:05,TL0007,1
2026-08-01 01:05,TL0008,2
2026-08-01 01:05,TL0009,5
2026-08-01 01:05,TL0010,11
2026-08-01 01:05,TL0011,5
2026-08-01 01:05,TL0012,10
2026-08-01 01:05,TL0013,8
2026-08-01 01:05,TL0014,1
2026-08-01 01:05,TL0015,2
2026-08-01 01:05,TL0016,4
2026-08-01 01:05,TL0017,5
2026-08-01 01:05,TL0018,9
2026-08-01 01:05,TL0019,5
2026-08-01 01:10,TL0000,13
2026-08-01 01:10,TL0001,8
2026-08-01 01:10,TL0002,1
2026-08-01 01:10,TL0003,1
2026-08-01 01:10,TL0004,6
2026-08-01 01:10,TL0005,5
2026-08-01 01:10,TL0006,18
2026-08-01 01:10,TL0007,0
2026-08-01 01:10,TL0008,10
2026-08-01 01:10,TL0009,8
2026-08-01 01:10,TL0010,8
2026-08-01 01:10,TL0011,13
2026-08-01 01:10,TL0012,8
2026-08-01 01:10,TL0013,18
2026-08-01 01:10,TL0014,2
2026-08-01 01:10,TL0015,9
2026-08-01 01:10,TL0016,8
2026-08-01 01:10,TL0017,6
2026-08-01 01:10,TL0018,11
2026-08-01 01:10,TL0019,12
2026-08-01 01:15,TL0000,8
2026-08-01 01:15,TL0001,0
2026-08-01 01:15,TL0002,12
2026-08-01 01:15,TL0003,11
2026-08-01 01:15,TL0004,2
2026-08-01 01:15,TL0005,17
2026-08-01 01:15,TL0006,7
2026-08-01 01:15,TL0007,3
2026-08-01 01:15,TL0008,8
2026-08-01 01:15,TL0009,3
2026-08-01 01:15,TL0010,7
2026-08-01 01:15,TL0011,3
2026-08-01 01:15,TL0012,8
2026-08-01 01:15,TL0013,5
2026-08-01 01:15,TL0014,8
2026-08-01 01:15,TL0015,9
2026-08-01 01:15,TL0016,3
2026-08-01 01:15,TL0017,4
2026-08-01 01:15,TL0018,12
2026-08-01 01:15,TL0019,8
2026-08-01 01:20,TL0000,12
2026-08-01 01:20,TL0001,9
2026-08-01 01:20,TL0002,6
2026-08-01 01:20,TL0003,3
2026-08-01 01:20,TL0004,5
2026-08-01 01:20,TL0005,7
2026-08-01 01:20,TL0006,13
2026-08-01 01:20,TL0007,5
2026-08-01 01:20,TL0008,2
2026-08-01 01:20,TL0009,10
2026-08-01 01:20,TL0010,8
2026-08-01 01:20,TL0011,15
2026-08-01 01:20,TL0012,15
2026-08-01 01:20,TL0013,17
2026-08-01 01:20,TL0014,0
2026-08-01 01:20,TL0015,9
2026-08-01 01:20,TL0016,10
2026-08-01 01:20,TL0017,4
2026-08-01 01:20,TL0018,7
2026-08-01 01:20,TL0019,8
2026-08-01 01:25,TL0000,9
2026-08-01 01:25,TL0001,0
2026-08-01 01:25,TL0002,2
2026-08-01 01:25,TL0003,13
2026-08-01 01:25,TL0004,6
2026-08-01 01:25,TL0005,16
2026-08-01 01:25,TL0006,6
2026-08-01 01:25,TL0007,3
2026-08-01 01:25,TL0008,8
2026-08-01 01:25,TL0009,9
2026-08-01 01:25,TL0010,13
2026-08-01 01:25,TL0011,10
2026-08-01 01:25,TL0012,13
2026-08-01 01:25,TL0013,4
2026-08-01 01:25,TL0014,0
2026-08-01 01:25,TL0015,5
2026-08-01 01:25,TL0016,3
2026-08-01 01:25,TL0017,12
2026-08-01 01:25,TL0018,7
2026-08-01 01:25,TL0019,15
2026-08-01 01:30,TL0000,7
2026-08-01 01:30,TL0001,4
2026-08-01 01:30,TL0002,9
2026-08-01 01:30,TL0003,11
2026-08-01 01:30,TL0004,7
2026-08-01 01:30,TL0005,7
2026-08-01 01:30,TL0006,11
2026-08-01 01:30,TL0007,7
2026-08-01 01:30,TL0008,6
2026-08-01 01:30,TL0009,7
2026-08-01 01:30,TL0010,6
2026-08-01 01:30,TL0011,14
2026-08-01 01:30,TL0012,7
2026-08-01 01:30,TL0013,5
2026-08-01 01:30,TL0014,0
2026-08-01 01:30,TL0015,9
2026-08-01 01:30,TL0016,12
2026-08-01 01:30,TL0017,5
2026-08-01 01:30,TL0018,5
2026-08-01 01:30,TL0019,8
2026-08-01 01:35,TL0000,4
2026-08-01 01:35,TL0001,5
2026-08-01 01:35,TL0002,3
2026-08-01 01:35,TL0003,11
2026-08-01 01:35,TL0004,2
2026-08-01 01:35,TL0005,9
2026-08-01 01:35,TL0006,15
2026-08-01 01:35,TL0007,7
2026-08-01 01:35,TL0008,8
2026-08-01 01:35,TL0009,9
2026-08-01 01:35,TL0010,5
2026-08-01 01:35,TL0011,3
2026-08-01 01:35,TL0012,14
2026-08-01 01:35,TL0013,15
2026-08-01 01:35,TL0014,5
2026-08-01 01:35,TL0015,2
2026-08-01 01:35,TL0016,11
2026-08-01 01:35,TL0017,12
2026-08-01 01:35,TL0018,7
2026-08-01 01:35,TL0019,6
2026-08-01 01:40,TL0000,12
2026-08-01 01:40,TL0001,6
2026-08-01 01:40,TL0002,2
2026-08-01 01:40,TL0003,2
2026-08-01 01:40,TL0004,12
2026-08-01 01:40,TL0005,6
2026-08-01 01:40,TL0006,4
2026-08-01 01:40,TL0007,8
2026-08-01 01:40,TL0008,5
2026-08-01 01:40,TL0009,4
2026-08-01 01:40,TL0010,12
2026-08-01 01:40,TL0011,5
2026-08-01 01:40,TL0012,3
2026-08-01 01:40,TL0013,8
2026-08-01 01:40,TL0014,0
2026-08-01 01:40,TL0015,8
2026-08-01 01:40,TL0016,5
2026-08-01 01:40,TL0017,9
2026-08-01 01:40,TL0018,8
2026-08-01 01:40,TL0019,7
2026-08-01 01:45,TL0000,15
2026-08-01 01:45,TL0001,0
2026-08-01 01:45,TL0002,2
2026-08-01 01:45,TL0003,12
2026-08-01 01:45,TL0004,4
2026-08-01 01:45,TL0005,14
2026-08-01 01:45,TL0006,17
2026-08-01 01:45,TL0007,1
2026-08-01 01:45,TL0008,4
2026-08-01 01:45,TL0009,11
2026-08-01 01:45,TL0010,8
2026-08-01 01:45,TL0011,9
2026-08-01 01:45,TL0012,7
2026-08-01 01:45,TL0013,6
2026-08-01 01:45,TL0014,0
2026-08-01 01:45,TL0015,5
2026-08-01 01:45,TL0016,10
2026-08-01 01:45,TL0017,6
2026-08-01 01:45,TL0018,5
2026-08-01 01:45,TL0019,15
2026-08-01 01:50,TL0000,8
2026-08-01 01:50,TL0001,10
2026-08-01 01:50,TL0002,11
2026-08-01 01:50,TL0003,10
2026-08-01 01:50,TL0004,5
2026-08-01 01:50,TL0005,4
2026-08-01 01:50,TL0006,14
2026-08-01 01:50,TL0007,7
2026-08-01 01:50,TL0008,7
2026-08-01 01:50,TL0009,1
2026-08-01 01:50,TL0010,13
2026-08-01 01:50,TL0011,11
2026-08-01 01:50,TL0012,13
2026-08-01 01:50,TL0013,16
2026-08-01 01:50,TL0014,0
2026-08-01 01:50,TL0015,7
2026-08-01 01:50,TL0016,6
2026-08-01 01:50,TL0017,8
2026-08-01 01:50,TL0018,14
2026-08-01 01:50,TL0019,5
2026-08-01 01:55,TL0000,9
2026-08-01 01:55,TL0001,7
2026-08-01 01:55,TL0002,11
2026-08-01 01:55,TL0003,7
2026-08-01 01:55,TL0004,7
2026-08-01 01:55,TL0005,15
2026-08-01 01:55,TL0006,16
2026-08-01 01:55,TL0007,3
2026-08-01 01:55,TL0008,7
2026-08-01 01:55,TL0009,9
2026-08-01 01:55,TL0010,7
2026-08-01 01:55,TL0011,10
2026-08-01 01:55,TL0012,12
2026-08-01 01:55,TL0013,7
2026-08-01 01:55,TL0014,4
2026-08-01 01:55,TL0015,5
2026-08-01 01:55,TL0016,3
2026-08-01 01:55,TL0017,5
2026-08-01 01:55,TL0018,7
2026-08-01 01:55,TL0019,4
2026-08-01 02:00,TL0000,13
2026-08-01 02:00,TL0001,7
2026-08-01 02:00,TL0002,8
2026-08-01 02:00,TL0003,7
2026-08-01 02:00,TL0004,6
2026-08-01 02:00,TL0005,14
2026-08-01 02:00,TL0006,13
2026-08-01 02:00,TL0007,0
2026-08-01 02:00,TL0008,1
2026-08-01 02:00,TL0009,8
2026-08-01 02:00,TL0010,9
2026-08-01 02:00,TL0011,5
2026-08-01 02:00,TL0012,4
2026-08-01 02:00,TL0013,13
2026-08-01 02:00,TL0014,0
2026-08-01 02:00,TL0015,0
2026-08-01 02:00,TL0016,3
2026-08-01 02:00,TL0017,2
2026-08-01 02:00,TL0018,9
2026-08-01 02:00,TL0019,3
2026-08-01 02:05,TL0000,10
2026-08-01 02:05,TL0001,3
2026-08-01 02:05,TL0002,0
2026-08-01 02:05,TL0003,3
2026-08-01 02:05,TL0004,5
2026-08-01 02:05,TL0005,8
2026-08-01 02:05,TL0006,4
2026-08-01 02:05,TL0007,1
2026-08-01 02:05,TL0008,8
2026-08-01 02:05,TL0009,2
2026-08-01 02:05,TL0010,1
2026-08-01 02:05,TL0011,3
2026-08-01 02:05,TL0012,6
2026-08-01 02:05,TL0013,13
2026-08-01 02:05,TL0014,0
2026-08-01 02:05,TL0015,7
2026-08-01 02:05,TL0016,4
2026-08-01 02:05,TL0017,10
2026-08-01 02:05,TL0018,11
2026-08-01 02:05,TL0019,2
2026-08-01 02:10,TL0000,12
2026-08-01 02:10,TL0001,4
2026-08-01 02:10,TL0002,8
2026-08-01 02:10,TL0003,5
2026-08-01 02:10,TL0004,2
2026-08-01 02:10,TL0005,11
2026-08-01 02:10,TL0006,6
2026-08-01 02:10,TL0007,0
2026-08-01 02:10,TL0008,9
2026-08-01 02:10,TL0009,1
2026-08-01 02:10,TL0010,1
2026-08-01 02:10,TL0011,13
2026-08-01 02:10,TL0012,4
2026-08-01 02:10,TL0013,12
2026-08-01 02:10,TL0014,4
2026-08-01 02:10,TL0015,0
2026-08-01 02:10,TL0016,7
2026-08-01 02:10,TL0017,1
2026-08-01 02:10,TL0018,10
2026-08-01 02:10,TL0019,10
2026-08-01 02:15,TL0000,9
2026-08-01 02:15,TL0001,9
2026-08-01 02:15,TL0002,5
2026-08-01 02:15,TL0003,7
2026-08-01 02:15,TL0004,2
2026-08-01 02:15,TL0005,4
2026-08-01 02:15,TL0006,3
2026-08-01 02:15,TL0007,7
2026-08-01 02:15,TL0008,4
2026-08-01 02:15,TL0009,0
2026-08-01 02:15,TL0010,3
2026-08-01 02:15,TL0011,12
2026-08-01 02:15,TL0012,9
2026-08-01 02:15,TL0013,9
2026-08-01 02:15,TL0014,4
2026-08-01 02:15,TL0015,6
2026-08-01 02:15,TL0016,1
2026-08-01 02:15,TL0017,9
2026-08-01 02:15,TL0018,11
2026-08-01 02:15,TL0019,9
2026-08-01 02:20,TL0000,7
2026-08-01 02:20,TL0001,0
2026-08-01 02:20,TL0002,4
2026-08-01 02:20,TL0003,8
2026-08-01 02:20,TL0004,2
2026-08-01 02:20,TL0005,9
2026-08-01 02:20,TL0006,10
2026-08-01 02:20,TL0007,0
2026-08-01 02:20,TL0008,7
2026-08-01 02:20,TL0009,6
2026-08-01 02:20,TL0010,8
2026-08-01 02:20,TL0011,10
2026-08-01 02:20,TL0012,13
2026-08-01 02:20,TL0013,4
2026-08-01 02:20,TL0014,6
2026-08-01 02:20,TL0015,5
2026-08-01 02:20,TL0016,7
2026-08-01 02:20,TL0017,8
2026-08-01 02:20,TL0018,3
2026-08-01 02:20,TL0019,3
2026-08-01 02:25,TL0000,5
2026-08-01 02:25,TL0001,5
2026-08-01 02:25,TL0002,4
2026-08-01 02:25,TL0003,8
2026-08-01 02:25,TL0004,2
2026-08-01 02:25,TL0005,7
2026-08-01 02:25,TL0006,5
2026-08-01 02:25,TL0007,2
2026-08-01 02:25,TL0008,9
2026-08-01 02:25,TL0009,6
2026-08-01 02:25,TL0010,9
2026-08-01 02:25,TL0011,12
2026-08-01 02:25,TL0012,3
2026-08-01 02:25,TL0013,12
2026-08-01 02:25,TL0014,0
2026-08-01 02:25,TL0015,4
2026-08-01 02:25,TL0016,10
2026-08-01 02:25,TL0017,8
2026-08-01 02:25,TL0018,4
2026-08-01 02:25,TL0019,2
2026-08-01 02:30,TL0000,13
2026-08-01 02:30,TL0001,1
2026-08-01 02:30,TL0002,3
2026-08-01 02:30,TL0003,3
2026-08-01 02:30,TL0004,13
2026-08-01 02:30,TL0005,8
2026-08-01 02:30,TL0006,7
2026-08-01 02:30,TL0007,8
2026-08-01 02:30,TL0008,3
2026-08-01 02:30,TL0009,5
2026-08-01 02:30,TL0010,6
2026-08-01 02:30,TL0011,9
2026-08-01 02:30,TL0012,4
2026-08-01 02:30,TL0013,8
2026-08-01 02:30,TL0014,3
2026-08-01 02:30,TL0015,5
2026-08-01 02:30,TL0016,2
2026-08-01 02:30,TL0017,5
2026-08-01 02:30,TL0018,2
2026-08-01 02:30,TL0019,14
2026-08-01 02:35,TL0000,13
2026-08-01 02:35,TL0001,7
2026-08-01 02:35,TL0002,9
2026-08-01 02:35,TL0003,7
2026-08-01 02:35,TL0004,12
2026-08-01 02:35,TL0005,14
2026-08-01 02:35,TL0006,8
2026-08-01 02:35,TL0007,0
2026-08-01 02:35,TL0008,0
2026-08-01 02:35,TL0009,7
2026-08-01 02:35,TL0010,12
2026-08-01 02:35,TL0011,7
2026-08-01 02:35,TL0012,4
2026-08-01 02:35,TL0013,8
2026-08-01 02:35,TL0014,0
2026-08-01 02:35,TL0015,0
2026-08-01 02:35,TL0016,1
2026-08-01 02:35,TL0017,7
2026-08-01 02:35,TL0018,1
2026-08-01 02:35,TL0019,5
2026-08-01 02:40,TL0000,8
2026-08-01 02:40,TL0001,3
2026-08-01 02:40,TL0002,1
2026-08-01 02:40,TL0003,8
2026-08-01 02:40,TL0004,6
2026-08-01 02:40,TL0005,7
2026-08-01 02:40,TL0006,9
2026-08-01 02:40,TL0007,2
2026-08-01 02:40,TL0008,9
2026-08-01 02:40,TL0009,9
2026-08-01 02:40,TL0010,8
2026-08-01 02:40,TL0011,11
2026-08-01 02:40,TL0012,7
2026-08-01 02:40,TL0013,10
2026-08-01 02:40,TL0014,3
2026-08-01 02:40,TL0015,6
2026-08-01 02:40,TL0016,9
2026-08-01 02:40,TL0017,10
2026-08-01 02:40,TL0018,8
2026-08-01 02:40,TL0019,6
2026-08-01 02:45,TL0000,7
2026-08-01 02:45,TL0001,9
2026-08-01 02:45,TL0002,1
2026-08-01 02:45,TL0003,0
2026-08-01 02:45,TL0004,11
2026-08-01 02:45,TL0005,11
2026-08-01 02:45,TL0006,7
2026-08-01 02:45,TL0007,2
2026-08-01 02:45,TL0008,8
2026-08-01 02:45,TL0009,9
2026-08-01 02:45,TL0010,7
2026-08-01 02:45,TL0011,13
2026-08-01 02:45,TL0012,10
2026-08-01 02:45,TL0013,5
2026-08-01 02:45,TL0014,5
2026-08-01 02:45,TL0015,3
2026-08-01 02:45,TL0016,0
2026-08-01 02:45,TL0017,4
2026-08-01 02:45,TL0018,11
2026-08-01 02:45,TL0019,8
2026-08-01 02:50,TL0000,7
2026-08-01 02:50,TL0001,6
2026-08-01 02:50,TL0002,6
2026-08-01 02:50,TL0003,6
2026-08-01 02:50,TL0004,13
2026-08-01 02:50,TL0005,3
2026-08-01 02:50,TL0006,14
2026-08-01 02:50,TL0007,8
2026-08-01 02:50,TL0008,0
2026-08-01 02:50,TL0009,8
2026-08-01 02:50,TL0010,5
2026-08-01 02:50,TL0011,4
2026-08-01 02:50,TL0012,5
2026-08-01 02:50,TL0013,6
2026-08-01 02:50,TL0014,4
2026-08-01 02:50,TL0015,1
2026-08-01 02:50,TL0016,0
2026-08-01 02:50,TL0017,8
2026-08-01 02:50,TL0018,7
2026-08-01 02:50,TL0019,2
2026-08-01 02:55,TL0000,6
2026-08-01 02:55,TL0001,1
2026-08-01 02:55,TL0002,3
2026-08-01 02:55,TL0003,0
2026-08-01 02:55,TL0004,9
2026-08-01 02:55,TL0005,2
2026-08-01 02:55,TL0006,14
2026-08-01 02:55,TL0007,0
2026-08-01 02:55,TL0008,0
2026-08-01 02:55,TL0009,3
2026-08-01 02:55,TL0010,1
2026-08-01 02:55,TL0011,12
2026-08-01 02:55,TL0012,2
2026-08-01 02:55,TL0013,11
2026-08-01 02:55,TL0014,0
2026-08-01 02:55,TL0015,0
2026-08-01 02:55,TL0016,6
2026-08-01 02:55,TL0017,3
2026-08-01 02:55,TL0018,8
2026-08-01 02:55,TL0019,8
2026-08-01 03:00,TL0000,7
2026-08-01 03:00,TL0001,0
2026-08-01 03:00,TL0002,7
2026-08-01 03:00,TL0003,7
2026-08-01 03:00,TL0004,2
2026-08-01 03:00,TL0005,10
2026-08-01 03:00,TL0006,10
2026-08-01 03:00,TL0007,2
2026-08-01 03:00,TL0008,7
2026-08-01 03:00,TL0009,5
2026-08-01 03:00,TL0010,0
2026-08-01 03:00,TL0011,10
2026-08-01 03:00,TL0012,11
2026-08-01 03:00,TL0013,7
2026-08-01 03:00,TL0014,5
2026-08-01 03:00,TL0015,4
2026-08-01 03:00,TL0016,5
2026-08-01 03:00,TL0017,4
2026-08-01 03:00,TL0018,7
2026-08-01 03:00,TL0019,2
2026-08-01 03:05,TL0000,9
2026-08-01 03:05,TL0001,5
2026-08-01 03:05,TL0002,0
2026-08-01 03:05,TL0003,6
2026-08-01 03:05,TL0004,10
2026-08-01 03:05,TL0005,4
2026-08-01 03:05,TL0006,3
2026-08-01 03:05,TL0007,1
2026-08-01 03:05,TL0008,5
2026-08-01 03:05,TL0009,3
2026-08-01 03:05,TL0010,6
2026-08-01 03:05,TL0011,9
2026-08-01 03:05,TL0012,4
2026-08-01 03:05,TL0013,6
2026-08-01 03:05,TL0014,6
2026-08-01 03:05,TL0015,6
2026-08-01 03:05,TL0016,6
2026-08-01 03:05,TL0017,8
2026-08-01 03:05,TL0018,5
2026-08-01 03:05,TL0019,8
2026-08-01 03:10,TL0000,7
2026-08-01 03:10,TL0001,7
2026-08-01 03:10,TL0002,0
2026-08-01 03:10,TL0003,1
2026-08-01 03:10,TL0004,3
2026-08-01 03:10,TL0005,2
2026-08-01 03:10,TL0006,2
2026-08-01 03:10,TL0007,0
2026-08-01 03:10,TL0008,2
2026-08-01 03:10,TL0009,7
2026-08-01 03:10,TL0010,5
2026-08-01 03:10,TL0011,5
2026-08-01 03:10,TL0012,4
2026-08-01 03:10,TL0013,9
2026-08-01 03:10,TL0014,0
2026-08-01 03:10,TL0015,4
2026-08-01 03:10,TL0016,7
2026-08-01 03:10,TL0017,7
2026-08-01 03:10,TL0018,11
2026-08-01 03:10,TL0019,5
2026-08-01 03:15,TL0000,2
2026-08-01 03:15,TL0001,0
2026-08-01 03:15,TL0002,4
2026-08-01 03:15,TL0003,9
2026-08-01 03:15,TL0004,12
2026-08-01 03:15,TL0005,4
2026-08-01 03:15,TL0006,8
2026-08-01 03:15,TL0007,0
2026-08-01 03:15,TL0008,7
2026-08-01 03:15,TL0009,5
2026-08-01 03:15,TL0010,3
2026-08-01 03:15,TL0011,8
2026-08-01 03:15,TL0012,2
2026-08-01 03:15,TL0013,3
2026-08-01 03:15,TL0014,0
2026-08-01 03:15,TL0015,0
2026-08-01 03:15,TL0016,5
2026-08-01 03:15,TL0017,3
2026-08-01 03:15,TL0018,10
2026-08-01 03:15,TL0019,12
2026-08-01 03:20,TL0000,4
2026-08-01 03:20,TL0001,4
2026-08-01 03:20,TL0002,3
2026-08-01 03:20,TL0003,2
2026-08-01 03:20,TL0004,1
2026-08-01 03:20,TL0005,13
2026-08-01 03:20,TL0006,3
2026-08-01 03:20,TL0007,3
2026-08-01 03:20,TL0008,4
2026-08-01 03:20,TL0009,2
2026-08-01 03:20,TL0010,4
2026-08-01 03:20,TL0011,9
2026-08-01 03:20,TL0012,5
2026-08-01 03:20,TL0013,10
2026-08-01 03:20,TL0014,4
2026-08-01 03:20,TL0015,3
2026-08-01 03:20,TL0016,0
2026-08-01 03:20,TL0017,1
2026-08-01 03:20,TL0018,8
2026-08-01 03:20,TL0019,3
2026-08-01 03:25,TL0000,2
2026-08-01 03:25,TL0001,3
2026-08-01 03:25,TL0002,3
2026-08-01 03:25,TL0003,8
2026-08-01 03:25,TL0004,10
2026-08-01 03:25,TL0005,6
2026-08-01 03:25,TL0006,6
2026-08-01 03:25,TL0007,2
2026-08-01 03:25,TL0008,0
2026-08-01 03:25,TL0009,0
2026-08-01 03:25,TL0010,4
2026-08-01 03:25,TL0011,1
2026-08-01 03:25,TL0012,4
2026-08-01 03:25,TL0013,6
2026-08-01 03:25,TL0014,0
2026-08-01 03:25,TL0015,6
2026-08-01 03:25,TL0016,5
2026-08-01 03:25,TL0017,1
2026-08-01 03:25,TL0018,11
2026-08-01 03:25,TL0019,4
2026-08-01 03:30,TL0000,3
2026-08-01 03:30,TL0001,0
2026-08-01 03:30,TL0002,1
2026-08-01 03:30,TL0003,3
2026-08-01 03:30,TL0004,2
2026-08-01 03:30,TL0005,1
2026-08-01 03:30,TL0006,13
2026-08-01 03:30,TL0007,0
2026-08-01 03:30,TL0008,8
2026-08-01 03:30,TL0009,2
2026-08-01 03:30,TL0010,4
2026-08-01 03:30,TL0011,7
2026-08-01 03:30,TL0012,5
2026-08-01 03:30,TL0013,2
2026-08-01 03:30,TL0014,0
2026-08-01 03:30,TL0015,0
2026-08-01 03:30,TL0016,4
2026-08-01 03:30,TL0017,10
2026-08-01 03:30,TL0018,8
2026-08-01 03:30,TL0019,2
2026-08-01 03:35,TL0000,10
2026-08-01 03:35,TL0001,2
2026-08-01 03:35,TL0002,7
2026-08-01 03:35,TL0003,5
2026-08-01 03:35,TL0004,9
2026-08-01 03:35,TL0005,13
2026-08-01 03:35,TL0006,10
2026-08-01 03:35,TL0007,3
2026-08-01 03:35,TL0008,4
2026-08-01 03:35,TL0009,9
2026-08-01 03:35,TL0010,2
2026-08-01 03:35,TL0011,2
2026-08-01 03:35,TL0012,11
2026-08-01 03:35,TL0013,13
2026-08-01 03:35,TL0014,0
2026-08-01 03:35,TL0015,3
2026-08-01 03:35,TL0016,6
2026-08-01 03:35,TL0017,1
2026-08-01 03:35,TL0018,10
2026-08-01 03:35,TL0019,1
2026-08-01 03:40,TL0000,9
2026-08-01 03:40,TL0001,8
2026-08-01 03:40,TL0002,3
2026-08-01 03:40,TL0003,7
2026-08-01 03:40,TL0004,6
2026-08-01 03:40,TL0005,2
2026-08-01 03:40,TL0006,5
2026-08-01 03:40,TL0007,2
2026-08-01 03:40,TL0008,0
2026-08-01 03:40,TL0009,4
2026-08-01 03:40,TL0010,4
2026-08-01 03:40,TL0011,11
2026-08-01 03:40,TL0012,12
2026-08-01 03:40,TL0013,4
2026-08-01 03:40,TL0014,0
2026-08-01 03:40,TL0015,4
2026-08-01 03:40,TL0016,8
2026-08-01 03:40,TL0017,9
2026-08-01 03:40,TL0018,4
2026-08-01 03:40,TL0019,6
2026-08-01 03:45,TL0000,5
2026-08-01 03:45,TL0001,2
2026-08-01 03:45,TL0002,0
2026-08-01 03:45,TL0003,0
2026-08-01 03:45,TL0004,9
2026-08-01 03:45,TL0005,4
2026-08-01 03:45,TL0006,2
2026-08-01 03:45,TL0007,4
2026-08-01 03:45,TL0008,2
2026-08-01 03:45,TL0009,1
2026-08-01 03:45,TL0010,1
2026-08-01 03:45,TL0011,10
2026-08-01 03:45,TL0012,12
2026-08-01 03:45,TL0013,12
2026-08-01 03:45,TL0014,4
2026-08-01 03:45,TL0015,5
2026-08-01 03:45,TL0016,1
2026-08-01 03:45,TL0017,6
2026-08-01 03:45,TL0018,8
2026-08-01 03:45,TL0019,7
2026-08-01 03:50,TL0000,13
2026-08-01 03:50,TL0001,7
2026-08-01 03:50,TL0002,2
2026-08-01 03:50,TL0003,0
2026-08-01 03:50,TL0004,5
2026-08-01 03:50,TL0005,10
2026-08-01 03:50,TL0006,13
2026-08-01 03:50,TL0007,0
2026-08-01 03:50,TL0008,7
2026-08-01 03:50,TL0009,3
2026-08-01 03:50,TL0010,3
2026-08-01 03:50,TL0011,7
2026-08-01 03:50,TL0012,13
2026-08-01 03:50,TL0013,9
2026-08-01 03:50,TL0014,6
2026-08-01 03:50,TL0015,1
2026-08-01 03:50,TL0016,0
2026-08-01 03:50,TL0017,3
2026-08-01 03:50,TL0018,12
2026-08-01 03:50,TL0019,6
2026-08-01 03:55,TL0000,14
2026-08-01 03:55,TL0001,5
2026-08-01 03:55,TL0002,5
2026-08-01 03:55,TL0003,5
2026-08-01 03:55,TL0004,6
2026-08-01 03:55,TL0005,1
2026-08-01 03:55,TL0006,4
2026-08-01 03:55,TL0007,1
2026-08-01 03:55,TL0008,1
2026-08-01 03:55,TL0009,6
2026-08-01 03:55,TL0010,6
2026-08-01 03:55,TL0011,2
2026-08-01 03:55,TL0012,13
2026-08-01 03:55,TL0013,5
2026-08-01 03:55,TL0014,2
2026-08-01 03:55,TL0015,0
2026-08-01 03:55,TL0016,1
2026-08-01 03:55,TL0017,4
2026-08-01 03:55,TL0018,12
2026-08-01 03:55,TL0019,3
2026-08-01 04:00,TL0000,13
2026-08-01 04:00,TL0001,2
2026-08-01 04:00,TL0002,8
2026-08-01 04:00,TL0003,10
2026-08-01 04:00,TL0004,13
2026-08-01 04:00,TL0005,10
2026-08-01 04:00,TL0006,11
2026-08-01 04:00,TL0007,8
2026-08-01 04:00,TL0008,0
2026-08-01 04:00,TL0009,5
2026-08-01 04:00,TL0010,12
2026-08-01 04:00,TL0011,2
2026-08-01 04:00,TL0012,3
2026-08-01 04:00,TL0013,5
2026-08-01 04:00,TL0014,4
2026-08-01 04:00,TL0015,5
2026-08-01 04:00,TL0016,8
2026-08-01 04:00,TL0017,9
2026-08-01 04:00,TL0018,9
2026-08-01 04:00,TL0019,11
2026-08-01 04:05,TL0000,4
2026-08-01 04:05,TL0001,2
2026-08-01 04:05,TL0002,5
2026-08-01 04:05,TL0003,5
2026-08-01 04:05,TL0004,4
2026-08-01 04:05,TL0005,3
2026-08-01 04:05,TL0006,10
2026-08-01 04:05,TL0007,5
2026-08-01 04:05,TL0008,6
2026-08-01 04:05,TL0009,3
2026-08-01 04:05,TL0010,10
2026-08-01 04:05,TL0011,6
2026-08-01 04:05,TL0012,14
2026-08-01 04:05,TL0013,4
2026-08-01 04:05,TL0014,2
2026-08-01 04:05,TL0015,5
2026-08-01 04:05,TL0016,8
2026-08-01 04:05,TL0017,2
2026-08-01 04:05,TL0018,13
2026-08-01 04:05,TL0019,15
2026-08-01 04:10,TL0000,3
2026-08-01 04:10,TL0001,5
2026-08-01 04:10,TL0002,0
2026-08-01 04:10,TL0003,12
2026-08-01 04:10,TL0004,14
2026-08-01 04:10,TL0005,12
2026-08-01 04:10,TL0006,17
2026-08-01 04:10,TL0007,5
2026-08-01 04:10,TL0008,8
2026-08-01 04:10,TL0009,2
2026-08-01 04:10,TL0010,3
2026-08-01 04:10,TL0011,8
2026-08-01 04:10,TL0012,2
2026-08-01 04:10,TL0013,12
2026-08-01 04:10,TL0014,0
2026-08-01 04:10,TL0015,9
2026-08-01 04:10,TL0016,6
2026-08-01 04:10,TL0017,8
2026-08-01 04:10,TL0018,12
2026-08-01 04:10,TL0019,10
2026-08-01 04:15,TL0000,4
2026-08-01 04:15,TL0001,5
2026-08-01 04:15,TL0002,4
2026-08-01 04:15,TL0003,13
2026-08-01 04:15,TL0004,13
2026-08-01 04:15,TL0005,4
2026-08-01 04:15,TL0006,5
2026-08-01 04:15,TL0007,6
2026-08-01 04:15,TL0008,1
2026-08-01 04:15,TL0009,8
2026-08-01 04:15,TL0010,12
2026-08-01 04:15,TL0011,6
2026-08-01 04:15,TL0012,5
2026-08-01 04:15,TL0013,7
2026-08-01 04:15,TL0014,0
2026-08-01 04:15,TL0015,0
2026-08-01 04:15,TL0016,8
2026-08-01 04:15,TL0017,11
2026-08-01 04:15,TL0018,13
2026-08-01 04:15,TL0019,11
2026-08-01 04:20,TL0000,12
2026-08-01 04:20,TL0001,1
2026-08-01 04:20,TL0002,4
2026-08-01 04:20,TL0003,5
2026-08-01 04:20,TL0004,5
2026-08-01 04:20,TL0005,13
2026-08-01 04:20,TL0006,4
2026-08-01 04:20,TL0007,4
2026-08-01 04:20,TL0008,2
2026-08-01 04:20,TL0009,4
2026-08-01 04:20,TL0010,8
2026-08-01 04:20,TL0011,2
2026-08-01 04:20,TL0012,9
2026-08-01 04:20,TL0013,11
2026-08-01 04:20,TL0014,4
2026-08-01 04:20,TL0015,2
2026-08-01 04:20,TL0016,1
2026-08-01 04:20,TL0017,11
2026-08-01 04:20,TL0018,9
2026-08-01 04:20,TL0019,6
2026-08-01 04:25,TL0000,8
2026-08-01 04:25,TL0001,3
2026-08-01 04:25,TL0002,6
2026-08-01 04:25,TL0003,9
2026-08-01 04:25,TL0004,6
2026-08-01 04:25,TL0005,12
2026-08-01 04:25,TL0006,14
2026-08-01 04:25,TL0007,0
2026-08-01 04:25,TL0008,4
2026-08-01 04:25,TL0009,4
2026-08-01 04:25,TL0010,8
2026-08-01 04:25,TL0011,3
2026-08-01 04:25,TL0012,9
2026-08-01 04:25,TL0013,6
2026-08-01 04:25,TL0014,0
2026-08-01 04:25,TL0015,4
2026-08-01 04:25,TL0016,1
2026-08-01 04:25,TL0017,9
2026-08-01 04:25,TL0018,10
2026-08-01 04:25,TL0019,12
2026-08-01 04:30,TL0000,6
2026-08-01 04:30,TL0001,0
2026-08-01 04:30,TL0002,10
2026-08-01 04:30,TL0003,11
2026-08-01 04:30,TL0004,6
2026-08-01 04:30,TL0005,13
2026-08-01 04:30,TL0006,17
2026-08-01 04:30,TL0007,8
2026-08-01 04:30,TL0008,6
2026-08-01 04:30,TL0009,3
2026-08-01 04:30,TL0010,13
2026-08-01 04:30,TL0011,9
2026-08-01 04:30,TL0012,8
2026-08-01 04:30,TL0013,4
2026-08-01 04:30,TL0014,0
2026-08-01 04:30,TL0015,2
2026-08-01 04:30,TL0016,8
2026-08-01 04:30,TL0017,13
2026-08-01 04:30,TL0018,7
2026-08-01 04:30,TL0019,8
2026-08-01 04:35,TL0000,6
2026-08-01 04:35,TL0001,1
2026-08-01 04:35,TL0002,0
2026-08-01 04:35,TL0003,6
2026-08-01 04:35,TL0004,3
2026-08-01 04:35,TL0005,14
2026-08-01 04:35,TL0006,17
2026-08-01 04:35,TL0007,0
2026-08-01 04:35,TL0008,6
2026-08-01 04:35,TL0009,5
2026-08-01 04:35,TL0010,8
2026-08-01 04:35,TL0011,14
2026-08-01 04:35,TL0012,3
2026-08-01 04:35,TL0013,3
2026-08-01 04:35,TL0014,0
2026-08-01 04:35,TL0015,5
2026-08-01 04:35,TL0016,0
2026-08-01 04:35,TL0017,13
2026-08-01 04:35,TL0018,10
2026-08-01 04:35,TL0019,12
2026-08-01 04:40,TL0000,6
2026-08-01 04:40,TL0001,6
2026-08-01 04:40,TL0002,12
2026-08-01 04:40,TL0003,2
2026-08-01 04:40,TL0004,14
2026-08-01 04:40,TL0005,15
2026-08-01 04:40,TL0006,12
2026-08-01 04:40,TL0007,3
2026-08-01 04:40,TL0008,0
2026-08-01 04:40,TL0009,6
2026-08-01 04:40,TL0010,12
2026-08-01 04:40,TL0011,8
2026-08-01 04:40,TL0012,13
2026-08-01 04:40,TL0013,6
2026-08-01 04:40,TL0014,0
2026-08-01 04:40,TL0015,9
2026-08-01 04:40,TL0016,5
2026-08-01 04:40,TL0017,11
2026-08-01 04:40,TL0018,13
2026-08-01 04:40,TL0019,9
2026-08-01 04:45,TL0000,9
2026-08-01 04:45,TL0001,5
2026-08-01 04:45,TL0002,2
2026-08-01 04:45,TL0003,1
2026-08-01 04:45,TL0004,3
2026-08-01 04:45,TL0005,5
2026-08-01 04:45,TL0006,3
2026-08-01 04:45,TL0007,0
2026-08-01 04:45,TL0008,9
2026-08-01 04:45,TL0009,1
2026-08-01 04:45,TL0010,12
2026-08-01 04:45,TL0011,14
2026-08-01 04:45,TL0012,7
2026-08-01 04:45,TL0013,9
2026-08-01 04:45,TL0014,0
2026-08-01 04:45,TL0015,8
2026-08-01 04:45,TL0016,4
2026-08-01 04:45,TL0017,8
2026-08-01 04:45,TL0018,9
2026-08-01 04:45,TL0019,14
2026-08-01 04:50,TL0000,9
2026-08-01 04:50,TL0001,0
2026-08-01 04:50,TL0002,5
2026-08-01 04:50,TL0003,7
2026-08-01 04:50,TL0004,10
2026-08-01 04:50,TL0005,8
2026-08-01 04:50,TL0006,6
2026-08-01 04:50,TL0007,7
2026-08-01 04:50,TL0008,9
2026-08-01 04:50,TL0009,1
2026-08-01 04:50,TL0010,9
2026-08-01 04:50,TL0011,11
2026-08-01 04:50,TL0012,7
2026-08-01 04:50,TL0013,7
2026-08-01 04:50,TL0014,4
2026-08-01 04:50,TL0015,3
2026-08-01 04:50,TL0016,9
2026-08-01 04:50,TL0017,10
2026-08-01 04:50,TL0018,5
2026-08-01 04:50,TL0019,6
2026-08-01 04:55,TL0000,13
2026-08-01 04:55,TL0001,8
2026-08-01 04:55,TL0002,5
2026-08-01 04:55,TL0003,5
2026-08-01 04:55,TL0004,5
2026-08-01 04:55,TL0005,5
2026-08-01 04:55,TL0006,14
2026-08-01 04:55,TL0007,5
2026-08-01 04:55,TL0008,6
2026-08-01 04:55,TL0009,11
2026-08-01 04:55,TL0010,4
2026-08-01 04:55,TL0011,2
2026-08-01 04:55,TL0012,10
2026-08-01 04:55,TL0013,5
2026-08-01 04:55,TL0014,7
2026-08-01 04:55,TL0015,7
2026-08-01 04:55,TL0016,9
2026-08-01 04:55,TL0017,13
2026-08-01 04:55,TL0018,14
2026-08-01 04:55,TL0019,3
2026-08-01 05:00,TL0000,11
2026-08-01 05:00,TL0001,14
2026-08-01 05:00,TL0002,9
2026-08-01 05:00,TL0003,6
2026-08-01 05:00,TL0004,15
2026-08-01 05:00,TL0005,10
2026-08-01 05:00,TL0006,18
2026-08-01 05:00,TL0007,4
2026-08-01 05:00,TL0008,13
2026-08-01 05:00,TL0009,7
2026-08-01 05:00,TL0010,11
2026-08-01 05:00,TL0011,13
2026-08-01 05:00,TL0012,8
2026-08-01 05:00,TL0013,22
2026-08-01 05:00,TL0014,1
2026-08-01 05:00,TL0015,10
2026-08-01 05:00,TL0016,3
2026-08-01 05:00,TL0017,10
2026-08-01 05:00,TL0018,19
2026-08-01 05:00,TL0019,22
2026-08-01 05:05,TL0000,10
2026-08-01 05:05,TL0001,10
2026-08-01 05:05,TL0002,3
2026-08-01 05:05,TL0003,16
2026-08-01 05:05,TL0004,18
2026-08-01 05:05,TL0005,14
2026-08-01 05:05,TL0006,15
2026-08-01 05:05,TL0007,11
2026-08-01 05:05,TL0008,3
2026-08-01 05:05,TL0009,12
2026-08-01 05:05,TL0010,16
2026-08-01 05:05,TL0011,20
2026-08-01 05:05,TL0012,18
2026-08-01 05:05,TL0013,25
2026-08-01 05:05,TL0014,5
2026-08-01 05:05,TL0015,4
2026-08-01 05:05,TL0016,12
2026-08-01 05:05,TL0017,11
2026-08-01 05:05,TL0018,11
2026-08-01 05:05,TL0019,18
2026-08-01 05:10,TL0000,19
2026-08-01 05:10,TL0001,2
2026-08-01 05:10,TL0002,11
2026-08-01 05:10,TL0003,20
2026-08-01 05:10,TL0004,11
2026-08-01 05:10,TL0005,8
2026-08-01 05:10,TL0006,16
2026-08-01 05:10,TL0007,0
2026-08-01 05:10,TL0008,3
2026-08-01 05:10,TL0009,10
2026-08-01 05:10,TL0010,19
2026-08-01 05:10,TL0011,7
2026-08-01 05:10,TL0012,19
2026-08-01 05:10,TL0013,10
2026-08-01 05:10,TL0014,8
2026-08-01 05:10,TL0015,7
2026-08-01 05:10,TL0016,16
2026-08-01 05:10,TL0017,7
2026-08-01 05:10,TL0018,12
2026-08-01 05:10,TL0019,16
2026-08-01 05:15,TL0000,25
2026-08-01 05:15,TL0001,9
2026-08-01 05:15,TL0002,17
2026-08-01 05:15,TL0003,19
2026-08-01 05:15,TL0004,14
2026-08-01 05:15,TL0005,11
2026-08-01 05:15,TL0006,8
2026-08-01 05:15,TL0007,8
2026-08-01 05:15,TL0008,13
2026-08-01 05:15,TL0009,5
2026-08-01 05:15,TL0010,7
2026-08-01 05:15,TL0011,6
2026-08-01 05:15,TL0012,23
2026-08-01 05:15,TL0013,20
2026-08-01 05:15,TL0014,2
2026-08-01 05:15,TL0015,4
2026-08-01 05:15,TL0016,15
2026-08-01 05:15,TL0017,7
2026-08-01 05:15,TL0018,20
2026-08-01 05:15,TL0019,14
2026-08-01 05:20,TL0000,19
2026-08-01 05:20,TL0001,11
2026-08-01 05:20,TL0002,10
2026-08-01 05:20,TL0003,9
2026-08-01 05:20,TL0004,20
2026-08-01 05:20,TL0005,25
2026-08-01 05:20,TL0006,11
2026-08-01 05:20,TL0007,12
2026-08-01 05:20,TL0008,6
2026-08-01 05:20,TL0009,4
2026-08-01 05:20,TL0010,17
2026-08-01 05:20,TL0011,19
2026-08-01 05:20,TL0012,11
2026-08-01 05:20,TL0013,22
2026-08-01 05:20,TL0014,5
2026-08-01 05:20,TL0015,10
2026-08-01 05:20,TL0016,15
2026-08-01 05:20,TL0017,16
2026-08-01 05:20,TL0018,6
2026-08-01 05:20,TL0019,20
2026-08-01 05:25,TL0000,16
2026-08-01 05:25,TL0001,4
2026-08-01 05:25,TL0002,10
2026-08-01 05:25,TL0003,8
2026-08-01 05:25,TL0004,12
2026-08-01 05:25,TL0005,23
2026-08-01 05:25,TL0006,19
2026-08-01 05:25,TL0007,6
2026-08-01 05:25,TL0008,11
2026-08-01 05:25,TL0009,11
2026-08-01 05:25,TL0010,5
2026-08-01 05:25,TL0011,19
2026-08-01 05:25,TL0012,24
2026-08-01 05:25,TL0013,10
2026-08-01 05:25,TL0014,9
2026-08-01 05:25,TL0015,14
2026-08-01 05:25,TL0016,4
2026-08-01 05:25,TL0017,14
2026-08-01 05:25,TL0018,19
2026-08-01 05:25,TL0019,13
2026-08-01 05:30,TL0000,17
2026-08-01 05:30,TL0001,11
2026-08-01 05:30,TL0002,3
2026-08-01 05:30,TL0003,19
2026-08-01 05:30,TL0004,22
2026-08-01 05:30,TL0005,9
2026-08-01 05:30,TL0006,20
2026-08-01 05:30,TL0007,0
2026-08-01 05:30,TL0008,13
2026-08-01 05:30,TL0009,11
2026-08-01 05:30,TL0010,14
2026-08-01 05:30,TL0011,9
2026-08-01 05:30,TL0012,22
2026-08-01 05:30,TL0013,17
2026-08-01 05:30,TL0014,11
2026-08-01 05:30,TL0015,7
2026-08-01 05:30,TL0016,11
2026-08-01 05:30,TL0017,13
2026-08-01 05:30,TL0018,7
2026-08-01 05:30,TL0019,23
2026-08-01 05:35,TL0000,13
2026-08-01 05:35,TL0001,13
2026-08-01 05:35,TL0002,12
2026-08-01 05:35,TL0003,14
2026-08-01 05:35,TL0004,8
2026-08-01 05:35,TL0005,17
2026-08-01 05:35,TL0006,17
2026-08-01 05:35,TL0007,3
2026-08-01 05:35,TL0008,2
2026-08-01 05:35,TL0009,12
2026-08-01 05:35,TL0010,19
2026-08-01 05:35,TL0011,22
2026-08-01 05:35,TL0012,20
2026-08-01 05:35,TL0013,14
2026-08-01 05:35,TL0014,8
2026-08-01 05:35,TL0015,6
2026-08-01 05:35,TL0016,5
2026-08-01 05:35,TL0017,16
2026-08-01 05:35,TL0018,19
2026-08-01 05:35,TL0019,10
2026-08-01 05:40,TL0000,23
2026-08-01 05:40,TL0001,5
2026-08-01 05:40,TL0002,5
2026-08-01 05:40,TL0003,11
2026-08-01 05:40,TL0004,9
2026-08-01 05:40,TL0005,23
2026-08-01 05:40,TL0006,27
2026-08-01 05:40,TL0007,2
2026-08-01 05:40,TL0008,6
2026-08-01 05:40,TL0009,15
2026-08-01 05:40,TL0010,13
2026-08-01 05:40,TL0011,19
2026-08-01 05:40,TL0012,18
2026-08-01 05:40,TL0013,15
2026-08-01 05:40,TL0014,5
2026-08-01 05:40,TL0015,10
2026-08-01 05:40,TL0016,10
2026-08-01 05:40,TL0017,13
2026-08-01 05:40,TL0018,20
2026-08-01 05:40,TL0019,18
2026-08-01 05:45,TL0000,18
2026-08-01 05:45,TL0001,5
2026-08-01 05:45,TL0002,4
2026-08-01 05:45,TL0003,7
2026-08-01 05:45,TL0004,21
2026-08-01 05:45,TL0005,15
2026-08-01 05:45,TL0006,18
2026-08-01 05:45,TL0007,12
2026-08-01 05:45,TL0008,6
2026-08-01 05:45,TL0009,16
2026-08-01 05:45,TL0010,4
2026-08-01 05:45,TL0011,14
2026-08-01 05:45,TL0012,12
2026-08-01 05:45,TL0013,16
2026-08-01 05:45,TL0014,7
2026-08-01 05:45,TL0015,10
2026-08-01 05:45,TL0016,3
2026-08-01 05:45,TL0017,10
2026-08-01 05:45,TL0018,22
2026-08-01 05:45,TL0019,17
2026-08-01 05:50,TL0000,12
2026-08-01 05:50,TL0001,5
2026-08-01 05:50,TL0002,7
2026-08-01 05:50,TL0003,20
2026-08-01 05:50,TL0004,13
2026-08-01 05:50,TL0005,24
2026-08-01 05:50,TL0006,13
2026-08-01 05:50,TL0007,12
2026-08-01 05:50,TL0008,12
2026-08-01 05:50,TL0009,16
2026-08-01 05:50,TL0010,15
2026-08-01 05:50,TL0011,12
2026-08-01 05:50,TL0012,11
2026-08-01 05:50,TL0013,19
2026-08-01 05:50,TL0014,3
2026-08-01 05:50,TL0015,9
2026-08-01 05:50,TL0016,4
2026-08-01 05:50,TL0017,11
2026-08-01 05:50,TL0018,17
2026-08-01 05:50,TL0019,16
2026-08-01 05:55,TL0000,13
2026-08-01 05:55,TL0001,10
2026-08-01 05:55,TL0002,8
2026-08-01 05:55,TL0003,15
2026-08-01 05:55,TL0004,18
2026-08-01 05:55,TL0005,13
2026-08-01 05:55,TL0006,27
2026-08-01 05:55,TL0007,5
2026-08-01 05:55,TL0008,10
2026-08-01 05:55,TL0009,3
2026-08-01 05:55,TL0010,7
2026-08-01 05:55,TL0011,10
2026-08-01 05:55,TL0012,18
2026-08-01 05:55,TL0013,17
2026-08-01 05:55,TL0014,1
2026-08-01 05:55,TL0015,14
2026-08-01 05:55,TL0016,15
2026-08-01 05:55,TL0017,4
2026-08-01 05:55,TL0018,21
2026-08-01 05:55,TL0019,23
2026-08-01 06:00,TL0000,28
2026-08-01 06:00,TL0001,7
2026-08-01 06:00,TL0002,20
2026-08-01 06:00,TL0003,18
2026-08-01 06:00,TL0004,23
2026-08-01 06:00,TL0005,18
2026-08-01 06:00,TL0006,42
2026-08-01 06:00,TL0007,16
2026-08-01 06:00,TL0008,12
2026-08-01 06:00,TL0009,28
2026-08-01 06:00,TL0010,26
2026-08-01 06:00,TL0011,26
2026-08-01 06:00,TL0012,39
2026-08-01 06:00,TL0013,20
2026-08-01 06:00,TL0014,12
2026-08-01 06:00,TL0015,20
2026-08-01 06:00,TL0016,17
2026-08-01 06:00,TL0017,14
2026-08-01 06:00,TL0018,17
2026-08-01 06:00,TL0019,21
2026-08-01 06:05,TL0000,43
2026-08-01 06:05,TL0001,15
2026-08-01 06:05,TL0002,11
2026-08-01 06:05,TL0003,29
2026-08-01 06:05,TL0004,27
2026-08-01 06:05,TL0005,18
2026-08-01 06:05,TL0006,27
2026-08-01 06:05,TL0007,12
2026-08-01 06:05,TL0008,17
2026-08-01 06:05,TL0009,22
2026-08-01 06:05,TL0010,22
2026-08-01 06:05,TL0011,13
2026-08-01 06:05,TL0012,18
2026-08-01 06:05,TL0013,43
2026-08-01 06:05,TL0014,16
2026-08-01 06:05,TL0015,22
2026-08-01 06:05,TL0016,28
2026-08-01 06:05,TL0017,19
2026-08-01 06:05,TL0018,35
2026-08-01 06:05,TL0019,24
2026-08-01 06:10,TL0000,31
2026-08-01 06:10,TL0001,12
2026-08-01 06:10,TL0002,21
2026-08-01 06:10,TL0003,27
2026-08-01 06:10,TL0004,21
2026-08-01 06:10,TL0005,40
2026-08-01 06:10,TL0006,35
2026-08-01 06:10,TL0007,8
2026-08-01 06:10,TL0008,20
2026-08-01 06:10,TL0009,18
2026-08-01 06:10,TL0010,11
2026-08-01 06:10,TL0011,37
2026-08-01 06:10,TL0012,26
2026-08-01 06:10,TL0013,19
2026-08-01 06:10,TL0014,6
2026-08-01 06:10,TL0015,21
2026-08-01 06:10,TL0016,8
2026-08-01 06:10,TL0017,12
2026-08-01 06:10,TL0018,19
2026-08-01 06:10,TL0019,16
2026-08-01 06:15,TL0000,38
2026-08-01 06:15,TL0001,13
2026-08-01 06:15,TL0002,20
2026-08-01 06:15,TL0003,19
2026-08-01 06:15,TL0004,30
2026-08-01 06:15,TL0005,39
2026-08-01 06:15,TL0006,28
2026-08-01 06:15,TL0007,9
2026-08-01 06:15,TL0008,18
2026-08-01 06:15,TL0009,27
2026-08-01 06:15,TL0010,28
2026-08-01 06:15,TL0011,14
2026-08-01 06:15,TL0012,32
2026-08-01 06:15,TL0013,38
2026-08-01 06:15,TL0014,10
2026-08-01 06:15,TL0015,6
2026-08-01 06:15,TL0016,27
2026-08-01 06:15,TL0017,16
2026-08-01 06:15,TL0018,27
2026-08-01 06:15,TL0019,38
2026-08-01 06:20,TL0000,39
2026-08-01 06:20,TL0001,6
2026-08-01 06:20,TL0002,20
2026-08-01 06:20,TL0003,20
2026-08-01 06:20,TL0004,25
2026-08-01 06:20,TL0005,31
2026-08-01 06:20,TL0006,18
2026-08-01 06:20,TL0007,16
2026-08-01 06:20,TL0008,10
2026-08-01 06:20,TL0009,28
2026-08-01 06:20,TL0010,15
2026-08-01 06:20,TL0011,28
2026-08-01 06:20,TL0012,25
2026-08-01 06:20,TL0013,29
2026-08-01 06:20,TL0014,17
2026-08-01 06:20,TL0015,7
2026-08-01 06:20,TL0016,27
2026-08-01 06:20,TL0017,26
2026-08-01 06:20,TL0018,33
2026-08-01 06:20,TL0019,20
2026-08-01 06:25,TL0000,19
2026-08-01 06:25,TL0001,7
2026-08-01 06:25,TL0002,20
2026-08-01 06:25,TL0003,20
2026-08-01 06:25,TL0004,33
2026-08-01 06:25,TL0005,35
2026-08-01 06:25,TL0006,23
2026-08-01 06:25,TL0007,13
2026-08-01 06:25,TL0008,20
2026-08-01 06:25,TL0009,24
2026-08-01 06:25,TL0010,16
2026-08-01 06:25,TL0011,36
2026-08-01 06:25,TL0012,36
2026-08-01 06:25,TL0013,37
2026-08-01 06:25,TL0014,17
2026-08-01 06:25,TL0015,7
2026-08-01 06:25,TL0016,24
2026-08-01 06:25,TL0017,13
2026-08-01 06:25,TL0018,14
2026-08-01 06:25,TL0019,29
2026-08-01 06:30,TL0000,46
2026-08-01 06:30,TL0001,17
2026-08-01 06:30,TL0002,21
2026-08-01 06:30,TL0003,27
2026-08-01 06:30,TL0004,23
2026-08-01 06:30,TL0005,19
2026-08-01 06:30,TL0006,27
2026-08-01 06:30,TL0007,17
2026-08-01 06:30,TL0008,15
2026-08-01 06:30,TL0009,21
2026-08-01 06:30,TL0010,30
2026-08-01 06:30,TL0011,13
2026-08-01 06:30,TL0012,31
2026-08-01 06:30,TL0013,44
2026-08-01 06:30,TL0014,13
2026-08-01 06:30,TL0015,14
2026-08-01 06:30,TL0016,15
2026-08-01 06:30,TL0017,12
2026-08-01 06:30,TL0018,23
2026-08-01 06:30,TL0019,31
2026-08-01 06:35,TL0000,44
2026-08-01 06:35,TL0001,12
2026-08-01 06:35,TL0002,26
2026-08-01 06:35,TL0003,25
2026-08-01 06:35,TL0004,17
2026-08-01 06:35,TL0005,33
2026-08-01 06:35,TL0006,37
2026-08-01 06:35,TL0007,7
2026-08-01 06:35,TL0008,9
2026-08-01 06:35,TL0009,27
2026-08-01 06:35,TL0010,29
2026-08-01 06:35,TL0011,30
2026-08-01 06:35,TL0012,36
2026-08-01 06:35,TL0013,36
2026-08-01 06:35,TL0014,7
2026-08-01 06:35,TL0015,20
2026-08-01 06:35,TL0016,22
2026-08-01 06:35,TL0017,19
2026-08-01 06:35,TL0018,33
2026-08-01 06:35,TL0019,20
2026-08-01 06:40,TL0000,21
2026-08-01 06:40,TL0001,22
2026-08-01 06:40,TL0002,28
2026-08-01 06:40,TL0003,10
2026-08-01 06:40,TL0004,27
2026-08-01 06:40,TL0005,24
2026-08-01 06:40,TL0006,24
2026-08-01 06:40,TL0007,15
2026-08-01 06:40,TL0008,9
2026-08-01 06:40,TL0009,22
2026-08-01 06:40,TL0010,20
2026-08-01 06:40,TL0011,16
2026-08-01 06:40,TL0012,15
2026-08-01 06:40,TL0013,29
2026-08-01 06:40,TL0014,6
2026-08-01 06:40,TL0015,6
2026-08-01 06:40,TL0016,23
2026-08-01 06:40,TL0017,23
2026-08-01 06:40,TL0018,35
2026-08-01 06:40,TL0019,37
2026-08-01 06:45,TL0000,30
2026-08-01 06:45,TL0001,14
2026-08-01 06:45,TL0002,20
2026-08-01 06:45,TL0003,11
2026-08-01 06:45,TL0004,28
2026-08-01 06:45,TL0005,29
2026-08-01 06:45,TL0006,23
2026-08-01 06:45,TL0007,3
2026-08-01 06:45,TL0008,12
2026-08-01 06:45,TL0009,12
2026-08-01 06:45,TL0010,18
2026-08-01 06:45,TL0011,31
2026-08-01 06:45,TL0012,40
2026-08-01 06:45,TL0013,24
2026-08-01 06:45,TL0014,14
2026-08-01 06:45,TL0015,6
2026-08-01 06:45,TL0016,15
2026-08-01 06:45,TL0017,29
2026-08-01 06:45,TL0018,36
2026-08-01 06:45,TL0019,30
2026-08-01 06:50,TL0000,28
2026-08-01 06:50,TL0001,20
2026-08-01 06:50,TL0002,25
2026-08-01 06:50,TL0003,22
2026-08-01 06:50,TL0004,31
2026-08-01 06:50,TL0005,26
2026-08-01 06:50,TL0006,32
2026-08-01 06:50,TL0007,3
2026-08-01 06:50,TL0008,17
2026-08-01 06:50,TL0009,11
2026-08-01 06:50,TL0010,10
2026-08-01 06:50,TL0011,31
2026-08-01 06:50,TL0012,30
2026-08-01 06:50,TL0013,34
2026-08-01 06:50,TL0014,15
2026-08-01 06:50,TL0015,16
2026-08-01 06:50,TL0016,9
2026-08-01 06:50,TL0017,18
2026-08-01 06:50,TL0018,31
2026-08-01 06:50,TL0019,39
2026-08-01 06:55,TL0000,23
2026-08-01 06:55,TL0001,11
2026-08-01 06:55,TL0002,17
2026-08-01 06:55,TL0003,13
2026-08-01 06:55,TL0004,34
2026-08-01 06:55,TL0005,27
2026-08-01 06:55,TL0006,22
2026-08-01 06:55,TL0007,16
2026-08-01 06:55,TL0008,17
2026-08-01 06:55,TL0009,13
2026-08-01 06:55,TL0010,20
2026-08-01 06:55,TL0011,20
2026-08-01 06:55,TL0012,37
2026-08-01 06:55,TL0013,40
2026-08-01 06:55,TL0014,5
2026-08-01 06:55,TL0015,10
2026-08-01 06:55,TL0016,27
2026-08-01 06:55,TL0017,20
2026-08-01 06:55,TL0018,32
2026-08-01 06:55,TL0019,25
2026-08-01 07:00,TL0000,31
2026-08-01 07:00,TL0001,14
2026-08-01 07:00,TL0002,15
2026-08-01 07:00,TL0003,40
2026-08-01 07:00,TL0004,47
2026-08-01 07:00,TL0005,52
2026-08-01 07:00,TL0006,56
2026-08-01 07:00,TL0007,22
2026-08-01 07:00,TL0008,30
2026-08-01 07:00,TL0009,31
2026-08-01 07:00,TL0010,45
2026-08-01 07:00,TL0011,31
2026-08-01 07:00,TL0012,59
2026-08-01 07:00,TL0013,32
2026-08-01 07:00,TL0014,14
2026-08-01 07:00,TL0015,13
2026-08-01 07:00,TL0016,19
2026-08-01 07:00,TL0017,34
2026-08-01 07:00,TL0018,43
2026-08-01 07:00,TL0019,51
2026-08-01 07:05,TL0000,59
2026-08-01 07:05,TL0001,15
2026-08-01 07:05,TL0002,32
2026-08-01 07:05,TL0003,24
2026-08-01 07:05,TL0004,23
2026-08-01 07:05,TL0005,36
2026-08-01 07:05,TL0006,56
2026-08-01 07:05,TL0007,17
2026-08-01 07:05,TL0008,22
2026-08-01 07:05,TL0009,14
2026-08-01 07:05,TL0010,26
2026-08-01 07:05,TL0011,32
2026-08-01 07:05,TL0012,49
2026-08-01 07:05,TL0013,52
2026-08-01 07:05,TL0014,16
2026-08-01 07:05,TL0015,15
2026-08-01 07:05,TL0016,14
2026-08-01 07:05,TL0017,21
2026-08-01 07:05,TL0018,34
2026-08-01 07:05,TL0019,49
2026-08-01 07:10,TL0000,66
2026-08-01 07:10,TL0001,25
2026-08-01 07:10,TL0002,25
2026-08-01 07:10,TL0003,42
2026-08-01 07:10,TL0004,35
2026-08-01 07:10,TL0005,34
2026-08-01 07:10,TL0006,30
2026-08-01 07:10,TL0007,9
2026-08-01 07:10,TL0008,20
2026-08-01 07:10,TL0009,29
2026-08-01 07:10,TL0010,39
2026-08-01 07:10,TL0011,28
2026-08-01 07:10,TL0012,44
2026-08-01 07:10,TL0013,55
2026-08-01 07:10,TL0014,7
2026-08-01 07:10,TL0015,26
2026-08-01 07:10,TL0016,34
2026-08-01 07:10,TL0017,38
2026-08-01 07:10,TL0018,32
2026-08-01 07:10,TL0019,50
2026-08-01 07:15,TL0000,43
2026-08-01 07:15,TL0001,25
2026-08-01 07:15,TL0002,27
2026-08-01 07:15,TL0003,37
2026-08-01 07:15,TL0004,37
2026-08-01 07:15,TL0005,47
2026-08-01 07:15,TL0006,64
2026-08-01 07:15,TL0007,11
2026-08-01 07:15,TL0008,10
2026-08-01 07:15,TL0009,35
2026-08-01 07:15,TL0010,44
2026-08-01 07:15,TL0011,24
2026-08-01 07:15,TL0012,28
2026-08-01 07:15,TL0013,61
2026-08-01 07:15,TL0014,14
2026-08-01 07:15,TL0015,27
2026-08-01 07:15,TL0016,20
2026-08-01 07:15,TL0017,30
2026-08-01 07:15,TL0018,53
2026-08-01 07:15,TL0019,25
2026-08-01 07:20,TL0000,36
2026-08-01 07:20,TL0001,31
2026-08-01 07:20,TL0002,14
2026-08-01 07:20,TL0003,39
2026-08-01 07:20,TL0004,47
2026-08-01 07:20,TL0005,58
2026-08-01 07:20,TL0006,63
2026-08-01 07:20,TL0007,11
2026-08-01 07:20,TL0008,32
2026-08-01 07:20,TL0009,28
2026-08-01 07:20,TL0010,21
2026-08-01 07:20,TL0011,51
2026-08-01 07:20,TL0012,41
2026-08-01 07:20,TL0013,59
2026-08-01 07:20,TL0014,17
2026-08-01 07:20,TL0015,26
2026-08-01 07:20,TL0016,34
2026-08-01 07:20,TL0017,34
2026-08-01 07:20,TL0018,39
2026-08-01 07:20,TL0019,52
2026-08-01 07:25,TL0000,66
2026-08-01 07:25,TL0001,20
2026-08-01 07:25,TL0002,32
2026-08-01 07:25,TL0003,25
2026-08-01 07:25,TL0004,22
2026-08-01 07:25,TL0005,30
2026-08-01 07:25,TL0006,42
2026-08-01 07:25,TL0007,23
2026-08-01 07:25,TL0008,12
2026-08-01 07:25,TL0009,27
2026-08-01 07:25,TL0010,42
2026-08-01 07:25,TL0011,29
2026-08-01 07:25,TL0012,29
2026-08-01 07:25,TL0013,37
2026-08-01 07:25,TL0014,7
2026-08-01 07:25,TL0015,27
2026-08-01 07:25,TL0016,40
2026-08-01 07:25,TL0017,36
2026-08-01 07:25,TL0018,38
2026-08-01 07:25,TL0019,48
2026-08-01 07:30,TL0000,62
2026-08-01 07:30,TL0001,13
2026-08-01 07:30,TL0002,25
2026-08-01 07:30,TL0003,39
2026-08-01 07:30,TL0004,38
2026-08-01 07:30,TL0005,51
2026-08-01 07:30,TL0006,56
2026-08-01 07:30,TL0007,25
2026-08-01 07:30,TL0008,20
2026-08-01 07:30,TL0009,20
2026-08-01 07:30,TL0010,42
2026-08-01 07:30,TL0011,27
2026-08-01 07:30,TL0012,43
2026-08-01 07:30,TL0013,39
2026-08-01 07:30,TL0014,16
2026-08-01 07:30,TL0015,32
2026-08-01 07:30,TL0016,15
2026-08-01 07:30,TL0017,40
2026-08-01 07:30,TL0018,23
2026-08-01 07:30,TL0019,37
2026-08-01 07:35,TL0000,34
2026-08-01 07:35,TL0001,32
2026-08-01 07:35,TL0002,40
2026-08-01 07:35,TL0003,46
2026-08-01 07:35,TL0004,49
2026-08-01 07:35,TL0005,42
2026-08-01 07:35,TL0006,67
2026-08-01 07:35,TL0007,23
2026-08-01 07:35,TL0008,31
2026-08-01 07:35,TL0009,39
2026-08-01 07:35,TL0010,42
2026-08-01 07:35,TL0011,25
2026-08-01 07:35,TL0012,44
2026-08-01 07:35,TL0013,44
2026-08-01 07:35,TL0014,8
2026-08-01 07:35,TL0015,19
2026-08-01 07:35,TL0016,36
2026-08-01 07:35,TL0017,43
2026-08-01 07:35,TL0018,23
2026-08-01 07:35,TL0019,50
2026-08-01 07:40,TL0000,42
2026-08-01 07:40,TL0001,24
2026-08-01 07:40,TL0002,22
2026-08-01 07:40,TL0003,23
2026-08-01 07:40,TL0004,31
2026-08-01 07:40,TL0005,50
2026-08-01 07:40,TL0006,58
2026-08-01 07:40,TL0007,7
2026-08-01 07:40,TL0008,24
2026-08-01 07:40,TL0009,25
2026-08-01 07:40,TL0010,25
2026-08-01 07:40,TL0011,50
2026-08-01 07:40,TL0012,29
2026-08-01 07:40,TL0013,38
2026-08-01 07:40,TL0014,10
2026-08-01 07:40,TL0015,31
2026-08-01 07:40,TL0016,22
2026-08-01 07:40,TL0017,27
2026-08-01 07:40,TL0018,38
2026-08-01 07:40,TL0019,52
2026-08-01 07:45,TL0000,44
2026-08-01 07:45,TL0001,23
2026-08-01 07:45,TL0002,33
2026-08-01 07:45,TL0003,28
2026-08-01 07:45,TL0004,47
2026-08-01 07:45,TL0005,34
2026-08-01 07:45,TL0006,36
2026-08-01 07:45,TL0007,9
2026-08-01 07:45,TL0008,10
2026-08-01 07:45,TL0009,28
2026-08-01 07:45,TL0010,46
2026-08-01 07:45,TL0011,31
2026-08-01 07:45,TL0012,58
2026-08-01 07:45,TL0013,60
2026-08-01 07:45,TL0014,17
2026-08-01 07:45,TL0015,19
2026-08-01 07:45,TL0016,19
2026-08-01 07:45,TL0017,22
2026-08-01 07:45,TL0018,26
2026-08-01 07:45,TL0019,31
2026-08-01 07:50,TL0000,53
2026-08-01 07:50,TL0001,26
2026-08-01 07:50,TL0002,22
2026-08-01 07:50,TL0003,38
2026-08-01 07:50,TL0004,35
2026-08-01 07:50,TL0005,50
2026-08-01 07:50,TL0006,30
2026-08-01 07:50,TL0007,21
2026-08-01 07:50,TL0008,14
2026-08-01 07:50,TL0009,29
2026-08-01 07:50,TL0010,38
2026-08-01 07:50,TL0011,50
2026-08-01 07:50,TL0012,37
2026-08-01 07:50,TL0013,40
2026-08-01 07:50,TL0014,12
2026-08-01 07:50,TL0015,28
2026-08-01 07:50,TL0016,38
2026-08-01 07:50,TL0017,20
2026-08-01 07:50,TL0018,34
2026-08-01 07:50,TL0019,27
2026-08-01 07:55,TL0000,67
2026-08-01 07:55,TL0001,14
2026-08-01 07:55,TL0002,18
2026-08-01 07:55,TL0003,36
2026-08-01 07:55,TL0004,46
2026-08-01 07:55,TL0005,30
2026-08-01 07:55,TL0006,47
2026-08-01 07:55,TL0007,22
2026-08-01 07:55,TL0008,17
2026-08-01 07:55,TL0009,25
2026-08-01 07:55,TL0010,30
2026-08-01 07:55,TL0011,33
2026-08-01 07:55,TL0012,53
2026-08-01 07:55,TL0013,50
2026-08-01 07:55,TL0014,23
2026-08-01 07:55,TL0015,15
2026-08-01 07:55,TL0016,21
2026-08-01 07:55,TL0017,28
2026-08-01 07:55,TL0018,37
2026-08-01 07:55,TL0019,54
2026-08-01 08:00,TL0000,66
2026-08-01 08:00,TL0001,18
2026-08-01 08:00,TL0002,27
2026-08-01 08:00,TL0003,29
2026-08-01 08:00,TL0004,43
2026-08-01 08:00,TL0005,66
2026-08-01 08:00,TL0006,71
2026-08-01 08:00,TL0007,28
2026-08-01 08:00,TL0008,16
2026-08-01 08:00,TL0009,38
2026-08-01 08:00,TL0010,25
2026-08-01 08:00,TL0011,43
2026-08-01 08:00,TL0012,67
2026-08-01 08:00,TL0013,65
2026-08-01 08:00,TL0014,19
2026-08-01 08:00,TL0015,34
2026-08-01 08:00,TL0016,17
2026-08-01 08:00,TL0017,33
2026-08-01 08:00,TL0018,47
2026-08-01 08:00,TL0019,32
2026-08-01 08:05,TL0000,43
2026-08-01 08:05,TL0001,29
2026-08-01 08:05,TL0002,35
2026-08-01 08:05,TL0003,51
2026-08-01 08:05,TL0004,55
2026-08-01 08:05,TL0005,31
2026-08-01 08:05,TL0006,54
2026-08-01 08:05,TL0007,27
2026-08-01 08:05,TL0008,21
2026-08-01 08:05,TL0009,21
2026-08-01 08:05,TL0010,40
2026-08-01 08:05,TL0011,57
2026-08-01 08:05,TL0012,50
2026-08-01 08:05,TL0013,35
2026-08-01 08:05,TL0014,17
2026-08-01 08:05,TL0015,34
2026-08-01 08:05,TL0016,37
2026-08-01 08:05,TL0017,25
2026-08-01 08:05,TL0018,31
2026-08-01 08:05,TL0019,53
2026-08-01 08:10,TL0000,55
2026-08-01 08:10,TL0001,14
2026-08-01 08:10,TL0002,36
2026-08-01 08:10,TL0003,45
2026-08-01 08:10,TL0004,27
2026-08-01 08:10,TL0005,63
2026-08-01 08:10,TL0006,67
2026-08-01 08:10,TL0007,17
2026-08-01 08:10,TL0008,36
2026-08-01 08:10,TL0009,30
2026-08-01 08:10,TL0010,35
2026-08-01 08:10,TL0011,43
2026-08-01 08:10,TL0012,29
2026-08-01 08:10,TL0013,74
2026-08-01 08:10,TL0014,16
2026-08-01 08:10,TL0015,24
2026-08-01 08:10,TL0016,21
2026-08-01 08:10,TL0017,24
2026-08-01 08:10,TL0018,57
2026-08-01 08:10,TL0019,28
2026-08-01 08:15,TL0000,52
2026-08-01 08:15,TL0001,27
2026-08-01 08:15,TL0002,40
2026-08-01 08:15,TL0003,34
2026-08-01 08:15,TL0004,55
2026-08-01 08:15,TL0005,65
2026-08-01 08:15,TL0006,65
2026-08-01 08:15,TL0007,22
2026-08-01 08:15,TL0008,13
2026-08-01 08:15,TL0009,18
2026-08-01 08:15,TL0010,20
2026-08-01 08:15,TL0011,50
2026-08-01 08:15,TL0012,46
2026-08-01 08:15,TL0013,69
2026-08-01 08:15,TL0014,9
2026-08-01 08:15,TL0015,17
2026-08-01 08:15,TL0016,39
2026-08-01 08:15,TL0017,33
2026-08-01 08:15,TL0018,24
2026-08-01 08:15,TL0019,47
2026-08-01 08:20,TL0000,70
2026-08-01 08:20,TL0001,36
2026-08-01 08:20,TL0002,40
2026-08-01 08:20,TL0003,50
2026-08-01 08:20,TL0004,34
2026-08-01 08:20,TL0005,44
2026-08-01 08:20,TL0006,45
2026-08-01 08:20,TL0007,23
2026-08-01 08:20,TL0008,35
2026-08-01 08:20,TL0009,41
2026-08-01 08:20,TL0010,49
2026-08-01 08:20,TL0011,29
2026-08-01 08:20,TL0012,41
2026-08-01 08:20,TL0013,44
2026-08-01 08:20,TL0014,19
2026-08-01 08:20,TL0015,13
2026-08-01 08:20,TL0016,40
2026-08-01 08:20,TL0017,49
2026-08-01 08:20,TL0018,51
2026-08-01 08:20,TL0019,65
2026-08-01 08:25,TL0000,48
2026-08-01 08:25,TL0001,12
2026-08-01 08:25,TL0002,16
2026-08-01 08:25,TL0003,45
2026-08-01 08:25,TL0004,30
2026-08-01 08:25,TL0005,31
2026-08-01 08:25,TL0006,64
2026-08-01 08:25,TL0007,11
2026-08-01 08:25,TL0008,30
2026-08-01 08:25,TL0009,19
2026-08-01 08:25,TL0010,27
2026-08-01 08:25,TL0011,27
2026-08-01 08:25,TL0012,65
2026-08-01 08:25,TL0013,60
2026-08-01 08:25,TL0014,13
2026-08-01 08:25,TL0015,25
2026-08-01 08:25,TL0016,34
2026-08-01 08:25,TL0017,24
2026-08-01 08:25,TL0018,41
2026-08-01 08:25,TL0019,68
2026-08-01 08:30,TL0000,66
2026-08-01 08:30,TL0001,13
2026-08-01 08:30,TL0002,32
2026-08-01 08:30,TL0003,33
2026-08-01 08:30,TL0004,43
2026-08-01 08:30,TL0005,43
2026-08-01 08:30,TL0006,32
2026-08-01 08:30,TL0007,13
2026-08-01 08:30,TL0008,14
2026-08-01 08:30,TL0009,27
2026-08-01 08:30,TL0010,50
2026-08-01 08:30,TL0011,41
2026-08-01 08:30,TL0012,44
2026-08-01 08:30,TL0013,73
2026-08-01 08:30,TL0014,27
2026-08-01 08:30,TL0015,23
2026-08-01 08:30,TL0016,43
2026-08-01 08:30,TL0017,41
2026-08-01 08:30,TL0018,54
2026-08-01 08:30,TL0019,66
2026-08-01 08:35,TL0000,63
2026-08-01 08:35,TL0001,19
2026-08-01 08:35,TL0002,30
2026-08-01 08:35,TL0003,26
2026-08-01 08:35,TL0004,48
2026-08-01 08:35,TL0005,62
2026-08-01 08:35,TL0006,68
2026-08-01 08:35,TL0007,14
2026-08-01 08:35,TL0008,28
2026-08-01 08:35,TL0009,25
2026-08-01 08:35,TL0010,32
2026-08-01 08:35,TL0011,45
2026-08-01 08:35,TL0012,41
2026-08-01 08:35,TL0013,67
2026-08-01 08:35,TL0014,12
2026-08-01 08:35,TL0015,28
2026-08-01 08:35,TL0016,19
2026-08-01 08:35,TL0017,50
2026-08-01 08:35,TL0018,36
2026-08-01 08:35,TL0019,55
2026-08-01 08:40,TL0000,67
2026-08-01 08:40,TL0001,23
2026-08-01 08:40,TL0002,40
2026-08-01 08:40,TL0003,35
2026-08-01 08:40,TL0004,40
2026-08-01 08:40,TL0005,44
2026-08-01 08:40,TL0006,73
2026-08-01 08:40,TL0007,8
2026-08-01 08:40,TL0008,23
2026-08-01 08:40,TL0009,24
2026-08-01 08:40,TL0010,49
2026-08-01 08:40,TL0011,59
2026-08-01 08:40,TL0012,53
2026-08-01 08:40,TL0013,70
2026-08-01 08:40,TL0014,22
2026-08-01 08:40,TL0015,15
2026-08-01 08:40,TL0016,22
2026-08-01 08:40,TL0017,38
2026-08-01 08:40,TL0018,34
2026-08-01 08:40,TL0019,49
2026-08-01 08:45,TL0000,62
2026-08-01 08:45,TL0001,34
2026-08-01 08:45,TL0002,26
2026-08-01 08:45,TL0003,20
2026-08-01 08:45,TL0004,24
2026-08-01 08:45,TL0005,58
2026-08-01 08:45,TL0006,55
2026-08-01 08:45,TL0007,8
2026-08-01 08:45,TL0008,30
2026-08-01 08:45,TL0009,31
2026-08-01 08:45,TL0010,40
2026-08-01 08:45,TL0011,34
2026-08-01 08:45,TL0012,39
2026-08-01 08:45,TL0013,37
2026-08-01 08:45,TL0014,11
2026-08-01 08:45,TL0015,24
2026-08-01 08:45,TL0016,44
2026-08-01 08:45,TL0017,34
2026-08-01 08:45,TL0018,52
2026-08-01 08:45,TL0019,48
2026-08-01 08:50,TL0000,61
2026-08-01 08:50,TL0001,16
2026-08-01 08:50,TL0002,35
2026-08-01 08:50,TL0003,31
2026-08-01 08:50,TL0004,29
2026-08-01 08:50,TL0005,61
2026-08-01 08:50,TL0006,71
2026-08-01 08:50,TL0007,8
2026-08-01 08:50,TL0008,27
2026-08-01 08:50,TL0009,18
2026-08-01 08:50,TL0010,40
2026-08-01 08:50,TL0011,24
2026-08-01 08:50,TL0012,56
2026-08-01 08:50,TL0013,63
2026-08-01 08:50,TL0014,28
2026-08-01 08:50,TL0015,23
2026-08-01 08:50,TL0016,31
2026-08-01 08:50,TL0017,39
2026-08-01 08:50,TL0018,55
2026-08-01 08:50,TL0019,52
2026-08-01 08:55,TL0000,44
2026-08-01 08:55,TL0001,27
2026-08-01 08:55,TL0002,26
2026-08-01 08:55,TL0003,41
2026-08-01 08:55,TL0004,39
2026-08-01 08:55,TL0005,64
2026-08-01 08:55,TL0006,50
2026-08-01 08:55,TL0007,9
2026-08-01 08:55,TL0008,25
2026-08-01 08:55,TL0009,19
2026-08-01 08:55,TL0010,49
2026-08-01 08:55,TL0011,40
2026-08-01 08:55,TL0012,40
2026-08-01 08:55,TL0013,45
2026-08-01 08:55,TL0014,27
2026-08-01 08:55,TL0015,22
2026-08-01 08:55,TL0016,33
2026-08-01 08:55,TL0017,50
2026-08-01 08:55,TL0018,56
2026-08-01 08:55,TL0019,52
2026-08-01 09:00,TL0000,56
2026-08-01 09:00,TL0001,26
2026-08-01 09:00,TL0002,17
2026-08-01 09:00,TL0003,31
2026-08-01 09:00,TL0004,28
2026-08-01 09:00,TL0005,49
2026-08-01 09:00,TL0006,55
2026-08-01 09:00,TL0007,6
2026-08-01 09:00,TL0008,17
2026-08-01 09:00,TL0009,23
2026-08-01 09:00,TL0010,21
2026-08-01 09:00,TL0011,33
2026-08-01 09:00,TL0012,42
2026-08-01 09:00,TL0013,38
2026-08-01 09:00,TL0014,8
2026-08-01 09:00,TL0015,16
2026-08-01 09:00,TL0016,15
2026-08-01 09:00,TL0017,24
2026-08-01 09:00,TL0018,40
2026-08-01 09:00,TL0019,32
2026-08-01 09:05,TL0000,43
2026-08-01 09:05,TL0001,21
2026-08-01 09:05,TL0002,33
2026-08-01 09:05,TL0003,34
2026-08-01 09:05,TL0004,47
2026-08-01 09:05,TL0005,27
2026-08-01 09:05,TL0006,54
2026-08-01 09:05,TL0007,19
2026-08-01 09:05,TL0008,12
2026-08-01 09:05,TL0009,23
2026-08-01 09:05,TL0010,36
2026-08-01 09:05,TL0011,32
2026-08-01 09:05,TL0012,48
2026-08-01 09:05,TL0013,39
2026-08-01 09:05,TL0014,11
2026-08-01 09:05,TL0015,29
2026-08-01 09:05,TL0016,30
2026-08-01 09:05,TL0017,37
2026-08-01 09:05,TL0018,26
2026-08-01 09:05,TL0019,45
2026-08-01 09:10,TL0000,32
2026-08-01 09:10,TL0001,26
2026-08-01 09:10,TL0002,36
2026-08-01 09:10,TL0003,43
2026-08-01 09:10,TL0004,46
2026-08-01 09:10,TL0005,28
2026-08-01 09:10,TL0006,31
2026-08-01 09:10,TL0007,13
2026-08-01 09:10,TL0008,10
2026-08-01 09:10,TL0009,27
2026-08-01 09:10,TL0010,24
2026-08-01 09:10,TL0011,42
2026-08-01 09:10,TL0012,30
2026-08-01 09:10,TL0013,45
2026-08-01 09:10,TL0014,20
2026-08-01 09:10,TL0015,29
2026-08-01 09:10,TL0016,37
2026-08-01 09:10,TL0017,18
2026-08-01 09:10,TL0018,26
2026-08-01 09:10,TL0019,38
2026-08-01 09:15,TL0000,63
2026-08-01 09:15,TL0001,28
2026-08-01 09:15,TL0002,16
2026-08-01 09:15,TL0003,28
2026-08-01 09:15,TL0004,27
2026-08-01 09:15,TL0005,31
2026-08-01 09:15,TL0006,44
2026-08-01 09:15,TL0007,14
2026-08-01 09:15,TL0008,28
2026-08-01 09:15,TL0009,23
2026-08-01 09:15,TL0010,32
2026-08-01 09:15,TL0011,31
2026-08-01 09:15,TL0012,38
2026-08-01 09:15,TL0013,40
2026-08-01 09:15,TL0014,9
2026-08-01 09:15,TL0015,29
2026-08-01 09:15,TL0016,20
2026-08-01 09:15,TL0017,30
2026-08-01 09:15,TL0018,31
2026-08-01 09:15,TL0019,43
2026-08-01 09:20,TL0000,36
2026-08-01 09:20,TL0001,16
2026-08-01 09:20,TL0002,13
2026-08-01 09:20,TL0003,22
2026-08-01 09:20,TL0004,26
2026-08-01 09:20,TL0005,30
2026-08-01 09:20,TL0006,27
2026-08-01 09:20,TL0007,22
2026-08-01 09:20,TL0008,20
2026-08-01 09:20,TL0009,26
2026-08-01 09:20,TL0010,44
2026-08-01 09:20,TL0011,48
2026-08-01 09:20,TL0012,43
2026-08-01 09:20,TL0013,60
2026-08-01 09:20,TL0014,20
2026-08-01 09:20,TL0015,10
2026-08-01 09:20,TL0016,14
2026-08-01 09:20,TL0017,37
2026-08-01 09:20,TL0018,47
2026-08-01 09:20,TL0019,51
2026-08-01 09:25,TL0000,59
2026-08-01 09:25,TL0001,17
2026-08-01 09:25,TL0002,19
2026-08-01 09:25,TL0003,25
2026-08-01 09:25,TL0004,37
2026-08-01 09:25,TL0005,38
2026-08-01 09:25,TL0006,43
2026-08-01 09:25,TL0007,17
2026-08-01 09:25,TL0008,14
2026-08-01 09:25,TL0009,15
2026-08-01 09:25,TL0010,34
2026-08-01 09:25,TL0011,34
2026-08-01 09:25,TL0012,36
2026-08-01 09:25,TL0013,36
2026-08-01 09:25,TL0014,22
2026-08-01 09:25,TL0015,18
2026-08-01 09:25,TL0016,24
2026-08-01 09:25,TL0017,22
2026-08-01 09:25,TL0018,30
2026-08-01 09:25,TL0019,23
2026-08-01 09:30,TL0000,34
2026-08-01 09:30,TL0001,13
2026-08-01 09:30,TL0002,30
2026-08-01 09:30,TL0003,30
2026-08-01 09:30,TL0004,31
2026-08-01 09:30,TL0005,40
2026-08-01 09:30,TL0006,46
2026-08-01 09:30,TL0007,19
2026-08-01 09:30,TL0008,30
2026-08-01 09:30,TL0009,26
2026-08-01 09:30,TL0010,35
2026-08-01 09:30,TL0011,33
2026-08-01 09:30,TL0012,29
2026-08-01 09:30,TL0013,30
2026-08-01 09:30,TL0014,18
2026-08-01 09:30,TL0015,28
2026-08-01 09:30,TL0016,34
2026-08-01 09:30,TL0017,23
2026-08-01 09:30,TL0018,20
2026-08-01 09:30,TL0019,30
2026-08-01 09:35,TL0000,63
2026-08-01 09:35,TL0001,12
2026-08-01 09:35,TL0002,25
2026-08-01 09:35,TL0003,39
2026-08-01 09:35,TL0004,24
2026-08-01 09:35,TL0005,49
2026-08-01 09:35,TL0006,29
2026-08-01 09:35,TL0007,7
2026-08-01 09:35,TL0008,19
2026-08-01 09:35,TL0009,24
2026-08-01 09:35,TL0010,38
2026-08-01 09:35,TL0011,26
2026-08-01 09:35,TL0012,41
2026-08-01 09:35,TL0013,52
2026-08-01 09:35,TL0014,22
2026-08-01 09:35,TL0015,11
2026-08-01 09:35,TL0016,25
2026-08-01 09:35,TL0017,38
2026-08-01 09:35,TL0018,44
2026-08-01 09:35,TL0019,51
2026-08-01 09:40,TL0000,51
2026-08-01 09:40,TL0001,22
2026-08-01 09:40,TL0002,31
2026-08-01 09:40,TL0003,27
2026-08-01 09:40,TL0004,47
2026-08-01 09:40,TL0005,33
2026-08-01 09:40,TL0006,43
2026-08-01 09:40,TL0007,10
2026-08-01 09:40,TL0008,28
2026-08-01 09:40,TL0009,16
2026-08-01 09:40,TL0010,43
2026-08-01 09:40,TL0011,46
2026-08-01 09:40,TL0012,47
2026-08-01 09:40,TL0013,34
2026-08-01 09:40,TL0014,18
2026-08-01 09:40,TL0015,24
2026-08-01 09:40,TL0016,25
2026-08-01 09:40,TL0017,22
2026-08-01 09:40,TL0018,38
2026-08-01 09:40,TL0019,43
2026-08-01 09:45,TL0000,34
2026-08-01 09:45,TL0001,14
2026-08-01 09:45,TL0002,26
2026-08-01 09:45,TL0003,19
2026-08-01 09:45,TL0004,21
2026-08-01 09:45,TL0005,31
2026-08-01 09:45,TL0006,53
2026-08-01 09:45,TL0007,20
2026-08-01 09:45,TL0008,17
2026-08-01 09:45,TL0009,35
2026-08-01 09:45,TL0010,36
2026-08-01 09:45,TL0011,45
2026-08-01 09:45,TL0012,36
2026-08-01 09:45,TL0013,32
2026-08-01 09:45,TL0014,8
2026-08-01 09:45,TL0015,17
2026-08-01 09:45,TL0016,24
2026-08-01 09:45,TL0017,17
2026-08-01 09:45,TL0018,43
2026-08-01 09:45,TL0019,50
2026-08-01 09:50,TL0000,49
2026-08-01 09:50,TL0001,29
2026-08-01 09:50,TL0002,15
2026-08-01 09:50,TL0003,40
2026-08-01 09:50,TL0004,50
2026-08-01 09:50,TL0005,48
2026-08-01 09:50,TL0006,32
2026-08-01 09:50,TL0007,22
2026-08-01 09:50,TL0008,14
2026-08-01 09:50,TL0009,24
2026-08-01 09:50,TL0010,32
2026-08-01 09:50,TL0011,49
2026-08-01 09:50,TL0012,25
2026-08-01 09:50,TL0013,38
2026-08-01 09:50,TL0014,11
2026-08-01 09:50,TL0015,20
2026-08-01 09:50,TL0016,17
2026-08-01 09:50,TL0017,16
2026-08-01 09:50,TL0018,24
2026-08-01 09:50,TL0019,37
2026-08-01 09:55,TL0000,48
2026-08-01 09:55,TL0001,13
2026-08-01 09:55,TL0002,15
2026-08-01 09:55,TL0003,27
2026-08-01 09:55,TL0004,46
2026-08-01 09:55,TL0005,36
2026-08-01 09:55,TL0006,58
2026-08-01 09:55,TL0007,15
2026-08-01 09:55,TL0008,22
2026-08-01 09:55,TL0009,24
2026-08-01 09:55,TL0010,35
2026-08-01 09:55,TL0011,25
2026-08-01 09:55,TL0012,52
2026-08-01 09:55,TL0013,26
2026-08-01 09:55,TL0014,6
2026-08-01 09:55,TL0015,19
2026-08-01 09:55,TL0016,13
2026-08-01 09:55,TL0017,29
2026-08-01 09:55,TL0018,36
2026-08-01 09:55,TL0019,39
2026-08-01 10:00,TL0000,22
2026-08-01 10:00,TL0001,13
2026-08-01 10:00,TL0002,23
2026-08-01 10:00,TL0003,15
2026-08-01 10:00,TL0004,40
2026-08-01 10:00,TL0005,40
2026-08-01 10:00,TL0006,36
2026-08-01 10:00,TL0007,7
2026-08-01 10:00,TL0008,13
2026-08-01 10:00,TL0009,26
2026-08-01 10:00,TL0010,26
2026-08-01 10:00,TL0011,34
2026-08-01 10:00,TL0012,22
2026-08-01 10:00,TL0013,28
2026-08-01 10:00,TL0014,6
2026-08-01 10:00,TL0015,12
2026-08-01 10:00,TL0016,19
2026-08-01 10:00,TL0017,30
2026-08-01 10:00,TL0018,39
2026-08-01 10:00,TL0019,40
2026-08-01 10:05,TL0000,49
2026-08-01 10:05,TL0001,8
2026-08-01 10:05,TL0002,10
2026-08-01 10:05,TL0003,32
2026-08-01 10:05,TL0004,26
2026-08-01 10:05,TL0005,28
2026-08-01 10:05,TL0006,28
2026-08-01 10:05,TL0007,5
2026-08-01 10:05,TL0008,17
2026-08-01 10:05,TL0009,15
2026-08-01 10:05,TL0010,30
2026-08-01 10:05,TL0011,24
2026-08-01 10:05,TL0012,37
2026-08-01 10:05,TL0013,36
2026-08-01 10:05,TL0014,8
2026-08-01 10:05,TL0015,14
2026-08-01 10:05,TL0016,18
2026-08-01 10:05,TL0017,13
2026-08-01 10:05,TL0018,40
2026-08-01 10:05,TL0019,33
2026-08-01 10:10,TL0000,38
2026-08-01 10:10,TL0001,10
2026-08-01 10:10,TL0002,15
2026-08-01 10:10,TL0003,13
2026-08-01 10:10,TL0004,30
2026-08-01 10:10,TL0005,22
2026-08-01 10:10,TL0006,40
2026-08-01 10:10,TL0007,8
2026-08-01 10:10,TL0008,22
2026-08-01 10:10,TL0009,29
2026-08-01 10:10,TL0010,30
2026-08-01 10:10,TL0011,33
2026-08-01 10:10,TL0012,25
2026-08-01 10:10,TL0013,41
2026-08-01 10:10,TL0014,14
2026-08-01 10:10,TL0015,18
2026-08-01 10:10,TL0016,22
2026-08-01 10:10,TL0017,27
2026-08-01 10:10,TL0018,39
2026-08-01 10:10,TL0019,22
2026-08-01 10:15,TL0000,41
2026-08-01 10:15,TL0001,18
2026-08-01 10:15,TL0002,13
2026-08-01 10:15,TL0003,17
2026-08-01 10:15,TL0004,33
2026-08-01 10:15,TL0005,46
2026-08-01 10:15,TL0006,22
2026-08-01 10:15,TL0007,6
2026-08-01 10:15,TL0008,14
2026-08-01 10:15,TL0009,18
2026-08-01 10:15,TL0010,26
2026-08-01 10:15,TL0011,22
2026-08-01 10:15,TL0012,32
2026-08-01 10:15,TL0013,43
2026-08-01 10:15,TL0014,15
2026-08-01 10:15,TL0015,11
2026-08-01 10:15,TL0016,29
2026-08-01 10:15,TL0017,26
2026-08-01 10:15,TL0018,37
2026-08-01 10:15,TL0019,20
2026-08-01 10:20,TL0000,26
2026-08-01 10:20,TL0001,21
2026-08-01 10:20,TL0002,12
2026-08-01 10:20,TL0003,21
2026-08-01 10:20,TL0004,28
2026-08-01 10:20,TL0005,43
2026-08-01 10:20,TL0006,48
2026-08-01 10:20,TL0007,19
2026-08-01 10:20,TL0008,11
2026-08-01 10:20,TL0009,24
2026-08-01 10:20,TL0010,24
2026-08-01 10:20,TL0011,19
2026-08-01 10:20,TL0012,31
2026-08-01 10:20,TL0013,35
2026-08-01 10:20,TL0014,4
2026-08-01 10:20,TL0015,11
2026-08-01 10:20,TL0016,29
2026-08-01 10:20,TL0017,14
2026-08-01 10:20,TL0018,19
2026-08-01 10:20,TL0019,33
2026-08-01 10:25,TL0000,35
2026-08-01 10:25,TL0001,11
2026-08-01 10:25,TL0002,26
2026-08-01 10:25,TL0003,17
2026-08-01 10:25,TL0004,21
2026-08-01 10:25,TL0005,25
2026-08-01 10:25,TL0006,53
2026-08-01 10:25,TL0007,11
2026-08-01 10:25,TL0008,13
2026-08-01 10:25,TL0009,24
2026-08-01 10:25,TL0010,26
2026-08-01 10:25,TL0011,41
2026-08-01 10:25,TL0012,45
2026-08-01 10:25,TL0013,29
2026-08-01 10:25,TL0014,16
2026-08-01 10:25,TL0015,17
2026-08-01 10:25,TL0016,12
2026-08-01 10:25,TL0017,22
2026-08-01 10:25,TL0018,37
2026-08-01 10:25,TL0019,40
2026-08-01 10:30,TL0000,35
2026-08-01 10:30,TL0001,16
2026-08-01 10:30,TL0002,18
2026-08-01 10:30,TL0003,28
2026-08-01 10:30,TL0004,20
2026-08-01 10:30,TL0005,25
2026-08-01 10:30,TL0006,25
2026-08-01 10:30,TL0007,18
2026-08-01 10:30,TL0008,7
2026-08-01 10:30,TL0009,32
2026-08-01 10:30,TL0010,26
2026-08-01 10:30,TL0011,30
2026-08-01 10:30,TL0012,44
2026-08-01 10:30,TL0013,34
2026-08-01 10:30,TL0014,13
2026-08-01 10:30,TL0015,20
2026-08-01 10:30,TL0016,13
2026-08-01 10:30,TL0017,20
2026-08-01 10:30,TL0018,40
2026-08-01 10:30,TL0019,25
2026-08-01 10:35,TL0000,21
2026-08-01 10:35,TL0001,10
2026-08-01 10:35,TL0002,22
2026-08-01 10:35,TL0003,16
2026-08-01 10:35,TL0004,36
2026-08-01 10:35,TL0005,28
2026-08-01 10:35,TL0006,24
2026-08-01 10:35,TL0007,18
2026-08-01 10:35,TL0008,10
2026-08-01 10:35,TL0009,31
2026-08-01 10:35,TL0010,13
2026-08-01 10:35,TL0011,17
2026-08-01 10:35,TL0012,30
2026-08-01 10:35,TL0013,38
2026-08-01 10:35,TL0014,4
2026-08-01 10:35,TL0015,24
2026-08-01 10:35,TL0016,32
2026-08-01 10:35,TL0017,19
2026-08-01 10:35,TL0018,41
2026-08-01 10:35,TL0019,37
2026-08-01 10:40,TL0000,39
2026-08-01 10:40,TL0001,19
2026-08-01 10:40,TL0002,10
2026-08-01 10:40,TL0003,19
2026-08-01 10:40,TL0004,34
2026-08-01 10:40,TL0005,32
2026-08-01 10:40,TL0006,47
2026-08-01 10:40,TL0007,13
2026-08-01 10:40,TL0008,8
2026-08-01 10:40,TL0009,18
2026-08-01 10:40,TL0010,28
2026-08-01 10:40,TL0011,21
2026-08-01 10:40,TL0012,30
2026-08-01 10:40,TL0013,51
2026-08-01 10:40,TL0014,7
2026-08-01 10:40,TL0015,8
2026-08-01 10:40,TL0016,19
2026-08-01 10:40,TL0017,13
2026-08-01 10:40,TL0018,22
2026-08-01 10:40,TL0019,30
2026-08-01 10:45,TL0000,50
2026-08-01 10:45,TL0001,25
2026-08-01 10:45,TL0002,30
2026-08-01 10:45,TL0003,22
2026-08-01 10:45,TL0004,31
2026-08-01 10:45,TL0005,39
2026-08-01 10:45,TL0006,41
2026-08-01 10:45,TL0007,10
2026-08-01 10:45,TL0008,24
2026-08-01 10:45,TL0009,26
2026-08-01 10:45,TL0010,25
2026-08-01 10:45,TL0011,41
2026-08-01 10:45,TL0012,46
2026-08-01 10:45,TL0013,31
2026-08-01 10:45,TL0014,13
2026-08-01 10:45,TL0015,17
2026-08-01 10:45,TL0016,11
2026-08-01 10:45,TL0017,24
2026-08-01 10:45,TL0018,34
2026-08-01 10:45,TL0019,18
2026-08-01 10:50,TL0000,30
2026-08-01 10:50,TL0001,24
2026-08-01 10:50,TL0002,28
2026-08-01 10:50,TL0003,25
2026-08-01 10:50,TL0004,41
2026-08-01 10:50,TL0005,24
2026-08-01 10:50,TL0006,29
2026-08-01 10:50,TL0007,6
2026-08-01 10:50,TL0008,21
2026-08-01 10:50,TL0009,16
2026-08-01 10:50,TL0010,25
2026-08-01 10:50,TL0011,16
2026-08-01 10:50,TL0012,19
2026-08-01 10:50,TL0013,52
2026-08-01 10:50,TL0014,6
2026-08-01 10:50,TL0015,15
2026-08-01 10:50,TL0016,11
2026-08-01 10:50,TL0017,37
2026-08-01 10:50,TL0018,36
2026-08-01 10:50,TL0019,32
2026-08-01 10:55,TL0000,34
2026-08-01 10:55,TL0001,23
2026-08-01 10:55,TL0002,32
2026-08-01 10:55,TL0003,26
2026-08-01 10:55,TL0004,25
2026-08-01 10:55,TL0005,39
2026-08-01 10:55,TL0006,53
2026-08-01 10:55,TL0007,5
2026-08-01 10:55,TL0008,13
2026-08-01 10:55,TL0009,30
2026-08-01 10:55,TL0010,32
2026-08-01 10:55,TL0011,18
2026-08-01 10:55,TL0012,31
2026-08-01 10:55,TL0013,41
2026-08-01 10:55,TL0014,15
2026-08-01 10:55,TL0015,9
2026-08-01 10:55,TL0016,28
2026-08-01 10:55,TL0017,37
2026-08-01 10:55,TL0018,28
2026-08-01 10:55,TL0019,36
2026-08-01 11:00,TL0000,43
2026-08-01 11:00,TL0001,8
2026-08-01 11:00,TL0002,19
2026-08-01 11:00,TL0003,32
2026-08-01 11:00,TL0004,16
2026-08-01 11:00,TL0005,25
2026-08-01 11:00,TL0006,20
2026-08-01 11:00,TL0007,12
2026-08-01 11:00,TL0008,25
2026-08-01 11:00,TL0009,15
2026-08-01 11:00,TL0010,27
2026-08-01 11:00,TL0011,29
2026-08-01 11:00,TL0012,27
2026-08-01 11:00,TL0013,37
2026-08-01 11:00,TL0014,19
2026-08-01 11:00,TL0015,16
2026-08-01 11:00,TL0016,27
2026-08-01 11:00,TL0017,16
2026-08-01 11:00,TL0018,32
2026-08-01 11:00,TL0019,21
2026-08-01 11:05,TL0000,38
2026-08-01 11:05,TL0001,20
2026-08-01 11:05,TL0002,24
2026-08-01 11:05,TL0003,23
2026-08-01 11:05,TL0004,15
2026-08-01 11:05,TL0005,18
2026-08-01 11:05,TL0006,26
2026-08-01 11:05,TL0007,13
2026-08-01 11:05,TL0008,20
2026-08-01 11:05,TL0009,21
2026-08-01 11:05,TL0010,32
2026-08-01 11:05,TL0011,26
2026-08-01 11:05,TL0012,45
2026-08-01 11:05,TL0013,32
2026-08-01 11:05,TL0014,5
2026-08-01 11:05,TL0015,23
2026-08-01 11:05,TL0016,26
2026-08-01 11:05,TL0017,27
2026-08-01 11:05,TL0018,21
2026-08-01 11:05,TL0019,33
2026-08-01 11:10,TL0000,50
2026-08-01 11:10,TL0001,23
2026-08-01 11:10,TL0002,30
2026-08-01 11:10,TL0003,14
2026-08-01 11:10,TL0004,41
2026-08-01 11:10,TL0005,28
2026-08-01 11:10,TL0006,34
2026-08-01 11:10,TL0007,17
2026-08-01 11:10,TL0008,19
2026-08-01 11:10,TL0009,18
2026-08-01 11:10,TL0010,17
2026-08-01 11:10,TL0011,20
2026-08-01 11:10,TL0012,33
2026-08-01 11:10,TL0013,41
2026-08-01 11:10,TL0014,18
2026-08-01 11:10,TL0015,25
2026-08-01 11:10,TL0016,21
2026-08-01 11:10,TL0017,19
2026-08-01 11:10,TL0018,36
2026-08-01 11:10,TL0019,31
2026-08-01 11:15,TL0000,25
2026-08-01 11:15,TL0001,15
2026-08-01 11:15,TL0002,20
2026-08-01 11:15,TL0003,24
2026-08-01 11:15,TL0004,36
2026-08-01 11:15,TL0005,22
2026-08-01 11:15,TL0006,21
2026-08-01 11:15,TL0007,18
2026-08-01 11:15,TL0008,7
2026-08-01 11:15,TL0009,10
2026-08-01 11:15,TL0010,26
2026-08-01 11:15,TL0011,32
2026-08-01 11:15,TL0012,28
2026-08-01 11:15,TL0013,25
2026-08-01 11:15,TL0014,17
2026-08-01 11:15,TL0015,20
2026-08-01 11:15,TL0016,10
2026-08-01 11:15,TL0017,12
2026-08-01 11:15,TL0018,34
2026-08-01 11:15,TL0019,31
2026-08-01 11:20,TL0000,22
2026-08-01 11:20,TL0001,23
2026-08-01 11:20,TL0002,23
2026-08-01 11:20,TL0003,23
2026-08-01 11:20,TL0004,23
2026-08-01 11:20,TL0005,29
2026-08-01 11:20,TL0006,39
2026-08-01 11:20,TL0007,14
2026-08-01 11:20,TL0008,8
2026-08-01 11:20,TL0009,23
2026-08-01 11:20,TL0010,32
2026-08-01 11:20,TL0011,33
2026-08-01 11:20,TL0012,41
2026-08-01 11:20,TL0013,47
2026-08-01 11:20,TL0014,7
2026-08-01 11:20,TL0015,24
2026-08-01 11:20,TL0016,12
2026-08-01 11:20,TL0017,35
2026-08-01 11:20,TL0018,23
2026-08-01 11:20,TL0019,38
2026-08-01 11:25,TL0000,35
2026-08-01 11:25,TL0001,22
2026-08-01 11:25,TL0002,21
2026-08-01 11:25,TL0003,15
2026-08-01 11:25,TL0004,36
2026-08-01 11:25,TL0005,27
2026-08-01 11:25,TL0006,21
2026-08-01 11:25,TL0007,17
2026-08-01 11:25,TL0008,22
2026-08-01 11:25,TL0009,13
2026-08-01 11:25,TL0010,16
2026-08-01 11:25,TL0011,35
2026-08-01 11:25,TL0012,41
2026-08-01 11:25,TL0013,26
2026-08-01 11:25,TL0014,14
2026-08-01 11:25,TL0015,20
2026-08-01 11:25,TL0016,14
2026-08-01 11:25,TL0017,15
2026-08-01 11:25,TL0018,27
2026-08-01 11:25,TL0019,28
2026-08-01 11:30,TL0000,41
2026-08-01 11:30,TL0001,25
2026-08-01 11:30,TL0002,11
2026-08-01 11:30,TL0003,30
2026-08-01 11:30,TL0004,32
2026-08-01 11:30,TL0005,44
2026-08-01 11:30,TL0006,50
2026-08-01 11:30,TL0007,14
2026-08-01 11:30,TL0008,16
2026-08-01 11:30,TL0009,21
2026-08-01 11:30,TL0010,27
2026-08-01 11:30,TL0011,27
2026-08-01 11:30,TL0012,23
2026-08-01 11:30,TL0013,36
2026-08-01 11:30,TL0014,11
2026-08-01 11:30,TL0015,20
2026-08-01 11:30,TL0016,20
2026-08-01 11:30,TL0017,33
2026-08-01 11:30,TL0018,39
2026-08-01 11:30,TL0019,39
2026-08-01 11:35,TL0000,35
2026-08-01 11:35,TL0001,13
2026-08-01 11:35,TL0002,14
2026-08-01 11:35,TL0003,16
2026-08-01 11:35,TL0004,29
2026-08-01 11:35,TL0005,30
2026-08-01 11:35,TL0006,47
2026-08-01 11:35,TL0007,7
2026-08-01 11:35,TL0008,14
2026-08-01 11:35,TL0009,24
2026-08-01 11:35,TL0010,21
2026-08-01 11:35,TL0011,32
2026-08-01 11:35,TL0012,29
2026-08-01 11:35,TL0013,48
2026-08-01 11:35,TL0014,15
2026-08-01 11:35,TL0015,22
2026-08-01 11:35,TL0016,18
2026-08-01 11:35,TL0017,25
2026-08-01 11:35,TL0018,16
2026-08-01 11:35,TL0019,33
2026-08-01 11:40,TL0000,44
2026-08-01 11:40,TL0001,24
2026-08-01 11:40,TL0002,25
2026-08-01 11:40,TL0003,17
2026-08-01 11:40,TL0004,23
2026-08-01 11:40,TL0005,43
2026-08-01 11:40,TL0006,20
2026-08-01 11:40,TL0007,18
2026-08-01 11:40,TL0008,13
2026-08-01 11:40,TL0009,27
2026-08-01 11:40,TL0010,34
2026-08-01 11:40,TL0011,34
2026-08-01 11:40,TL0012,30
2026-08-01 11:40,TL0013,28
2026-08-01 11:40,TL0014,6
2026-08-01 11:40,TL0015,24
2026-08-01 11:40,TL0016,22
2026-08-01 11:40,TL0017,24
2026-08-01 11:40,TL0018,25
2026-08-01 11:40,TL0019,38
2026-08-01 11:45,TL0000,44
2026-08-01 11:45,TL0001,7
2026-08-01 11:45,TL0002,22
2026-08-01 11:45,TL0003,30
2026-08-01 11:45,TL0004,36
2026-08-01 11:45,TL0005,42
2026-08-01 11:45,TL0006,52
2026-08-01 11:45,TL0007,19
2026-08-01 11:45,TL0008,9
2026-08-01 11:45,TL0009,24
2026-08-01 11:45,TL0010,20
2026-08-01 11:45,TL0011,21
2026-08-01 11:45,TL0012,34
2026-08-01 11:45,TL0013,36
2026-08-01 11:45,TL0014,8
2026-08-01 11:45,TL0015,23
2026-08-01 11:45,TL0016,27
2026-08-01 11:45,TL0017,31
2026-08-01 11:45,TL0018,39
2026-08-01 11:45,TL0019,39
2026-08-01 11:50,TL0000,20
2026-08-01 11:50,TL0001,20
2026-08-01 11:50,TL0002,11
2026-08-01 11:50,TL0003,14
2026-08-01 11:50,TL0004,19
2026-08-01 11:50,TL0005,40
2026-08-01 11:50,TL0006,42
2026-08-01 11:50,TL0007,11
2026-08-01 11:50,TL0008,25
2026-08-01 11:50,TL0009,17
2026-08-01 11:50,TL0010,16
2026-08-01 11:50,TL0011,31
2026-08-01 11:50,TL0012,32
2026-08-01 11:50,TL0013,27
2026-08-01 11:50,TL0014,20
2026-08-01 11:50,TL0015,9
2026-08-01 11:50,TL0016,18
2026-08-01 11:50,TL0017,33
2026-08-01 11:50,TL0018,25
2026-08-01 11:50,TL0019,32
2026-08-01 11:55,TL0000,47
2026-08-01 11:55,TL0001,18
2026-08-01 11:55,TL0002,30
2026-08-01 11:55,TL0003,12
2026-08-01 11:55,TL0004,30
2026-08-01 11:55,TL0005,25
2026-08-01 11:55,TL0006,22
2026-08-01 11:55,TL0007,15
2026-08-01 11:55,TL0008,9
2026-08-01 11:55,TL0009,10
2026-08-01 11:55,TL0010,35
2026-08-01 11:55,TL0011,26
2026-08-01 11:55,TL0012,25
2026-08-01 11:55,TL0013,20
2026-08-01 11:55,TL0014,6
2026-08-01 11:55,TL0015,25
2026-08-01 11:55,TL0016,12
2026-08-01 11:55,TL0017,13
2026-08-01 11:55,TL0018,24
2026-08-01 11:55,TL0019,34
2026-08-01 12:00,TL0000,30
2026-08-01 12:00,TL0001,10
2026-08-01 12:00,TL0002,22
2026-08-01 12:00,TL0003,21
2026-08-01 12:00,TL0004,39
2026-08-01 12:00,TL0005,23
2026-08-01 12:00,TL0006,22
2026-08-01 12:00,TL0007,8
2026-08-01 12:00,TL0008,19
2026-08-01 12:00,TL0009,10
2026-08-01 12:00,TL0010,31
2026-08-01 12:00,TL0011,39
2026-08-01 12:00,TL0012,34
2026-08-01 12:00,TL0013,29
2026-08-01 12:00,TL0014,9
2026-08-01 12:00,TL0015,17
2026-08-01 12:00,TL0016,26
2026-08-01 12:00,TL0017,27
2026-08-01 12:00,TL0018,24
2026-08-01 12:00,TL0019,27
2026-08-01 12:05,TL0000,28
2026-08-01 12:05,TL0001,10
2026-08-01 12:05,TL0002,30
2026-08-01 12:05,TL0003,27
2026-08-01 12:05,TL0004,22
2026-08-01 12:05,TL0005,38
2026-08-01 12:05,TL0006,33
2026-08-01 12:05,TL0007,8
2026-08-01 12:05,TL0008,21
2026-08-01 12:05,TL0009,26
2026-08-01 12:05,TL0010,24
2026-08-01 12:05,TL0011,18
2026-08-01 12:05,TL0012,28
2026-08-01 12:05,TL0013,37
2026-08-01 12:05,TL0014,18
2026-08-01 12:05,TL0015,25
2026-08-01 12:05,TL0016,22
2026-08-01 12:05,TL0017,24
2026-08-01 12:05,TL0018,35
2026-08-01 12:05,TL0019,40
2026-08-01 12:10,TL0000,42
2026-08-01 12:10,TL0001,14
2026-08-01 12:10,TL0002,26
2026-08-01 12:10,TL0003,36
2026-08-01 12:10,TL0004,30
2026-08-01 12:10,TL0005,43
2026-08-01 12:10,TL0006,44
2026-08-01 12:10,TL0007,16
2026-08-01 12:10,TL0008,12
2026-08-01 12:10,TL0009,17
2026-08-01 12:10,TL0010,37
2026-08-01 12:10,TL0011,29
2026-08-01 12:10,TL0012,41
2026-08-01 12:10,TL0013,35
2026-08-01 12:10,TL0014,14
2026-08-01 12:10,TL0015,14
2026-08-01 12:10,TL0016,26
2026-08-01 12:10,TL0017,19
2026-08-01 12:10,TL0018,27
2026-08-01 12:10,TL0019,28
2026-08-01 12:15,TL0000,30
2026-08-01 12:15,TL0001,23
2026-08-01 12:15,TL0002,16
2026-08-01 12:15,TL0003,25
2026-08-01 12:15,TL0004,28
2026-08-01 12:15,TL0005,47
2026-08-01 12:15,TL0006,52
2026-08-01 12:15,TL0007,19
2026-08-01 12:15,TL0008,15
2026-08-01 12:15,TL0009,10
2026-08-01 12:15,TL0010,30
2026-08-01 12:15,TL0011,16
2026-08-01 12:15,TL0012,39
2026-08-01 12:15,TL0013,34
2026-08-01 12:15,TL0014,15
2026-08-01 12:15,TL0015,14
2026-08-01 12:15,TL0016,13
2026-08-01 12:15,TL0017,16
2026-08-01 12:15,TL0018,41
2026-08-01 12:15,TL0019,48
2026-08-01 12:20,TL0000,50
2026-08-01 12:20,TL0001,14
2026-08-01 12:20,TL0002,13
2026-08-01 12:20,TL0003,18
2026-08-01 12:20,TL0004,38
2026-08-01 12:20,TL0005,31
2026-08-01 12:20,TL0006,44
2026-08-01 12:20,TL0007,14
2026-08-01 12:20,TL0008,14
2026-08-01 12:20,TL0009,24
2026-08-01 12:20,TL0010,29
2026-08-01 12:20,TL0011,20
2026-08-01 12:20,TL0012,49
2026-08-01 12:20,TL0013,38
2026-08-01 12:20,TL0014,17
2026-08-01 12:20,TL0015,11
2026-08-01 12:20,TL0016,18
2026-08-01 12:20,TL0017,29
2026-08-01 12:20,TL0018,16
2026-08-01 12:20,TL0019,19
2026-08-01 12:25,TL0000,41
2026-08-01 12:25,TL0001,16
2026-08-01 12:25,TL0002,12
2026-08-01 12:25,TL0003,27
2026-08-01 12:25,TL0004,24
2026-08-01 12:25,TL0005,27
2026-08-01 12:25,TL0006,31
2026-08-01 12:25,TL0007,15
2026-08-01 12:25,TL0008,13
2026-08-01 12:25,TL0009,23
2026-08-01 12:25,TL0010,27
2026-08-01 12:25,TL0011,36
2026-08-01 12:25,TL0012,29
2026-08-01 12:25,TL0013,48
2026-08-01 12:25,TL0014,15
2026-08-01 12:25,TL0015,22
2026-08-01 12:25,TL0016,29
2026-08-01 12:25,TL0017,15
2026-08-01 12:25,TL0018,44
2026-08-01 12:25,TL0019,27
2026-08-01 12:30,TL0000,35
2026-08-01 12:30,TL0001,22
2026-08-01 12:30,TL0002,20
2026-08-01 12:30,TL0003,34
2026-08-01 12:30,TL0004,27
2026-08-01 12:30,TL0005,37
2026-08-01 12:30,TL0006,33
2026-08-01 12:30,TL0007,10
2026-08-01 12:30,TL0008,22
2026-08-01 12:30,TL0009,30
2026-08-01 12:30,TL0010,33
2026-08-01 12:30,TL0011,35
2026-08-01 12:30,TL0012,26
2026-08-01 12:30,TL0013,53
2026-08-01 12:30,TL0014,20
2026-08-01 12:30,TL0015,22
2026-08-01 12:30,TL0016,17
2026-08-01 12:30,TL0017,31
2026-08-01 12:30,TL0018,24
2026-08-01 12:30,TL0019,23
2026-08-01 12:35,TL0000,27
2026-08-01 12:35,TL0001,14
2026-08-01 12:35,TL0002,24
2026-08-01 12:35,TL0003,20
2026-08-01 12:35,TL0004,20
2026-08-01 12:35,TL0005,45
2026-08-01 12:35,TL0006,29
2026-08-01 12:35,TL0007,17
2026-08-01 12:35,TL0008,16
2026-08-01 12:35,TL0009,11
2026-08-01 12:35,TL0010,25
2026-08-01 12:35,TL0011,28
2026-08-01 12:35,TL0012,28
2026-08-01 12:35,TL0013,35
2026-08-01 12:35,TL0014,7
2026-08-01 12:35,TL0015,26
2026-08-01 12:35,TL0016,10
2026-08-01 12:35,TL0017,20
2026-08-01 12:35,TL0018,22
2026-08-01 12:35,TL0019,39
2026-08-01 12:40,TL0000,46
2026-08-01 12:40,TL0001,8
2026-08-01 12:40,TL0002,24
2026-08-01 12:40,TL0003,20
2026-08-01 12:40,TL0004,26
2026-08-01 12:40,TL0005,21
2026-08-01 12:40,TL0006,24
2026-08-01 12:40,TL0007,5
2026-08-01 12:40,TL0008,8
2026-08-01 12:40,TL0009,17
2026-08-01 12:40,TL0010,22
2026-08-01 12:40,TL0011,40
2026-08-01 12:40,TL0012,28
2026-08-01 12:40,TL0013,40
2026-08-01 12:40,TL0014,14
2026-08-01 12:40,TL0015,25
2026-08-01 12:40,TL0016,25
2026-08-01 12:40,TL0017,26
2026-08-01 12:40,TL0018,20
2026-08-01 12:40,TL0019,49
2026-08-01 12:45,TL0000,48
2026-08-01 12:45,TL0001,9
2026-08-01 12:45,TL0002,17
2026-08-01 12:45,TL0003,22
2026-08-01 12:45,TL0004,36
2026-08-01 12:45,TL0005,39
2026-08-01 12:45,TL0006,23
2026-08-01 12:45,TL0007,19
2026-08-01 12:45,TL0008,22
2026-08-01 12:45,TL0009,20
2026-08-01 12:45,TL0010,33
2026-08-01 12:45,TL0011,36
2026-08-01 12:45,TL0012,26
2026-08-01 12:45,TL0013,54
2026-08-01 12:45,TL0014,9
2026-08-01 12:45,TL0015,25
2026-08-01 12:45,TL0016,17
2026-08-01 12:45,TL0017,23
2026-08-01 12:45,TL0018,26
2026-08-01 12:45,TL0019,29
2026-08-01 12:50,TL0000,45
2026-08-01 12:50,TL0001,9
2026-08-01 12:50,TL0002,21
2026-08-01 12:50,TL0003,20
2026-08-01 12:50,TL0004,22
2026-08-01 12:50,TL0005,31
2026-08-01 12:50,TL0006,28
2026-08-01 12:50,TL0007,17
2026-08-01 12:50,TL0008,24
2026-08-01 12:50,TL0009,31
2026-08-01 12:50,TL0010,14
2026-08-01 12:50,TL0011,19
2026-08-01 12:50,TL0012,22
2026-08-01 12:50,TL0013,29
2026-08-01 12:50,TL0014,11
2026-08-01 12:50,TL0015,19
2026-08-01 12:50,TL0016,10
2026-08-01 12:50,TL0017,28
2026-08-01 12:50,TL0018,19
2026-08-01 12:50,TL0019,47
2026-08-01 12:55,TL0000,27
2026-08-01 12:55,TL0001,15
2026-08-01 12:55,TL0002,15
2026-08-01 12:55,TL0003,27
2026-08-01 12:55,TL0004,22
2026-08-01 12:55,TL0005,35
2026-08-01 12:55,TL0006,45
2026-08-01 12:55,TL0007,15
2026-08-01 12:55,TL0008,9
2026-08-01 12:55,TL0009,25
2026-08-01 12:55,TL0010,24
2026-08-01 12:55,TL0011,26
2026-08-01 12:55,TL0012,21
2026-08-01 12:55,TL0013,28
2026-08-01 12:55,TL0014,4
2026-08-01 12:55,TL0015,18
2026-08-01 12:55,TL0016,10
2026-08-01 12:55,TL0017,29
2026-08-01 12:55,TL0018,20
2026-08-01 12:55,TL0019,47
2026-08-01 13:00,TL0000,22
2026-08-01 13:00,TL0001,19
2026-08-01 13:00,TL0002,17
2026-08-01 13:00,TL0003,19
2026-08-01 13:00,TL0004,21
2026-08-01 13:00,TL0005,34
2026-08-01 13:00,TL0006,29
2026-08-01 13:00,TL0007,18
2026-08-01 13:00,TL0008,7
2026-08-01 13:00,TL0009,28
2026-08-01 13:00,TL0010,29
2026-08-01 13:00,TL0011,18
2026-08-01 13:00,TL0012,22
2026-08-01 13:00,TL0013,26
2026-08-01 13:00,TL0014,8
2026-08-01 13:00,TL0015,15
2026-08-01 13:00,TL0016,16
2026-08-01 13:00,TL0017,29
2026-08-01 13:00,TL0018,24
2026-08-01 13:00,TL0019,33
2026-08-01 13:05,TL0000,29
2026-08-01 13:05,TL0001,21
2026-08-01 13:05,TL0002,12
2026-08-01 13:05,TL0003,34
2026-08-01 13:05,TL0004,41
2026-08-01 13:05,TL0005,29
2026-08-01 13:05,TL0006,39
2026-08-01 13:05,TL0007,8
2026-08-01 13:05,TL0008,8
2026-08-01 13:05,TL0009,15
2026-08-01 13:05,TL0010,21
2026-08-01 13:05,TL0011,31
2026-08-01 13:05,TL0012,33
2026-08-01 13:05,TL0013,33
2026-08-01 13:05,TL0014,20
2026-08-01 13:05,TL0015,22
2026-08-01 13:05,TL0016,28
2026-08-01 13:05,TL0017,25
2026-08-01 13:05,TL0018,31
2026-08-01 13:05,TL0019,18
2026-08-01 13:10,TL0000,36
2026-08-01 13:10,TL0001,9
2026-08-01 13:10,TL0002,28
2026-08-01 13:10,TL0003,23
2026-08-01 13:10,TL0004,21
2026-08-01 13:10,TL0005,45
2026-08-01 13:10,TL0006,21
2026-08-01 13:10,TL0007,18
2026-08-01 13:10,TL0008,10
2026-08-01 13:10,TL0009,18
2026-08-01 13:10,TL0010,24
2026-08-01 13:10,TL0011,27
2026-08-01 13:10,TL0012,25
2026-08-01 13:10,TL0013,32
2026-08-01 13:10,TL0014,6
2026-08-01 13:10,TL0015,17
2026-08-01 13:10,TL0016,16
2026-08-01 13:10,TL0017,26
2026-08-01 13:10,TL0018,42
2026-08-01 13:10,TL0019,23
2026-08-01 13:15,TL0000,47
2026-08-01 13:15,TL0001,15
2026-08-01 13:15,TL0002,21
2026-08-01 13:15,TL0003,13
2026-08-01 13:15,TL0004,36
2026-08-01 13:15,TL0005,44
2026-08-01 13:15,TL0006,38
2026-08-01 13:15,TL0007,20
2026-08-01 13:15,TL0008,17
2026-08-01 13:15,TL0009,31
2026-08-01 13:15,TL0010,18
2026-08-01 13:15,TL0011,27
2026-08-01 13:15,TL0012,48
2026-08-01 13:15,TL0013,22
2026-08-01 13:15,TL0014,6
2026-08-01 13:15,TL0015,20
2026-08-01 13:15,TL0016,10
2026-08-01 13:15,TL0017,21
2026-08-01 13:15,TL0018,35
2026-08-01 13:15,TL0019,20
2026-08-01 13:20,TL0000,49
2026-08-01 13:20,TL0001,16
2026-08-01 13:20,TL0002,11
2026-08-01 13:20,TL0003,17
2026-08-01 13:20,TL0004,19
2026-08-01 13:20,TL0005,23
2026-08-01 13:20,TL0006,32
2026-08-01 13:20,TL0007,11
2026-08-01 13:20,TL0008,18
2026-08-01 13:20,TL0009,13
2026-08-01 13:20,TL0010,14
2026-08-01 13:20,TL0011,17
2026-08-01 13:20,TL0012,40
2026-08-01 13:20,TL0013,35
2026-08-01 13:20,TL0014,7
2026-08-01 13:20,TL0015,13
2026-08-01 13:20,TL0016,26
2026-08-01 13:20,TL0017,24
2026-08-01 13:20,TL0018,18
2026-08-01 13:20,TL0019,46
2026-08-01 13:25,TL0000,23
2026-08-01 13:25,TL0001,24
2026-08-01 13:25,TL0002,14
2026-08-01 13:25,TL0003,24
2026-08-01 13:25,TL0004,28
2026-08-01 13:25,TL0005,23
2026-08-01 13:25,TL0006,28
2026-08-01 13:25,TL0007,13
2026-08-01 13:25,TL0008,17
2026-08-01 13:25,TL0009,23
2026-08-01 13:25,TL0010,17
2026-08-01 13:25,TL0011,17
2026-08-01 13:25,TL0012,21
2026-08-01 13:25,TL0013,27
2026-08-01 13:25,TL0014,14
2026-08-01 13:25,TL0015,8
2026-08-01 13:25,TL0016,16
2026-08-01 13:25,TL0017,19
2026-08-01 13:25,TL0018,21
2026-08-01 13:25,TL0019,33
2026-08-01 13:30,TL0000,35
2026-08-01 13:30,TL0001,24
2026-08-01 13:30,TL0002,21
2026-08-01 13:30,TL0003,30
2026-08-01 13:30,TL0004,22
2026-08-01 13:30,TL0005,47
2026-08-01 13:30,TL0006,51
2026-08-01 13:30,TL0007,13
2026-08-01 13:30,TL0008,25
2026-08-01 13:30,TL0009,30
2026-08-01 13:30,TL0010,30
2026-08-01 13:30,TL0011,21
2026-08-01 13:30,TL0012,28
2026-08-01 13:30,TL0013,43
2026-08-01 13:30,TL0014,6
2026-08-01 13:30,TL0015,10
2026-08-01 13:30,TL0016,27
2026-08-01 13:30,TL0017,35
2026-08-01 13:30,TL0018,20
2026-08-01 13:30,TL0019,31
2026-08-01 13:35,TL0000,46
2026-08-01 13:35,TL0001,21
2026-08-01 13:35,TL0002,18
2026-08-01 13:35,TL0003,32
2026-08-01 13:35,TL0004,25
2026-08-01 13:35,TL0005,24
2026-08-01 13:35,TL0006,24
2026-08-01 13:35,TL0007,16
2026-08-01 13:35,TL0008,17
2026-08-01 13:35,TL0009,15
2026-08-01 13:35,TL0010,34
2026-08-01 13:35,TL0011,28
2026-08-01 13:35,TL0012,45
2026-08-01 13:35,TL0013,29
2026-08-01 13:35,TL0014,8
2026-08-01 13:35,TL0015,21
2026-08-01 13:35,TL0016,28
2026-08-01 13:35,TL0017,35
2026-08-01 13:35,TL0018,28
2026-08-01 13:35,TL0019,21
2026-08-01 13:40,TL0000,29
2026-08-01 13:40,TL0001,20
2026-08-01 13:40,TL0002,12
2026-08-01 13:40,TL0003,17
2026-08-01 13:40,TL0004,16
2026-08-01 13:40,TL0005,32
2026-08-01 13:40,TL0006,32
2026-08-01 13:40,TL0007,10
2026-08-01 13:40,TL0008,19
2026-08-01 13:40,TL0009,31
2026-08-01 13:40,TL0010,17
2026-08-01 13:40,TL0011,24
2026-08-01 13:40,TL0012,40
2026-08-01 13:40,TL0013,48
2026-08-01 13:40,TL0014,14
2026-08-01 13:40,TL0015,13
2026-08-01 13:40,TL0016,29
2026-08-01 13:40,TL0017,18
2026-08-01 13:40,TL0018,31
2026-08-01 13:40,TL0019,39
2026-08-01 13:45,TL0000,23
2026-08-01 13:45,TL0001,20
2026-08-01 13:45,TL0002,22
2026-08-01 13:45,TL0003,27
2026-08-01 13:45,TL0004,22
2026-08-01 13:45,TL0005,30
2026-08-01 13:45,TL0006,40
2026-08-01 13:45,TL0007,10
2026-08-01 13:45,TL0008,19
2026-08-01 13:45,TL0009,30
2026-08-01 13:45,TL0010,35
2026-08-01 13:45,TL0011,22
2026-08-01 13:45,TL0012,34
2026-08-01 13:45,TL0013,23
2026-08-01 13:45,TL0014,19
2026-08-01 13:45,TL0015,12
2026-08-01 13:45,TL0016,22
2026-08-01 13:45,TL0017,17
2026-08-01 13:45,TL0018,16
2026-08-01 13:45,TL0019,22
2026-08-01 13:50,TL0000,23
2026-08-01 13:50,TL0001,24
2026-08-01 13:50,TL0002,20
2026-08-01 13:50,TL0003,26
2026-08-01 13:50,TL0004,22
2026-08-01 13:50,TL0005,47
2026-08-01 13:50,TL0006,27
2026-08-01 13:50,TL0007,10
2026-08-01 13:50,TL0008,9
2026-08-01 13:50,TL0009,12
2026-08-01 13:50,TL0010,28
2026-08-01 13:50,TL0011,29
2026-08-01 13:50,TL0012,48
2026-08-01 13:50,TL0013,37
2026-08-01 13:50,TL0014,4
2026-08-01 13:50,TL0015,24
2026-08-01 13:50,TL0016,25
2026-08-01 13:50,TL0017,16
2026-08-01 13:50,TL0018,24
2026-08-01 13:50,TL0019,34
2026-08-01 13:55,TL0000,33
2026-08-01 13:55,TL0001,12
2026-08-01 13:55,TL0002,23
2026-08-01 13:55,TL0003,24
2026-08-01 13:55,TL0004,31
2026-08-01 13:55,TL0005,37
2026-08-01 13:55,TL0006,33
2026-08-01 13:55,TL0007,6
2026-08-01 13:55,TL0008,12
2026-08-01 13:55,TL0009,28
2026-08-01 13:55,TL0010,21
2026-08-01 13:55,TL0011,42
2026-08-01 13:55,TL0012,40
2026-08-01 13:55,TL0013,25
2026-08-01 13:55,TL0014,13
2026-08-01 13:55,TL0015,8
2026-08-01 13:55,TL0016,20
2026-08-01 13:55,TL0017,28
2026-08-01 13:55,TL0018,21
2026-08-01 13:55,TL0019,24
2026-08-01 14:00,TL0000,34
2026-08-01 14:00,TL0001,22
2026-08-01 14:00,TL0002,23
2026-08-01 14:00,TL0003,26
2026-08-01 14:00,TL0004,26
2026-08-01 14:00,TL0005,34
2026-08-01 14:00,TL0006,50
2026-08-01 14:00,TL0007,14
2026-08-01 14:00,TL0008,25
2026-08-01 14:00,TL0009,24
2026-08-01 14:00,TL0010,34
2026-08-01 14:00,TL0011,22
2026-08-01 14:00,TL0012,38
2026-08-01 14:00,TL0013,52
2026-08-01 14:00,TL0014,12
2026-08-01 14:00,TL0015,21
2026-08-01 14:00,TL0016,24
2026-08-01 14:00,TL0017,25
2026-08-01 14:00,TL0018,16
2026-08-01 14:00,TL0019,22
2026-08-01 14:05,TL0000,46
2026-08-01 14:05,TL0001,15
2026-08-01 14:05,TL0002,10
2026-08-01 14:05,TL0003,34
2026-08-01 14:05,TL0004,19
2026-08-01 14:05,TL0005,27
2026-08-01 14:05,TL0006,32
2026-08-01 14:05,TL0007,5
2026-08-01 14:05,TL0008,15
2026-08-01 14:05,TL0009,24
2026-08-01 14:05,TL0010,13
2026-08-01 14:05,TL0011,36
2026-08-01 14:05,TL0012,33
2026-08-01 14:05,TL0013,42
2026-08-01 14:05,TL0014,12
2026-08-01 14:05,TL0015,21
2026-08-01 14:05,TL0016,10
2026-08-01 14:05,TL0017,26
2026-08-01 14:05,TL0018,34
2026-08-01 14:05,TL0019,32
2026-08-01 14:10,TL0000,36
2026-08-01 14:10,TL0001,13
2026-08-01 14:10,TL0002,23
2026-08-01 14:10,TL0003,21
2026-08-01 14:10,TL0004,36
2026-08-01 14:10,TL0005,23
2026-08-01 14:10,TL0006,50
2026-08-01 14:10,TL0007,14
2026-08-01 14:10,TL0008,19
2026-08-01 14:10,TL0009,17
2026-08-01 14:10,TL0010,30
2026-08-01 14:10,TL0011,41
2026-08-01 14:10,TL0012,40
2026-08-01 14:10,TL0013,38
2026-08-01 14:10,TL0014,14
2026-08-01 14:10,TL0015,9
2026-08-01 14:10,TL0016,24
2026-08-01 14:10,TL0017,15
2026-08-01 14:10,TL0018,41
2026-08-01 14:10,TL0019,22
2026-08-01 14:15,TL0000,34
2026-08-01 14:15,TL0001,18
2026-08-01 14:15,TL0002,17
2026-08-01 14:15,TL0003,16
2026-08-01 14:15,TL0004,30
2026-08-01 14:15,TL0005,32
2026-08-01 14:15,TL0006,49
2026-08-01 14:15,TL0007,12
2026-08-01 14:15,TL0008,14
2026-08-01 14:15,TL0009,30
2026-08-01 14:15,TL0010,21
2026-08-01 14:15,TL0011,19
2026-08-01 14:15,TL0012,46
2026-08-01 14:15,TL0013,30
2026-08-01 14:15,TL0014,13
2026-08-01 14:15,TL0015,15
2026-08-01 14:15,TL0016,26
2026-08-01 14:15,TL0017,34
2026-08-01 14:15,TL0018,28
2026-08-01 14:15,TL0019,26
2026-08-01 14:20,TL0000,27
2026-08-01 14:20,TL0001,9
2026-08-01 14:20,TL0002,11
2026-08-01 14:20,TL0003,29
2026-08-01 14:20,TL0004,41
2026-08-01 14:20,TL0005,42
2026-08-01 14:20,TL0006,51
2026-08-01 14:20,TL0007,20
2026-08-01 14:20,TL0008,10
2026-08-01 14:20,TL0009,20
2026-08-01 14:20,TL0010,28
2026-08-01 14:20,TL0011,25
2026-08-01 14:20,TL0012,34
2026-08-01 14:20,TL0013,22
2026-08-01 14:20,TL0014,11
2026-08-01 14:20,TL0015,23
2026-08-01 14:20,TL0016,19
2026-08-01 14:20,TL0017,34
2026-08-01 14:20,TL0018,35
2026-08-01 14:20,TL0019,36
2026-08-01 14:25,TL0000,49
2026-08-01 14:25,TL0001,25
2026-08-01 14:25,TL0002,10
2026-08-01 14:25,TL0003,13
2026-08-01 14:25,TL0004,35
2026-08-01 14:25,TL0005,31
2026-08-01 14:25,TL0006,29
2026-08-01 14:25,TL0007,5
2026-08-01 14:25,TL0008,8
2026-08-01 14:25,TL0009,10
2026-08-01 14:25,TL0010,24
2026-08-01 14:25,TL0011,36
2026-08-01 14:25,TL0012,20
2026-08-01 14:25,TL0013,47
2026-08-01 14:25,TL0014,11
2026-08-01 14:25,TL0015,13
2026-08-01 14:25,TL0016,17
2026-08-01 14:25,TL0017,36
2026-08-01 14:25,TL0018,16
2026-08-01 14:25,TL0019,23
2026-08-01 14:30,TL0000,20
2026-08-01 14:30,TL0001,19
2026-08-01 14:30,TL0002,18
2026-08-01 14:30,TL0003,23
2026-08-01 14:30,TL0004,35
2026-08-01 14:30,TL0005,41
2026-08-01 14:30,TL0006,27
2026-08-01 14:30,TL0007,10
2026-08-01 14:30,TL0008,12
2026-08-01 14:30,TL0009,12
2026-08-01 14:30,TL0010,12
2026-08-01 14:30,TL0011,18
2026-08-01 14:30,TL0012,39
2026-08-01 14:30,TL0013,44
2026-08-01 14:30,TL0014,14
2026-08-01 14:30,TL0015,19
2026-08-01 14:30,TL0016,27
2026-08-01 14:30,TL0017,15
2026-08-01 14:30,TL0018,27
2026-08-01 14:30,TL0019,33
2026-08-01 14:35,TL0000,20
2026-08-01 14:35,TL0001,7
2026-08-01 14:35,TL0002,14
2026-08-01 14:35,TL0003,17
2026-08-01 14:35,TL0004,28
2026-08-01 14:35,TL0005,22
2026-08-01 14:35,TL0006,47
2026-08-01 14:35,TL0007,6
2026-08-01 14:35,TL0008,11
2026-08-01 14:35,TL0009,19
2026-08-01 14:35,TL0010,22
2026-08-01 14:35,TL0011,35
2026-08-01 14:35,TL0012,33
2026-08-01 14:35,TL0013,23
2026-08-01 14:35,TL0014,17
2026-08-01 14:35,TL0015,23
2026-08-01 14:35,TL0016,28
2026-08-01 14:35,TL0017,32
2026-08-01 14:35,TL0018,38
2026-08-01 14:35,TL0019,24
2026-08-01 14:40,TL0000,40
2026-08-01 14:40,TL0001,11
2026-08-01 14:40,TL0002,21
2026-08-01 14:40,TL0003,23
2026-08-01 14:40,TL0004,18
2026-08-01 14:40,TL0005,37
2026-08-01 14:40,TL0006,25
2026-08-01 14:40,TL0007,7
2026-08-01 14:40,TL0008,8
2026-08-01 14:40,TL0009,12
2026-08-01 14:40,TL0010,19
2026-08-01 14:40,TL0011,34
2026-08-01 14:40,TL0012,44
2026-08-01 14:40,TL0013,35
2026-08-01 14:40,TL0014,8
2026-08-01 14:40,TL0015,23
2026-08-01 14:40,TL0016,17
2026-08-01 14:40,TL0017,32
2026-08-01 14:40,TL0018,27
2026-08-01 14:40,TL0019,45
2026-08-01 14:45,TL0000,36
2026-08-01 14:45,TL0001,12
2026-08-01 14:45,TL0002,20
2026-08-01 14:45,TL0003,36
2026-08-01 14:45,TL0004,30
2026-08-01 14:45,TL0005,30
2026-08-01 14:45,TL0006,32
2026-08-01 14:45,TL0007,15
2026-08-01 14:45,TL0008,10
2026-08-01 14:45,TL0009,23
2026-08-01 14:45,TL0010,19
2026-08-01 14:45,TL0011,37
2026-08-01 14:45,TL0012,19
2026-08-01 14:45,TL0013,24
2026-08-01 14:45,TL0014,18
2026-08-01 14:45,TL0015,20
2026-08-01 14:45,TL0016,18
2026-08-01 14:45,TL0017,18
2026-08-01 14:45,TL0018,32
2026-08-01 14:45,TL0019,31
2026-08-01 14:50,TL0000,52
2026-08-01 14:50,TL0001,14
2026-08-01 14:50,TL0002,19
2026-08-01 14:50,TL0003,21
2026-08-01 14:50,TL0004,28
2026-08-01 14:50,TL0005,46
2026-08-01 14:50,TL0006,43
2026-08-01 14:50,TL0007,16
2026-08-01 14:50,TL0008,10
2026-08-01 14:50,TL0009,30
2026-08-01 14:50,TL0010,16
2026-08-01 14:50,TL0011,32
2026-08-01 14:50,TL0012,45
2026-08-01 14:50,TL0013,29
2026-08-01 14:50,TL0014,8
2026-08-01 14:50,TL0015,15
2026-08-01 14:50,TL0016,18
2026-08-01 14:50,TL0017,32
2026-08-01 14:50,TL0018,34
2026-08-01 14:50,TL0019,32
2026-08-01 14:55,TL0000,44
2026-08-01 14:55,TL0001,7
2026-08-01 14:55,TL0002,23
2026-08-01 14:55,TL0003,25
2026-08-01 14:55,TL0004,22
2026-08-01 14:55,TL0005,40
2026-08-01 14:55,TL0006,29
2026-08-01 14:55,TL0007,16
2026-08-01 14:55,TL0008,7
2026-08-01 14:55,TL0009,30
2026-08-01 14:55,TL0010,33
2026-08-01 14:55,TL0011,30
2026-08-01 14:55,TL0012,43
2026-08-01 14:55,TL0013,33
2026-08-01 14:55,TL0014,18
2026-08-01 14:55,TL0015,20
2026-08-01 14:55,TL0016,20
2026-08-01 14:55,TL0017,12
2026-08-01 14:55,TL0018,21
2026-08-01 14:55,TL0019,23
2026-08-01 15:00,TL0000,34
2026-08-01 15:00,TL0001,15
2026-08-01 15:00,TL0002,12
2026-08-01 15:00,TL0003,22
2026-08-01 15:00,TL0004,37
2026-08-01 15:00,TL0005,52
2026-08-01 15:00,TL0006,48
2026-08-01 15:00,TL0007,18
2026-08-01 15:00,TL0008,18
2026-08-01 15:00,TL0009,21
2026-08-01 15:00,TL0010,32
2026-08-01 15:00,TL0011,45
2026-08-01 15:00,TL0012,38
2026-08-01 15:00,TL0013,48
2026-08-01 15:00,TL0014,16
2026-08-01 15:00,TL0015,20
2026-08-01 15:00,TL0016,18
2026-08-01 15:00,TL0017,39
2026-08-01 15:00,TL0018,20
2026-08-01 15:00,TL0019,39
2026-08-01 15:05,TL0000,46
2026-08-01 15:05,TL0001,21
2026-08-01 15:05,TL0002,18
2026-08-01 15:05,TL0003,29
2026-08-01 15:05,TL0004,37
2026-08-01 15:05,TL0005,27
2026-08-01 15:05,TL0006,36
2026-08-01 15:05,TL0007,15
2026-08-01 15:05,TL0008,21
2026-08-01 15:05,TL0009,23
2026-08-01 15:05,TL0010,14
2026-08-01 15:05,TL0011,41
2026-08-01 15:05,TL0012,42
2026-08-01 15:05,TL0013,33
2026-08-01 15:05,TL0014,15
2026-08-01 15:05,TL0015,8
2026-08-01 15:05,TL0016,30
2026-08-01 15:05,TL0017,37
2026-08-01 15:05,TL0018,27
2026-08-01 15:05,TL0019,30
2026-08-01 15:10,TL0000,43
2026-08-01 15:10,TL0001,10
2026-08-01 15:10,TL0002,13
2026-08-01 15:10,TL0003,27
2026-08-01 15:10,TL0004,24
2026-08-01 15:10,TL0005,38
2026-08-01 15:10,TL0006,29
2026-08-01 15:10,TL0007,20
2026-08-01 15:10,TL0008,13
2026-08-01 15:10,TL0009,25
2026-08-01 15:10,TL0010,18
2026-08-01 15:10,TL0011,26
2026-08-01 15:10,TL0012,42
2026-08-01 15:10,TL0013,46
2026-08-01 15:10,TL0014,5
2026-08-01 15:10,TL0015,15
2026-08-01 15:10,TL0016,28
2026-08-01 15:10,TL0017,27
2026-08-01 15:10,TL0018,17
2026-08-01 15:10,TL0019,25
2026-08-01 15:15,TL0000,54
2026-08-01 15:15,TL0001,18
2026-08-01 15:15,TL0002,20
2026-08-01 15:15,TL0003,33
2026-08-01 15:15,TL0004,35
2026-08-01 15:15,TL0005,27
2026-08-01 15:15,TL0006,50
2026-08-01 15:15,TL0007,12
2026-08-01 15:15,TL0008,9
2026-08-01 15:15,TL0009,24
2026-08-01 15:15,TL0010,32
2026-08-01 15:15,TL0011,20
2026-08-01 15:15,TL0012,45
2026-08-01 15:15,TL0013,41
2026-08-01 15:15,TL0014,16
2026-08-01 15:15,TL0015,11
2026-08-01 15:15,TL0016,30
2026-08-01 15:15,TL0017,29
2026-08-01 15:15,TL0018,35
2026-08-01 15:15,TL0019,52
2026-08-01 15:20,TL0000,29
2026-08-01 15:20,TL0001,9
2026-08-01 15:20,TL0002,12
2026-08-01 15:20,TL0003,19
2026-08-01 15:20,TL0004,23
2026-08-01 15:20,TL0005,29
2026-08-01 15:20,TL0006,50
2026-08-01 15:20,TL0007,11
2026-08-01 15:20,TL0008,27
2026-08-01 15:20,TL0009,26
2026-08-01 15:20,TL0010,40
2026-08-01 15:20,TL0011,31
2026-08-01 15:20,TL0012,40
2026-08-01 15:20,TL0013,31
2026-08-01 15:20,TL0014,14
2026-08-01 15:20,TL0015,23
2026-08-01 15:20,TL0016,27
2026-08-01 15:20,TL0017,27
2026-08-01 15:20,TL0018,34
2026-08-01 15:20,TL0019,51
2026-08-01 15:25,TL0000,32
2026-08-01 15:25,TL0001,21
2026-08-01 15:25,TL0002,28
2026-08-01 15:25,TL0003,25
2026-08-01 15:25,TL0004,35
2026-08-01 15:25,TL0005,31
2026-08-01 15:25,TL0006,40
2026-08-01 15:25,TL0007,12
2026-08-01 15:25,TL0008,12
2026-08-01 15:25,TL0009,22
2026-08-01 15:25,TL0010,31
2026-08-01 15:25,TL0011,35
2026-08-01 15:25,TL0012,27
2026-08-01 15:25,TL0013,45
2026-08-01 15:25,TL0014,13
2026-08-01 15:25,TL0015,24
2026-08-01 15:25,TL0016,21
2026-08-01 15:25,TL0017,19
2026-08-01 15:25,TL0018,31
2026-08-01 15:25,TL0019,49
2026-08-01 15:30,TL0000,44
2026-08-01 15:30,TL0001,15
2026-08-01 15:30,TL0002,29
2026-08-01 15:30,TL0003,33
2026-08-01 15:30,TL0004,44
2026-08-01 15:30,TL0005,38
2026-08-01 15:30,TL0006,31
2026-08-01 15:30,TL0007,15
2026-08-01 15:30,TL0008,15
2026-08-01 15:30,TL0009,15
2026-08-01 15:30,TL0010,24
2026-08-01 15:30,TL0011,30
2026-08-01 15:30,TL0012,27
2026-08-01 15:30,TL0013,38
2026-08-01 15:30,TL0014,19
2026-08-01 15:30,TL0015,24
2026-08-01 15:30,TL0016,15
2026-08-01 15:30,TL0017,37
2026-08-01 15:30,TL0018,29
2026-08-01 15:30,TL0019,44
2026-08-01 15:35,TL0000,43
2026-08-01 15:35,TL0001,28
2026-08-01 15:35,TL0002,15
2026-08-01 15:35,TL0003,29
2026-08-01 15:35,TL0004,40
2026-08-01 15:35,TL0005,28
2026-08-01 15:35,TL0006,43
2026-08-01 15:35,TL0007,20
2026-08-01 15:35,TL0008,23
2026-08-01 15:35,TL0009,33
2026-08-01 15:35,TL0010,40
2026-08-01 15:35,TL0011,18
2026-08-01 15:35,TL0012,34
2026-08-01 15:35,TL0013,23
2026-08-01 15:35,TL0014,8
2026-08-01 15:35,TL0015,28
2026-08-01 15:35,TL0016,33
2026-08-01 15:35,TL0017,18
2026-08-01 15:35,TL0018,41
2026-08-01 15:35,TL0019,23
2026-08-01 15:40,TL0000,43
2026-08-01 15:40,TL0001,10
2026-08-01 15:40,TL0002,19
2026-08-01 15:40,TL0003,15
2026-08-01 15:40,TL0004,37
2026-08-01 15:40,TL0005,20
2026-08-01 15:40,TL0006,44
2026-08-01 15:40,TL0007,14
2026-08-01 15:40,TL0008,19
2026-08-01 15:40,TL0009,25
2026-08-01 15:40,TL0010,24
2026-08-01 15:40,TL0011,37
2026-08-01 15:40,TL0012,34
2026-08-01 15:40,TL0013,25
2026-08-01 15:40,TL0014,9
2026-08-01 15:40,TL0015,22
2026-08-01 15:40,TL0016,16
2026-08-01 15:40,TL0017,33
2026-08-01 15:40,TL0018,34
2026-08-01 15:40,TL0019,22
2026-08-01 15:45,TL0000,35
2026-08-01 15:45,TL0001,22
2026-08-01 15:45,TL0002,29
2026-08-01 15:45,TL0003,34
2026-08-01 15:45,TL0004,17
2026-08-01 15:45,TL0005,29
2026-08-01 15:45,TL0006,45
2026-08-01 15:45,TL0007,14
2026-08-01 15:45,TL0008,11
2026-08-01 15:45,TL0009,20
2026-08-01 15:45,TL0010,25
2026-08-01 15:45,TL0011,25
2026-08-01 15:45,TL0012,25
2026-08-01 15:45,TL0013,51
2026-08-01 15:45,TL0014,5
2026-08-01 15:45,TL0015,22
2026-08-01 15:45,TL0016,20
2026-08-01 15:45,TL0017,27
2026-08-01 15:45,TL0018,38
2026-08-01 15:45,TL0019,47
2026-08-01 15:50,TL0000,46
2026-08-01 15:50,TL0001,9
2026-08-01 15:50,TL0002,13
2026-08-01 15:50,TL0003,40
2026-08-01 15:50,TL0004,26
2026-08-01 15:50,TL0005,29
2026-08-01 15:50,TL0006,31
2026-08-01 15:50,TL0007,6
2026-08-01 15:50,TL0008,19
2026-08-01 15:50,TL0009,19
2026-08-01 15:50,TL0010,35
2026-08-01 15:50,TL0011,17
2026-08-01 15:50,TL0012,51
2026-08-01 15:50,TL0013,23
2026-08-01 15:50,TL0014,15
2026-08-01 15:50,TL0015,25
2026-08-01 15:50,TL0016,29
2026-08-01 15:50,TL0017,39
2026-08-01 15:50,TL0018,35
2026-08-01 15:50,TL0019,36
2026-08-01 15:55,TL0000,57
2026-08-01 15:55,TL0001,23
2026-08-01 15:55,TL0002,13
2026-08-01 15:55,TL0003,15
2026-08-01 15:55,TL0004,29
2026-08-01 15:55,TL0005,45
2026-08-01 15:55,TL0006,38
2026-08-01 15:55,TL0007,19
2026-08-01 15:55,TL0008,19
2026-08-01 15:55,TL0009,29
2026-08-01 15:55,TL0010,34
2026-08-01 15:55,TL0011,39
2026-08-01 15:55,TL0012,44
2026-08-01 15:55,TL0013,47
2026-08-01 15:55,TL0014,17
2026-08-01 15:55,TL0015,13
2026-08-01 15:55,TL0016,16
2026-08-01 15:55,TL0017,36
2026-08-01 15:55,TL0018,42
2026-08-01 15:55,TL0019,23
2026-08-01 16:00,TL0000,49
2026-08-01 16:00,TL0001,27
2026-08-01 16:00,TL0002,23
2026-08-01 16:00,TL0003,43
2026-08-01 16:00,TL0004,23
2026-08-01 16:00,TL0005,30
2026-08-01 16:00,TL0006,39
2026-08-01 16:00,TL0007,8
2026-08-01 16:00,TL0008,28
2026-08-01 16:00,TL0009,31
2026-08-01 16:00,TL0010,21
2026-08-01 16:00,TL0011,43
2026-08-01 16:00,TL0012,45
2026-08-01 16:00,TL0013,68
2026-08-01 16:00,TL0014,18
2026-08-01 16:00,TL0015,19
2026-08-01 16:00,TL0016,36
2026-08-01 16:00,TL0017,46
2026-08-01 16:00,TL0018,31
2026-08-01 16:00,TL0019,36
2026-08-01 16:05,TL0000,47
2026-08-01 16:05,TL0001,20
2026-08-01 16:05,TL0002,24
2026-08-01 16:05,TL0003,26
2026-08-01 16:05,TL0004,38
2026-08-01 16:05,TL0005,30
2026-08-01 16:05,TL0006,33
2026-08-01 16:05,TL0007,20
2026-08-01 16:05,TL0008,30
2026-08-01 16:05,TL0009,28
2026-08-01 16:05,TL0010,32
2026-08-01 16:05,TL0011,38
2026-08-01 16:05,TL0012,58
2026-08-01 16:05,TL0013,39
2026-08-01 16:05,TL0014,10
2026-08-01 16:05,TL0015,32
2026-08-01 16:05,TL0016,28
2026-08-01 16:05,TL0017,39
2026-08-01 16:05,TL0018,25
2026-08-01 16:05,TL0019,28
2026-08-01 16:10,TL0000,45
2026-08-01 16:10,TL0001,30
2026-08-01 16:10,TL0002,29
2026-08-01 16:10,TL0003,32
2026-08-01 16:10,TL0004,29
2026-08-01 16:10,TL0005,34
2026-08-01 16:10,TL0006,30
2026-08-01 16:10,TL0007,22
2026-08-01 16:10,TL0008,16
2026-08-01 16:10,TL0009,35
2026-08-01 16:10,TL0010,44
2026-08-01 16:10,TL0011,52
2026-08-01 16:10,TL0012,34
2026-08-01 16:10,TL0013,55
2026-08-01 16:10,TL0014,9
2026-08-01 16:10,TL0015,25
2026-08-01 16:10,TL0016,19
2026-08-01 16:10,TL0017,31
2026-08-01 16:10,TL0018,33
2026-08-01 16:10,TL0019,62
2026-08-01 16:15,TL0000,68
2026-08-01 16:15,TL0001,23
2026-08-01 16:15,TL0002,14
2026-08-01 16:15,TL0003,24
2026-08-01 16:15,TL0004,30
2026-08-01 16:15,TL0005,43
2026-08-01 16:15,TL0006,44
2026-08-01 16:15,TL0007,13
2026-08-01 16:15,TL0008,22
2026-08-01 16:15,TL0009,18
2026-08-01 16:15,TL0010,45
2026-08-01 16:15,TL0011,49
2026-08-01 16:15,TL0012,56
2026-08-01 16:15,TL0013,46
2026-08-01 16:15,TL0014,18
2026-08-01 16:15,TL0015,28
2026-08-01 16:15,TL0016,17
2026-08-01 16:15,TL0017,21
2026-08-01 16:15,TL0018,32
2026-08-01 16:15,TL0019,57
2026-08-01 16:20,TL0000,46
2026-08-01 16:20,TL0001,22
2026-08-01 16:20,TL0002,27
2026-08-01 16:20,TL0003,36
2026-08-01 16:20,TL0004,52
2026-08-01 16:20,TL0005,54
2026-08-01 16:20,TL0006,48
2026-08-01 16:20,TL0007,19
2026-08-01 16:20,TL0008,22
2026-08-01 16:20,TL0009,35
2026-08-01 16:20,TL0010,38
2026-08-01 16:20,TL0011,38
2026-08-01 16:20,TL0012,58
2026-08-01 16:20,TL0013,35
2026-08-01 16:20,TL0014,25
2026-08-01 16:20,TL0015,11
2026-08-01 16:20,TL0016,22
2026-08-01 16:20,TL0017,45
2026-08-01 16:20,TL0018,35
2026-08-01 16:20,TL0019,34
2026-08-01 16:25,TL0000,41
2026-08-01 16:25,TL0001,12
2026-08-01 16:25,TL0002,30
2026-08-01 16:25,TL0003,30
2026-08-01 16:25,TL0004,51
2026-08-01 16:25,TL0005,62
2026-08-01 16:25,TL0006,50
2026-08-01 16:25,TL0007,25
2026-08-01 16:25,TL0008,12
2026-08-01 16:25,TL0009,24
2026-08-01 16:25,TL0010,43
2026-08-01 16:25,TL0011,46
2026-08-01 16:25,TL0012,43
2026-08-01 16:25,TL0013,30
2026-08-01 16:25,TL0014,14
2026-08-01 16:25,TL0015,12
2026-08-01 16:25,TL0016,17
2026-08-01 16:25,TL0017,21
2026-08-01 16:25,TL0018,49
2026-08-01 16:25,TL0019,56
2026-08-01 16:30,TL0000,33
2026-08-01 16:30,TL0001,31
2026-08-01 16:30,TL0002,36
2026-08-01 16:30,TL0003,22
2026-08-01 16:30,TL0004,30
2026-08-01 16:30,TL0005,62
2026-08-01 16:30,TL0006,52
2026-08-01 16:30,TL0007,15
2026-08-01 16:30,TL0008,32
2026-08-01 16:30,TL0009,17
2026-08-01 16:30,TL0010,43
2026-08-01 16:30,TL0011,42
2026-08-01 16:30,TL0012,34
2026-08-01 16:30,TL0013,36
2026-08-01 16:30,TL0014,18
2026-08-01 16:30,TL0015,30
2026-08-01 16:30,TL0016,32
2026-08-01 16:30,TL0017,44
2026-08-01 16:30,TL0018,28
2026-08-01 16:30,TL0019,48
2026-08-01 16:35,TL0000,46
2026-08-01 16:35,TL0001,24
2026-08-01 16:35,TL0002,39
2026-08-01 16:35,TL0003,41
2026-08-01 16:35,TL0004,28
2026-08-01 16:35,TL0005,59
2026-08-01 16:35,TL0006,41
2026-08-01 16:35,TL0007,21
2026-08-01 16:35,TL0008,16
2026-08-01 16:35,TL0009,32
2026-08-01 16:35,TL0010,26
2026-08-01 16:35,TL0011,37
2026-08-01 16:35,TL0012,47
2026-08-01 16:35,TL0013,29
2026-08-01 16:35,TL0014,7
2026-08-01 16:35,TL0015,21
2026-08-01 16:35,TL0016,28
2026-08-01 16:35,TL0017,43
2026-08-01 16:35,TL0018,54
2026-08-01 16:35,TL0019,54
2026-08-01 16:40,TL0000,45
2026-08-01 16:40,TL0001,31
2026-08-01 16:40,TL0002,36
2026-08-01 16:40,TL0003,45
2026-08-01 16:40,TL0004,34
2026-08-01 16:40,TL0005,42
2026-08-01 16:40,TL0006,64
2026-08-01 16:40,TL0007,17
2026-08-01 16:40,TL0008,21
2026-08-01 16:40,TL0009,37
2026-08-01 16:40,TL0010,24
2026-08-01 16:40,TL0011,52
2026-08-01 16:40,TL0012,59
2026-08-01 16:40,TL0013,61
2026-08-01 16:40,TL0014,7
2026-08-01 16:40,TL0015,14
2026-08-01 16:40,TL0016,18
2026-08-01 16:40,TL0017,33
2026-08-01 16:40,TL0018,37
2026-08-01 16:40,TL0019,49
2026-08-01 16:45,TL0000,57
2026-08-01 16:45,TL0001,13
2026-08-01 16:45,TL0002,30
2026-08-01 16:45,TL0003,23
2026-08-01 16:45,TL0004,40
2026-08-01 16:45,TL0005,56
2026-08-01 16:45,TL0006,68
2026-08-01 16:45,TL0007,14
2026-08-01 16:45,TL0008,13
2026-08-01 16:45,TL0009,25
2026-08-01 16:45,TL0010,22
2026-08-01 16:45,TL0011,27
2026-08-01 16:45,TL0012,27
2026-08-01 16:45,TL0013,38
2026-08-01 16:45,TL0014,16
2026-08-01 16:45,TL0015,13
2026-08-01 16:45,TL0016,19
2026-08-01 16:45,TL0017,20
2026-08-01 16:45,TL0018,51
2026-08-01 16:45,TL0019,59
2026-08-01 16:50,TL0000,42
2026-08-01 16:50,TL0001,30
2026-08-01 16:50,TL0002,31
2026-08-01 16:50,TL0003,34
2026-08-01 16:50,TL0004,33
2026-08-01 16:50,TL0005,38
2026-08-01 16:50,TL0006,40
2026-08-01 16:50,TL0007,18
2026-08-01 16:50,TL0008,18
2026-08-01 16:50,TL0009,31
2026-08-01 16:50,TL0010,38
2026-08-01 16:50,TL0011,32
2026-08-01 16:50,TL0012,57
2026-08-01 16:50,TL0013,65
2026-08-01 16:50,TL0014,25
2026-08-01 16:50,TL0015,32
2026-08-01 16:50,TL0016,25
2026-08-01 16:50,TL0017,46
2026-08-01 16:50,TL0018,49
2026-08-01 16:50,TL0019,56
2026-08-01 16:55,TL0000,59
2026-08-01 16:55,TL0001,22
2026-08-01 16:55,TL0002,40
2026-08-01 16:55,TL0003,20
2026-08-01 16:55,TL0004,35
2026-08-01 16:55,TL0005,59
2026-08-01 16:55,TL0006,68
2026-08-01 16:55,TL0007,17
2026-08-01 16:55,TL0008,24
2026-08-01 16:55,TL0009,27
2026-08-01 16:55,TL0010,34
2026-08-01 16:55,TL0011,30
2026-08-01 16:55,TL0012,49
2026-08-01 16:55,TL0013,55
2026-08-01 16:55,TL0014,14
2026-08-01 16:55,TL0015,33
2026-08-01 16:55,TL0016,25
2026-08-01 16:55,TL0017,19
2026-08-01 16:55,TL0018,22
2026-08-01 16:55,TL0019,45
2026-08-01 17:00,TL0000,45
2026-08-01 17:00,TL0001,17
2026-08-01 17:00,TL0002,26
2026-08-01 17:00,TL0003,46
2026-08-01 17:00,TL0004,52
2026-08-01 17:00,TL0005,60
2026-08-01 17:00,TL0006,53
2026-08-01 17:00,TL0007,15
2026-08-01 17:00,TL0008,27
2026-08-01 17:00,TL0009,41
2026-08-01 17:00,TL0010,50
2026-08-01 17:00,TL0011,53
2026-08-01 17:00,TL0012,60
2026-08-01 17:00,TL0013,61
2026-08-01 17:00,TL0014,16
2026-08-01 17:00,TL0015,19
2026-08-01 17:00,TL0016,20
2026-08-01 17:00,TL0017,44
2026-08-01 17:00,TL0018,59
2026-08-01 17:00,TL0019,65
2026-08-01 17:05,TL0000,56
2026-08-01 17:05,TL0001,29
2026-08-01 17:05,TL0002,43
2026-08-01 17:05,TL0003,33
2026-08-01 17:05,TL0004,26
2026-08-01 17:05,TL0005,50
2026-08-01 17:05,TL0006,61
2026-08-01 17:05,TL0007,16
2026-08-01 17:05,TL0008,33
2026-08-01 17:05,TL0009,17
2026-08-01 17:05,TL0010,51
2026-08-01 17:05,TL0011,54
2026-08-01 17:05,TL0012,59
2026-08-01 17:05,TL0013,43
2026-08-01 17:05,TL0014,20
2026-08-01 17:05,TL0015,19
2026-08-01 17:05,TL0016,29
2026-08-01 17:05,TL0017,22
2026-08-01 17:05,TL0018,41
2026-08-01 17:05,TL0019,39
2026-08-01 17:10,TL0000,67
2026-08-01 17:10,TL0001,14
2026-08-01 17:10,TL0002,26
2026-08-01 17:10,TL0003,34
2026-08-01 17:10,TL0004,58
2026-08-01 17:10,TL0005,33
2026-08-01 17:10,TL0006,38
2026-08-01 17:10,TL0007,25
2026-08-01 17:10,TL0008,26
2026-08-01 17:10,TL0009,19
2026-08-01 17:10,TL0010,40
2026-08-01 17:10,TL0011,57
2026-08-01 17:10,TL0012,34
2026-08-01 17:10,TL0013,45
2026-08-01 17:10,TL0014,12
2026-08-01 17:10,TL0015,31
2026-08-01 17:10,TL0016,34
2026-08-01 17:10,TL0017,50
2026-08-01 17:10,TL0018,51
2026-08-01 17:10,TL0019,29
2026-08-01 17:15,TL0000,74
2026-08-01 17:15,TL0001,29
2026-08-01 17:15,TL0002,32
2026-08-01 17:15,TL0003,45
2026-08-01 17:15,TL0004,51
2026-08-01 17:15,TL0005,57
2026-08-01 17:15,TL0006,64
2026-08-01 17:15,TL0007,12
2026-08-01 17:15,TL0008,21
2026-08-01 17:15,TL0009,39
2026-08-01 17:15,TL0010,50
2026-08-01 17:15,TL0011,54
2026-08-01 17:15,TL0012,37
2026-08-01 17:15,TL0013,37
2026-08-01 17:15,TL0014,26
2026-08-01 17:15,TL0015,30
2026-08-01 17:15,TL0016,24
2026-08-01 17:15,TL0017,47
2026-08-01 17:15,TL0018,32
2026-08-01 17:15,TL0019,50
2026-08-01 17:20,TL0000,47
2026-08-01 17:20,TL0001,26
2026-08-01 17:20,TL0002,23
2026-08-01 17:20,TL0003,28
2026-08-01 17:20,TL0004,52
2026-08-01 17:20,TL0005,43
2026-08-01 17:20,TL0006,63
2026-08-01 17:20,TL0007,21
2026-08-01 17:20,TL0008,13
2026-08-01 17:20,TL0009,26
2026-08-01 17:20,TL0010,22
2026-08-01 17:20,TL0011,40
2026-08-01 17:20,TL0012,38
2026-08-01 17:20,TL0013,72
2026-08-01 17:20,TL0014,26
2026-08-01 17:20,TL0015,24
2026-08-01 17:20,TL0016,25
2026-08-01 17:20,TL0017,23
2026-08-01 17:20,TL0018,31
2026-08-01 17:20,TL0019,38
2026-08-01 17:25,TL0000,51
2026-08-01 17:25,TL0001,18
2026-08-01 17:25,TL0002,19
2026-08-01 17:25,TL0003,48
2026-08-01 17:25,TL0004,32
2026-08-01 17:25,TL0005,49
2026-08-01 17:25,TL0006,61
2026-08-01 17:25,TL0007,8
2026-08-01 17:25,TL0008,24
2026-08-01 17:25,TL0009,37
2026-08-01 17:25,TL0010,26
2026-08-01 17:25,TL0011,31
2026-08-01 17:25,TL0012,65
2026-08-01 17:25,TL0013,42
2026-08-01 17:25,TL0014,20
2026-08-01 17:25,TL0015,28
2026-08-01 17:25,TL0016,26
2026-08-01 17:25,TL0017,48
2026-08-01 17:25,TL0018,31
2026-08-01 17:25,TL0019,37
2026-08-01 17:30,TL0000,53
2026-08-01 17:30,TL0001,28
2026-08-01 17:30,TL0002,20
2026-08-01 17:30,TL0003,27
2026-08-01 17:30,TL0004,43
2026-08-01 17:30,TL0005,52
2026-08-01 17:30,TL0006,64
2026-08-01 17:30,TL0007,13
2026-08-01 17:30,TL0008,19
2026-08-01 17:30,TL0009,25
2026-08-01 17:30,TL0010,44
2026-08-01 17:30,TL0011,37
2026-08-01 17:30,TL0012,50
2026-08-01 17:30,TL0013,66
2026-08-01 17:30,TL0014,16
2026-08-01 17:30,TL0015,16
2026-08-01 17:30,TL0016,32
2026-08-01 17:30,TL0017,23
2026-08-01 17:30,TL0018,49
2026-08-01 17:30,TL0019,43
2026-08-01 17:35,TL0000,54
2026-08-01 17:35,TL0001,18
2026-08-01 17:35,TL0002,30
2026-08-01 17:35,TL0003,34
2026-08-01 17:35,TL0004,60
2026-08-01 17:35,TL0005,35
2026-08-01 17:35,TL0006,34
2026-08-01 17:35,TL0007,24
2026-08-01 17:35,TL0008,34
2026-08-01 17:35,TL0009,21
2026-08-01 17:35,TL0010,40
2026-08-01 17:35,TL0011,49
2026-08-01 17:35,TL0012,35
2026-08-01 17:35,TL0013,75
2026-08-01 17:35,TL0014,17
2026-08-01 17:35,TL0015,14
2026-08-01 17:35,TL0016,27
2026-08-01 17:35,TL0017,22
2026-08-01 17:35,TL0018,28
2026-08-01 17:35,TL0019,39
2026-08-01 17:40,TL0000,45
2026-08-01 17:40,TL0001,12
2026-08-01 17:40,TL0002,30
2026-08-01 17:40,TL0003,44
2026-08-01 17:40,TL0004,58
2026-08-01 17:40,TL0005,68
2026-08-01 17:40,TL0006,73
2026-08-01 17:40,TL0007,12
2026-08-01 17:40,TL0008,36
2026-08-01 17:40,TL0009,35
2026-08-01 17:40,TL0010,24
2026-08-01 17:40,TL0011,26
2026-08-01 17:40,TL0012,65
2026-08-01 17:40,TL0013,70
2026-08-01 17:40,TL0014,9
2026-08-01 17:40,TL0015,25
2026-08-01 17:40,TL0016,20
2026-08-01 17:40,TL0017,34
2026-08-01 17:40,TL0018,45
2026-08-01 17:40,TL0019,68
2026-08-01 17:45,TL0000,51
2026-08-01 17:45,TL0001,32
2026-08-01 17:45,TL0002,32
2026-08-01 17:45,TL0003,43
2026-08-01 17:45,TL0004,32
2026-08-01 17:45,TL0005,37
2026-08-01 17:45,TL0006,71
2026-08-01 17:45,TL0007,15
2026-08-01 17:45,TL0008,17
2026-08-01 17:45,TL0009,26
2026-08-01 17:45,TL0010,37
2026-08-01 17:45,TL0011,51
2026-08-01 17:45,TL0012,32
2026-08-01 17:45,TL0013,58
2026-08-01 17:45,TL0014,28
2026-08-01 17:45,TL0015,35
2026-08-01 17:45,TL0016,30
2026-08-01 17:45,TL0017,25
2026-08-01 17:45,TL0018,26
2026-08-01 17:45,TL0019,56
2026-08-01 17:50,TL0000,46
2026-08-01 17:50,TL0001,23
2026-08-01 17:50,TL0002,16
2026-08-01 17:50,TL0003,32
2026-08-01 17:50,TL0004,36
2026-08-01 17:50,TL0005,54
2026-08-01 17:50,TL0006,51
2026-08-01 17:50,TL0007,13
2026-08-01 17:50,TL0008,18
2026-08-01 17:50,TL0009,22
2026-08-01 17:50,TL0010,21
2026-08-01 17:50,TL0011,27
2026-08-01 17:50,TL0012,30
2026-08-01 17:50,TL0013,48
2026-08-01 17:50,TL0014,25
2026-08-01 17:50,TL0015,31
2026-08-01 17:50,TL0016,18
2026-08-01 17:50,TL0017,41
2026-08-01 17:50,TL0018,34
2026-08-01 17:50,TL0019,33
2026-08-01 17:55,TL0000,46
2026-08-01 17:55,TL0001,33
2026-08-01 17:55,TL0002,18
2026-08-01 17:55,TL0003,27
2026-08-01 17:55,TL0004,25
2026-08-01 17:55,TL0005,45
2026-08-01 17:55,TL0006,76
2026-08-01 17:55,TL0007,9
2026-08-01 17:55,TL0008,25
2026-08-01 17:55,TL0009,28
2026-08-01 17:55,TL0010,26
2026-08-01 17:55,TL0011,28
2026-08-01 17:55,TL0012,49
2026-08-01 17:55,TL0013,42
2026-08-01 17:55,TL0014,8
2026-08-01 17:55,TL0015,12
2026-08-01 17:55,TL0016,24
2026-08-01 17:55,TL0017,38
2026-08-01 17:55,TL0018,53
2026-08-01 17:55,TL0019,63
2026-08-01 18:00,TL0000,64
2026-08-01 18:00,TL0001,19
2026-08-01 18:00,TL0002,27
2026-08-01 18:00,TL0003,19
2026-08-01 18:00,TL0004,24
2026-08-01 18:00,TL0005,29
2026-08-01 18:00,TL0006,64
2026-08-01 18:00,TL0007,12
2026-08-01 18:00,TL0008,32
2026-08-01 18:00,TL0009,31
2026-08-01 18:00,TL0010,31
2026-08-01 18:00,TL0011,32
2026-08-01 18:00,TL0012,49
2026-08-01 18:00,TL0013,54
2026-08-01 18:00,TL0014,12
2026-08-01 18:00,TL0015,19
2026-08-01 18:00,TL0016,26
2026-08-01 18:00,TL0017,40
2026-08-01 18:00,TL0018,52
2026-08-01 18:00,TL0019,38
2026-08-01 18:05,TL0000,56
2026-08-01 18:05,TL0001,16
2026-08-01 18:05,TL0002,22
2026-08-01 18:05,TL0003,34
2026-08-01 18:05,TL0004,49
2026-08-01 18:05,TL0005,60
2026-08-01 18:05,TL0006,40
2026-08-01 18:05,TL0007,14
2026-08-01 18:05,TL0008,19
2026-08-01 18:05,TL0009,31
2026-08-01 18:05,TL0010,38
2026-08-01 18:05,TL0011,21
2026-08-01 18:05,TL0012,38
2026-08-01 18:05,TL0013,34
2026-08-01 18:05,TL0014,20
2026-08-01 18:05,TL0015,31
2026-08-01 18:05,TL0016,28
2026-08-01 18:05,TL0017,24
2026-08-01 18:05,TL0018,44
2026-08-01 18:05,TL0019,40
2026-08-01 18:10,TL0000,33
2026-08-01 18:10,TL0001,24
2026-08-01 18:10,TL0002,16
2026-08-01 18:10,TL0003,25
2026-08-01 18:10,TL0004,22
2026-08-01 18:10,TL0005,39
2026-08-01 18:10,TL0006,47
2026-08-01 18:10,TL0007,18
2026-08-01 18:10,TL0008,17
2026-08-01 18:10,TL0009,16
2026-08-01 18:10,TL0010,31
2026-08-01 18:10,TL0011,30
2026-08-01 18:10,TL0012,54
2026-08-01 18:10,TL0013,31
2026-08-01 18:10,TL0014,10
2026-08-01 18:10,TL0015,19
2026-08-01 18:10,TL0016,23
2026-08-01 18:10,TL0017,42
2026-08-01 18:10,TL0018,30
2026-08-01 18:10,TL0019,41
2026-08-01 18:15,TL0000,62
2026-08-01 18:15,TL0001,14
2026-08-01 18:15,TL0002,38
2026-08-01 18:15,TL0003,45
2026-08-01 18:15,TL0004,20
2026-08-01 18:15,TL0005,56
2026-08-01 18:15,TL0006,64
2026-08-01 18:15,TL0007,17
2026-08-01 18:15,TL0008,16
2026-08-01 18:15,TL0009,35
2026-08-01 18:15,TL0010,18
2026-08-01 18:15,TL0011,38
2026-08-01 18:15,TL0012,59
2026-08-01 18:15,TL0013,49
2026-08-01 18:15,TL0014,20
2026-08-01 18:15,TL0015,31
2026-08-01 18:15,TL0016,20
2026-08-01 18:15,TL0017,35
2026-08-01 18:15,TL0018,43
2026-08-01 18:15,TL0019,52
2026-08-01 18:20,TL0000,61
2026-08-01 18:20,TL0001,32
2026-08-01 18:20,TL0002,20
2026-08-01 18:20,TL0003,35
2026-08-01 18:20,TL0004,35
2026-08-01 18:20,TL0005,43
2026-08-01 18:20,TL0006,34
2026-08-01 18:20,TL0007,7
2026-08-01 18:20,TL0008,24
2026-08-01 18:20,TL0009,21
2026-08-01 18:20,TL0010,19
2026-08-01 18:20,TL0011,48
2026-08-01 18:20,TL0012,53
2026-08-01 18:20,TL0013,38
2026-08-01 18:20,TL0014,21
2026-08-01 18:20,TL0015,20
2026-08-01 18:20,TL0016,24
2026-08-01 18:20,TL0017,36
2026-08-01 18:20,TL0018,46
2026-08-01 18:20,TL0019,39
2026-08-01 18:25,TL0000,46
2026-08-01 18:25,TL0001,14
2026-08-01 18:25,TL0002,21
2026-08-01 18:25,TL0003,39
2026-08-01 18:25,TL0004,30
2026-08-01 18:25,TL0005,31
2026-08-01 18:25,TL0006,61
2026-08-01 18:25,TL0007,8
2026-08-01 18:25,TL0008,28
2026-08-01 18:25,TL0009,15
2026-08-01 18:25,TL0010,41
2026-08-01 18:25,TL0011,25
2026-08-01 18:25,TL0012,29
2026-08-01 18:25,TL0013,45
2026-08-01 18:25,TL0014,15
2026-08-01 18:25,TL0015,16
2026-08-01 18:25,TL0016,25
2026-08-01 18:25,TL0017,19
2026-08-01 18:25,TL0018,20
2026-08-01 18:25,TL0019,58
2026-08-01 18:30,TL0000,66
2026-08-01 18:30,TL0001,13
2026-08-01 18:30,TL0002,21
2026-08-01 18:30,TL0003,27
2026-08-01 18:30,TL0004,33
2026-08-01 18:30,TL0005,54
2026-08-01 18:30,TL0006,38
2026-08-01 18:30,TL0007,17
2026-08-01 18:30,TL0008,20
2026-08-01 18:30,TL0009,21
2026-08-01 18:30,TL0010,43
2026-08-01 18:30,TL0011,50
2026-08-01 18:30,TL0012,34
2026-08-01 18:30,TL0013,55
2026-08-01 18:30,TL0014,19
2026-08-01 18:30,TL0015,20
2026-08-01 18:30,TL0016,35
2026-08-01 18:30,TL0017,20
2026-08-01 18:30,TL0018,29
2026-08-01 18:30,TL0019,34
2026-08-01 18:35,TL0000,62
2026-08-01 18:35,TL0001,19
2026-08-01 18:35,TL0002,25
2026-08-01 18:35,TL0003,41
2026-08-01 18:35,TL0004,32
2026-08-01 18:35,TL0005,57
2026-08-01 18:35,TL0006,50
2026-08-01 18:35,TL0007,9
2026-08-01 18:35,TL0008,26
2026-08-01 18:35,TL0009,35
2026-08-01 18:35,TL0010,23
2026-08-01 18:35,TL0011,40
2026-08-01 18:35,TL0012,37
2026-08-01 18:35,TL0013,34
2026-08-01 18:35,TL0014,19
2026-08-01 18:35,TL0015,12
2026-08-01 18:35,TL0016,31
2026-08-01 18:35,TL0017,29
2026-08-01 18:35,TL0018,22
2026-08-01 18:35,TL0019,60
2026-08-01 18:40,TL0000,44
2026-08-01 18:40,TL0001,24
2026-08-01 18:40,TL0002,25
2026-08-01 18:40,TL0003,17
2026-08-01 18:40,TL0004,52
2026-08-01 18:40,TL0005,42
2026-08-01 18:40,TL0006,64
2026-08-01 18:40,TL0007,15
2026-08-01 18:40,TL0008,20
2026-08-01 18:40,TL0009,17
2026-08-01 18:40,TL0010,20
2026-08-01 18:40,TL0011,40
2026-08-01 18:40,TL0012,44
2026-08-01 18:40,TL0013,46
2026-08-01 18:40,TL0014,12
2026-08-01 18:40,TL0015,21
2026-08-01 18:40,TL0016,32
2026-08-01 18:40,TL0017,38
2026-08-01 18:40,TL0018,21
2026-08-01 18:40,TL0019,33
2026-08-01 18:45,TL0000,45
2026-08-01 18:45,TL0001,10
2026-08-01 18:45,TL0002,31
2026-08-01 18:45,TL0003,30
2026-08-01 18:45,TL0004,51
2026-08-01 18:45,TL0005,52
2026-08-01 18:45,TL0006,56
2026-08-01 18:45,TL0007,14
2026-08-01 18:45,TL0008,21
2026-08-01 18:45,TL0009,21
2026-08-01 18:45,TL0010,17
2026-08-01 18:45,TL0011,31
2026-08-01 18:45,TL0012,51
2026-08-01 18:45,TL0013,41
2026-08-01 18:45,TL0014,24
2026-08-01 18:45,TL0015,20
2026-08-01 18:45,TL0016,14
2026-08-01 18:45,TL0017,21
2026-08-01 18:45,TL0018,39
2026-08-01 18:45,TL0019,46
2026-08-01 18:50,TL0000,38
2026-08-01 18:50,TL0001,15
2026-08-01 18:50,TL0002,33
2026-08-01 18:50,TL0003,33
2026-08-01 18:50,TL0004,52
2026-08-01 18:50,TL0005,32
2026-08-01 18:50,TL0006,49
2026-08-01 18:50,TL0007,16
2026-08-01 18:50,TL0008,25
2026-08-01 18:50,TL0009,34
2026-08-01 18:50,TL0010,38
2026-08-01 18:50,TL0011,20
2026-08-01 18:50,TL0012,52
2026-08-01 18:50,TL0013,60
2026-08-01 18:50,TL0014,11
2026-08-01 18:50,TL0015,31
2026-08-01 18:50,TL0016,30
2026-08-01 18:50,TL0017,32
2026-08-01 18:50,TL0018,32
2026-08-01 18:50,TL0019,43
2026-08-01 18:55,TL0000,55
2026-08-01 18:55,TL0001,21
2026-08-01 18:55,TL0002,25
2026-08-01 18:55,TL0003,38
2026-08-01 18:55,TL0004,27
2026-08-01 18:55,TL0005,54
2026-08-01 18:55,TL0006,59
2026-08-01 18:55,TL0007,15
2026-08-01 18:55,TL0008,19
2026-08-01 18:55,TL0009,34
2026-08-01 18:55,TL0010,23
2026-08-01 18:55,TL0011,44
2026-08-01 18:55,TL0012,25
2026-08-01 18:55,TL0013,36
2026-08-01 18:55,TL0014,11
2026-08-01 18:55,TL0015,22
2026-08-01 18:55,TL0016,25
2026-08-01 18:55,TL0017,44
2026-08-01 18:55,TL0018,25
2026-08-01 18:55,TL0019,31
2026-08-01 19:00,TL0000,50
2026-08-01 19:00,TL0001,7
2026-08-01 19:00,TL0002,17
2026-08-01 19:00,TL0003,37
2026-08-01 19:00,TL0004,36
2026-08-01 19:00,TL0005,25
2026-08-01 19:00,TL0006,53
2026-08-01 19:00,TL0007,15
2026-08-01 19:00,TL0008,16
2026-08-01 19:00,TL0009,23
2026-08-01 19:00,TL0010,15
2026-08-01 19:00,TL0011,23
2026-08-01 19:00,TL0012,41
2026-08-01 19:00,TL0013,51
2026-08-01 19:00,TL0014,15
2026-08-01 19:00,TL0015,18
2026-08-01 19:00,TL0016,21
2026-08-01 19:00,TL0017,14
2026-08-01 19:00,TL0018,26
2026-08-01 19:00,TL0019,34
2026-08-01 19:05,TL0000,26
2026-08-01 19:05,TL0001,8
2026-08-01 19:05,TL0002,17
2026-08-01 19:05,TL0003,25
2026-08-01 19:05,TL0004,22
2026-08-01 19:05,TL0005,31
2026-08-01 19:05,TL0006,49
2026-08-01 19:05,TL0007,6
2026-08-01 19:05,TL0008,14
2026-08-01 19:05,TL0009,12
2026-08-01 19:05,TL0010,14
2026-08-01 19:05,TL0011,40
2026-08-01 19:05,TL0012,18
2026-08-01 19:05,TL0013,28
2026-08-01 19:05,TL0014,16
2026-08-01 19:05,TL0015,9
2026-08-01 19:05,TL0016,20
2026-08-01 19:05,TL0017,28
2026-08-01 19:05,TL0018,27
2026-08-01 19:05,TL0019,39
2026-08-01 19:10,TL0000,33
2026-08-01 19:10,TL0001,24
2026-08-01 19:10,TL0002,13
2026-08-01 19:10,TL0003,32
2026-08-01 19:10,TL0004,29
2026-08-01 19:10,TL0005,33
2026-08-01 19:10,TL0006,25
2026-08-01 19:10,TL0007,13
2026-08-01 19:10,TL0008,9
2026-08-01 19:10,TL0009,11
2026-08-01 19:10,TL0010,34
2026-08-01 19:10,TL0011,19
2026-08-01 19:10,TL0012,45
2026-08-01 19:10,TL0013,43
2026-08-01 19:10,TL0014,20
2026-08-01 19:10,TL0015,23
2026-08-01 19:10,TL0016,10
2026-08-01 19:10,TL0017,16
2026-08-01 19:10,TL0018,36
2026-08-01 19:10,TL0019,34
2026-08-01 19:15,TL0000,32
2026-08-01 19:15,TL0001,18
2026-08-01 19:15,TL0002,31
2026-08-01 19:15,TL0003,29
2026-08-01 19:15,TL0004,33
2026-08-01 19:15,TL0005,34
2026-08-01 19:15,TL0006,27
2026-08-01 19:15,TL0007,5
2026-08-01 19:15,TL0008,15
2026-08-01 19:15,TL0009,15
2026-08-01 19:15,TL0010,25
2026-08-01 19:15,TL0011,42
2026-08-01 19:15,TL0012,23
2026-08-01 19:15,TL0013,28
2026-08-01 19:15,TL0014,5
2026-08-01 19:15,TL0015,25
2026-08-01 19:15,TL0016,23
2026-08-01 19:15,TL0017,34
2026-08-01 19:15,TL0018,37
2026-08-01 19:15,TL0019,28
2026-08-01 19:20,TL0000,22
2026-08-01 19:20,TL0001,15
2026-08-01 19:20,TL0002,10
2026-08-01 19:20,TL0003,35
2026-08-01 19:20,TL0004,17
2026-08-01 19:20,TL0005,23
2026-08-01 19:20,TL0006,32
2026-08-01 19:20,TL0007,11
2026-08-01 19:20,TL0008,13
2026-08-01 19:20,TL0009,25
2026-08-01 19:20,TL0010,17
2026-08-01 19:20,TL0011,27
2026-08-01 19:20,TL0012,41
2026-08-01 19:20,TL0013,33
2026-08-01 19:20,TL0014,19
2026-08-01 19:20,TL0015,22
2026-08-01 19:20,TL0016,21
2026-08-01 19:20,TL0017,31
2026-08-01 19:20,TL0018,26
2026-08-01 19:20,TL0019,18
2026-08-01 19:25,TL0000,38
2026-08-01 19:25,TL0001,17
2026-08-01 19:25,TL0002,27
2026-08-01 19:25,TL0003,37
2026-08-01 19:25,TL0004,30
2026-08-01 19:25,TL0005,38
2026-08-01 19:25,TL0006,47
2026-08-01 19:25,TL0007,12
2026-08-01 19:25,TL0008,8
2026-08-01 19:25,TL0009,13
2026-08-01 19:25,TL0010,33
2026-08-01 19:25,TL0011,38
2026-08-01 19:25,TL0012,41
2026-08-01 19:25,TL0013,49
2026-08-01 19:25,TL0014,17
2026-08-01 19:25,TL0015,13
2026-08-01 19:25,TL0016,21
2026-08-01 19:25,TL0017,19
2026-08-01 19:25,TL0018,34
2026-08-01 19:25,TL0019,19
2026-08-01 19:30,TL0000,40
2026-08-01 19:30,TL0001,9
2026-08-01 19:30,TL0002,27
2026-08-01 19:30,TL0003,35
2026-08-01 19:30,TL0004,23
2026-08-01 19:30,TL0005,38
2026-08-01 19:30,TL0006,49
2026-08-01 19:30,TL0007,4
2026-08-01 19:30,TL0008,21
2026-08-01 19:30,TL0009,10
2026-08-01 19:30,TL0010,26
2026-08-01 19:30,TL0011,41
2026-08-01 19:30,TL0012,35
2026-08-01 19:30,TL0013,46
2026-08-01 19:30,TL0014,17
2026-08-01 19:30,TL0015,9
2026-08-01 19:30,TL0016,30
2026-08-01 19:30,TL0017,32
2026-08-01 19:30,TL0018,30
2026-08-01 19:30,TL0019,38
2026-08-01 19:35,TL0000,47
2026-08-01 19:35,TL0001,14
2026-08-01 19:35,TL0002,28
2026-08-01 19:35,TL0003,34
2026-08-01 19:35,TL0004,28
2026-08-01 19:35,TL0005,48
2026-08-01 19:35,TL0006,30
2026-08-01 19:35,TL0007,17
2026-08-01 19:35,TL0008,24
2026-08-01 19:35,TL0009,28
2026-08-01 19:35,TL0010,19
2026-08-01 19:35,TL0011,42
2026-08-01 19:35,TL0012,27
2026-08-01 19:35,TL0013,37
2026-08-01 19:35,TL0014,15
2026-08-01 19:35,TL0015,11
2026-08-01 19:35,TL0016,11
2026-08-01 19:35,TL0017,13
2026-08-01 19:35,TL0018,33
2026-08-01 19:35,TL0019,39
2026-08-01 19:40,TL0000,24
2026-08-01 19:40,TL0001,23
2026-08-01 19:40,TL0002,30
2026-08-01 19:40,TL0003,37
2026-08-01 19:40,TL0004,18
2026-08-01 19:40,TL0005,37
2026-08-01 19:40,TL0006,35
2026-08-01 19:40,TL0007,20
2026-08-01 19:40,TL0008,24
2026-08-01 19:40,TL0009,20
2026-08-01 19:40,TL0010,37
2026-08-01 19:40,TL0011,26
2026-08-01 19:40,TL0012,33
2026-08-01 19:40,TL0013,28
2026-08-01 19:40,TL0014,9
2026-08-01 19:40,TL0015,16
2026-08-01 19:40,TL0016,19
2026-08-01 19:40,TL0017,18
2026-08-01 19:40,TL0018,23
2026-08-01 19:40,TL0019,30
2026-08-01 19:45,TL0000,49
2026-08-01 19:45,TL0001,12
2026-08-01 19:45,TL0002,13
2026-08-01 19:45,TL0003,21
2026-08-01 19:45,TL0004,16
2026-08-01 19:45,TL0005,23
2026-08-01 19:45,TL0006,45
2026-08-01 19:45,TL0007,6
2026-08-01 19:45,TL0008,19
2026-08-01 19:45,TL0009,24
2026-08-01 19:45,TL0010,30
2026-08-01 19:45,TL0011,28
2026-08-01 19:45,TL0012,37
2026-08-01 19:45,TL0013,47
2026-08-01 19:45,TL0014,8
2026-08-01 19:45,TL0015,23
2026-08-01 19:45,TL0016,18
2026-08-01 19:45,TL0017,19
2026-08-01 19:45,TL0018,29
2026-08-01 19:45,TL0019,27
2026-08-01 19:50,TL0000,30
2026-08-01 19:50,TL0001,20
2026-08-01 19:50,TL0002,29
2026-08-01 19:50,TL0003,17
2026-08-01 19:50,TL0004,35
2026-08-01 19:50,TL0005,20
2026-08-01 19:50,TL0006,22
2026-08-01 19:50,TL0007,15
2026-08-01 19:50,TL0008,15
2026-08-01 19:50,TL0009,17
2026-08-01 19:50,TL0010,14
2026-08-01 19:50,TL0011,19
2026-08-01 19:50,TL0012,37
2026-08-01 19:50,TL0013,45
2026-08-01 19:50,TL0014,7
2026-08-01 19:50,TL0015,9
2026-08-01 19:50,TL0016,24
2026-08-01 19:50,TL0017,16
2026-08-01 19:50,TL0018,22
2026-08-01 19:50,TL0019,22
2026-08-01 19:55,TL0000,42
2026-08-01 19:55,TL0001,11
2026-08-01 19:55,TL0002,31
2026-08-01 19:55,TL0003,33
2026-08-01 19:55,TL0004,30
2026-08-01 19:55,TL0005,26
2026-08-01 19:55,TL0006,41
2026-08-01 19:55,TL0007,5
2026-08-01 19:55,TL0008,17
2026-08-01 19:55,TL0009,27
2026-08-01 19:55,TL0010,26
2026-08-01 19:55,TL0011,29
2026-08-01 19:55,TL0012,25
2026-08-01 19:55,TL0013,50
2026-08-01 19:55,TL0014,18
2026-08-01 19:55,TL0015,8
2026-08-01 19:55,TL0016,15
2026-08-01 19:55,TL0017,23
2026-08-01 19:55,TL0018,39
2026-08-01 19:55,TL0019,25
2026-08-01 20:00,TL0000,28
2026-08-01 20:00,TL0001,9
2026-08-01 20:00,TL0002,18
2026-08-01 20:00,TL0003,28
2026-08-01 20:00,TL0004,15
2026-08-01 20:00,TL0005,22
2026-08-01 20:00,TL0006,42
2026-08-01 20:00,TL0007,5
2026-08-01 20:00,TL0008,19
2026-08-01 20:00,TL0009,22
2026-08-01 20:00,TL0010,30
2026-08-01 20:00,TL0011,30
2026-08-01 20:00,TL0012,23
2026-08-01 20:00,TL0013,31
2026-08-01 20:00,TL0014,17
2026-08-01 20:00,TL0015,13
2026-08-01 20:00,TL0016,23
2026-08-01 20:00,TL0017,15
2026-08-01 20:00,TL0018,15
2026-08-01 20:00,TL0019,36
2026-08-01 20:05,TL0000,43
2026-08-01 20:05,TL0001,17
2026-08-01 20:05,TL0002,22
2026-08-01 20:05,TL0003,17
2026-08-01 20:05,TL0004,36
2026-08-01 20:05,TL0005,27
2026-08-01 20:05,TL0006,21
2026-08-01 20:05,TL0007,11
2026-08-01 20:05,TL0008,11
2026-08-01 20:05,TL0009,22
2026-08-01 20:05,TL0010,17
2026-08-01 20:05,TL0011,32
2026-08-01 20:05,TL0012,21
2026-08-01 20:05,TL0013,37
2026-08-01 20:05,TL0014,4
2026-08-01 20:05,TL0015,12
2026-08-01 20:05,TL0016,21
2026-08-01 20:05,TL0017,27
2026-08-01 20:05,TL0018,15
2026-08-01 20:05,TL0019,20
2026-08-01 20:10,TL0000,19
2026-08-01 20:10,TL0001,11
2026-08-01 20:10,TL0002,10
2026-08-01 20:10,TL0003,25
2026-08-01 20:10,TL0004,30
2026-08-01 20:10,TL0005,31
2026-08-01 20:10,TL0006,27
2026-08-01 20:10,TL0007,5
2026-08-01 20:10,TL0008,13
2026-08-01 20:10,TL0009,22
2026-08-01 20:10,TL0010,20
2026-08-01 20:10,TL0011,13
2026-08-01 20:10,TL0012,19
2026-08-01 20:10,TL0013,27
2026-08-01 20:10,TL0014,11
2026-08-01 20:10,TL0015,13
2026-08-01 20:10,TL0016,26
2026-08-01 20:10,TL0017,16
2026-08-01 20:10,TL0018,21
2026-08-01 20:10,TL0019,40
2026-08-01 20:15,TL0000,35
2026-08-01 20:15,TL0001,9
2026-08-01 20:15,TL0002,15
2026-08-01 20:15,TL0003,13
2026-08-01 20:15,TL0004,17
2026-08-01 20:15,TL0005,16
2026-08-01 20:15,TL0006,45
2026-08-01 20:15,TL0007,3
2026-08-01 20:15,TL0008,21
2026-08-01 20:15,TL0009,15
2026-08-01 20:15,TL0010,25
2026-08-01 20:15,TL0011,35
2026-08-01 20:15,TL0012,23
2026-08-01 20:15,TL0013,41
2026-08-01 20:15,TL0014,15
2026-08-01 20:15,TL0015,11
2026-08-01 20:15,TL0016,9
2026-08-01 20:15,TL0017,14
2026-08-01 20:15,TL0018,26
2026-08-01 20:15,TL0019,34
2026-08-01 20:20,TL0000,29
2026-08-01 20:20,TL0001,9
2026-08-01 20:20,TL0002,10
2026-08-01 20:20,TL0003,19
2026-08-01 20:20,TL0004,18
2026-08-01 20:20,TL0005,32
2026-08-01 20:20,TL0006,26
2026-08-01 20:20,TL0007,3
2026-08-01 20:20,TL0008,11
2026-08-01 20:20,TL0009,20
2026-08-01 20:20,TL0010,17
2026-08-01 20:20,TL0011,33
2026-08-01 20:20,TL0012,40
2026-08-01 20:20,TL0013,42
2026-08-01 20:20,TL0014,14
2026-08-01 20:20,TL0015,13
2026-08-01 20:20,TL0016,25
2026-08-01 20:20,TL0017,22
2026-08-01 20:20,TL0018,16
2026-08-01 20:20,TL0019,27
2026-08-01 20:25,TL0000,39
2026-08-01 20:25,TL0001,8
2026-08-01 20:25,TL0002,19
2026-08-01 20:25,TL0003,11
2026-08-01 20:25,TL0004,31
2026-08-01 20:25,TL0005,31
2026-08-01 20:25,TL0006,19
2026-08-01 20:25,TL0007,16
2026-08-01 20:25,TL0008,9
2026-08-01 20:25,TL0009,17
2026-08-01 20:25,TL0010,14
2026-08-01 20:25,TL0011,31
2026-08-01 20:25,TL0012,24
2026-08-01 20:25,TL0013,45
2026-08-01 20:25,TL0014,12
2026-08-01 20:25,TL0015,8
2026-08-01 20:25,TL0016,11
2026-08-01 20:25,TL0017,22
2026-08-01 20:25,TL0018,23
2026-08-01 20:25,TL0019,31
2026-08-01 20:30,TL0000,17
2026-08-01 20:30,TL0001,20
2026-08-01 20:30,TL0002,14
2026-08-01 20:30,TL0003,22
2026-08-01 20:30,TL0004,36
2026-08-01 20:30,TL0005,18
2026-08-01 20:30,TL0006,33
2026-08-01 20:30,TL0007,9
2026-08-01 20:30,TL0008,18
2026-08-01 20:30,TL0009,18
2026-08-01 20:30,TL0010,19
2026-08-01 20:30,TL0011,36
2026-08-01 20:30,TL0012,26
2026-08-01 20:30,TL0013,21
2026-08-01 20:30,TL0014,13
2026-08-01 20:30,TL0015,16
2026-08-01 20:30,TL0016,18
2026-08-01 20:30,TL0017,19
2026-08-01 20:30,TL0018,15
2026-08-01 20:30,TL0019,30
2026-08-01 20:35,TL0000,34
2026-08-01 20:35,TL0001,12
2026-08-01 20:35,TL0002,16
2026-08-01 20:35,TL0003,22
2026-08-01 20:35,TL0004,25
2026-08-01 20:35,TL0005,26
2026-08-01 20:35,TL0006,20
2026-08-01 20:35,TL0007,10
2026-08-01 20:35,TL0008,12
2026-08-01 20:35,TL0009,24
2026-08-01 20:35,TL0010,16
2026-08-01 20:35,TL0011,31
2026-08-01 20:35,TL0012,23
2026-08-01 20:35,TL0013,30
2026-08-01 20:35,TL0014,4
2026-08-01 20:35,TL0015,21
2026-08-01 20:35,TL0016,10
2026-08-01 20:35,TL0017,21
2026-08-01 20:35,TL0018,35
2026-08-01 20:35,TL0019,14
2026-08-01 20:40,TL0000,31
2026-08-01 20:40,TL0001,8
2026-08-01 20:40,TL0002,22
2026-08-01 20:40,TL0003,25
2026-08-01 20:40,TL0004,28
2026-08-01 20:40,TL0005,29
2026-08-01 20:40,TL0006,39
2026-08-01 20:40,TL0007,16
2026-08-01 20:40,TL0008,10
2026-08-01 20:40,TL0009,14
2026-08-01 20:40,TL0010,17
2026-08-01 20:40,TL0011,15
2026-08-01 20:40,TL0012,31
2026-08-01 20:40,TL0013,25
2026-08-01 20:40,TL0014,11
2026-08-01 20:40,TL0015,6
2026-08-01 20:40,TL0016,15
2026-08-01 20:40,TL0017,15
2026-08-01 20:40,TL0018,12
2026-08-01 20:40,TL0019,24
2026-08-01 20:45,TL0000,35
2026-08-01 20:45,TL0001,15
2026-08-01 20:45,TL0002,14
2026-08-01 20:45,TL0003,27
2026-08-01 20:45,TL0004,22
2026-08-01 20:45,TL0005,36
2026-08-01 20:45,TL0006,25
2026-08-01 20:45,TL0007,9
2026-08-01 20:45,TL0008,9
2026-08-01 20:45,TL0009,26
2026-08-01 20:45,TL0010,14
2026-08-01 20:45,TL0011,35
2026-08-01 20:45,TL0012,21
2026-08-01 20:45,TL0013,44
2026-08-01 20:45,TL0014,11
2026-08-01 20:45,TL0015,11
2026-08-01 20:45,TL0016,22
2026-08-01 20:45,TL0017,13
2026-08-01 20:45,TL0018,29
2026-08-01 20:45,TL0019,26
2026-08-01 20:50,TL0000,21
2026-08-01 20:50,TL0001,19
2026-08-01 20:50,TL0002,13
2026-08-01 20:50,TL0003,24
2026-08-01 20:50,TL0004,17
2026-08-01 20:50,TL0005,18
2026-08-01 20:50,TL0006,27
2026-08-01 20:50,TL0007,14
2026-08-01 20:50,TL0008,15
2026-08-01 20:50,TL0009,19
2026-08-01 20:50,TL0010,27
2026-08-01 20:50,TL0011,19
2026-08-01 20:50,TL0012,18
2026-08-01 20:50,TL0013,20
2026-08-01 20:50,TL0014,5
2026-08-01 20:50,TL0015,11
2026-08-01 20:50,TL0016,15
2026-08-01 20:50,TL0017,19
2026-08-01 20:50,TL0018,24
2026-08-01 20:50,TL0019,31
2026-08-01 20:55,TL0000,29
2026-08-01 20:55,TL0001,17
2026-08-01 20:55,TL0002,25
2026-08-01 20:55,TL0003,18
2026-08-01 20:55,TL0004,14
2026-08-01 20:55,TL0005,21
2026-08-01 20:55,TL0006,17
2026-08-01 20:55,TL0007,3
2026-08-01 20:55,TL0008,19
2026-08-01 20:55,TL0009,9
2026-08-01 20:55,TL0010,23
2026-08-01 20:55,TL0011,28
2026-08-01 20:55,TL0012,18
2026-08-01 20:55,TL0013,30
2026-08-01 20:55,TL0014,11
2026-08-01 20:55,TL0015,10
2026-08-01 20:55,TL0016,16
2026-08-01 20:55,TL0017,23
2026-08-01 20:55,TL0018,20
2026-08-01 20:55,TL0019,23
2026-08-01 21:00,TL0000,25
2026-08-01 21:00,TL0001,10
2026-08-01 21:00,TL0002,7
2026-08-01 21:00,TL0003,15
2026-08-01 21:00,TL0004,14
2026-08-01 21:00,TL0005,24
2026-08-01 21:00,TL0006,17
2026-08-01 21:00,TL0007,3
2026-08-01 21:00,TL0008,16
2026-08-01 21:00,TL0009,16
2026-08-01 21:00,TL0010,20
2026-08-01 21:00,TL0011,20
2026-08-01 21:00,TL0012,14
2026-08-01 21:00,TL0013,14
2026-08-01 21:00,TL0014,14
2026-08-01 21:00,TL0015,10
2026-08-01 21:00,TL0016,10
2026-08-01 21:00,TL0017,18
2026-08-01 21:00,TL0018,23
2026-08-01 21:00,TL0019,22
2026-08-01 21:05,TL0000,27
2026-08-01 21:05,TL0001,16
2026-08-01 21:05,TL0002,18
2026-08-01 21:05,TL0003,26
2026-08-01 21:05,TL0004,27
2026-08-01 21:05,TL0005,13
2026-08-01 21:05,TL0006,33
2026-08-01 21:05,TL0007,11
2026-08-01 21:05,TL0008,17
2026-08-01 21:05,TL0009,18
2026-08-01 21:05,TL0010,10
2026-08-01 21:05,TL0011,15
2026-08-01 21:05,TL0012,13
2026-08-01 21:05,TL0013,36
2026-08-01 21:05,TL0014,9
2026-08-01 21:05,TL0015,17
2026-08-01 21:05,TL0016,12
2026-08-01 21:05,TL0017,17
2026-08-01 21:05,TL0018,27
2026-08-01 21:05,TL0019,27
2026-08-01 21:10,TL0000,15
2026-08-01 21:10,TL0001,13
2026-08-01 21:10,TL0002,8
2026-08-01 21:10,TL0003,26
2026-08-01 21:10,TL0004,24
2026-08-01 21:10,TL0005,23
2026-08-01 21:10,TL0006,30
2026-08-01 21:10,TL0007,10
2026-08-01 21:10,TL0008,7
2026-08-01 21:10,TL0009,21
2026-08-01 21:10,TL0010,15
2026-08-01 21:10,TL0011,14
2026-08-01 21:10,TL0012,26
2026-08-01 21:10,TL0013,29
2026-08-01 21:10,TL0014,4
2026-08-01 21:10,TL0015,15
2026-08-01 21:10,TL0016,9
2026-08-01 21:10,TL0017,9
2026-08-01 21:10,TL0018,22
2026-08-01 21:10,TL0019,28
2026-08-01 21:15,TL0000,23
2026-08-01 21:15,TL0001,5
2026-08-01 21:15,TL0002,15
2026-08-01 21:15,TL0003,20
2026-08-01 21:15,TL0004,10
2026-08-01 21:15,TL0005,23
2026-08-01 21:15,TL0006,15
2026-08-01 21:15,TL0007,10
2026-08-01 21:15,TL0008,15
2026-08-01 21:15,TL0009,16
2026-08-01 21:15,TL0010,25
2026-08-01 21:15,TL0011,23
2026-08-01 21:15,TL0012,31
2026-08-01 21:15,TL0013,25
2026-08-01 21:15,TL0014,6
2026-08-01 21:15,TL0015,13
2026-08-01 21:15,TL0016,8
2026-08-01 21:15,TL0017,9
2026-08-01 21:15,TL0018,10
2026-08-01 21:15,TL0019,17
2026-08-01 21:20,TL0000,17
2026-08-01 21:20,TL0001,14
2026-08-01 21:20,TL0002,21
2026-08-01 21:20,TL0003,17
2026-08-01 21:20,TL0004,17
2026-08-01 21:20,TL0005,32
2026-08-01 21:20,TL0006,32
2026-08-01 21:20,TL0007,5
2026-08-01 21:20,TL0008,9
2026-08-01 21:20,TL0009,16
2026-08-01 21:20,TL0010,26
2026-08-01 21:20,TL0011,26
2026-08-01 21:20,TL0012,15
2026-08-01 21:20,TL0013,32
2026-08-01 21:20,TL0014,6
2026-08-01 21:20,TL0015,5
2026-08-01 21:20,TL0016,20
2026-08-01 21:20,TL0017,22
2026-08-01 21:20,TL0018,19
2026-08-01 21:20,TL0019,26
2026-08-01 21:25,TL0000,28
2026-08-01 21:25,TL0001,4
2026-08-01 21:25,TL0002,17
2026-08-01 21:25,TL0003,18
2026-08-01 21:25,TL0004,11
2026-08-01 21:25,TL0005,18
2026-08-01 21:25,TL0006,32
2026-08-01 21:25,TL0007,13
2026-08-01 21:25,TL0008,10
2026-08-01 21:25,TL0009,15
2026-08-01 21:25,TL0010,21
2026-08-01 21:25,TL0011,25
2026-08-01 21:25,TL0012,19
2026-08-01 21:25,TL0013,29
2026-08-01 21:25,TL0014,4
2026-08-01 21:25,TL0015,14
2026-08-01 21:25,TL0016,16
2026-08-01 21:25,TL0017,19
2026-08-01 21:25,TL0018,16
2026-08-01 21:25,TL0019,33
2026-08-01 21:30,TL0000,26
2026-08-01 21:30,TL0001,7
2026-08-01 21:30,TL0002,19
2026-08-01 21:30,TL0003,21
2026-08-01 21:30,TL0004,22
2026-08-01 21:30,TL0005,13
2026-08-01 21:30,TL0006,22
2026-08-01 21:30,TL0007,8
2026-08-01 21:30,TL0008,13
2026-08-01 21:30,TL0009,11
2026-08-01 21:30,TL0010,20
2026-08-01 21:30,TL0011,25
2026-08-01 21:30,TL0012,25
2026-08-01 21:30,TL0013,36
2026-08-01 21:30,TL0014,3
2026-08-01 21:30,TL0015,9
2026-08-01 21:30,TL0016,17
2026-08-01 21:30,TL0017,9
2026-08-01 21:30,TL0018,18
2026-08-01 21:30,TL0019,24
2026-08-01 21:35,TL0000,33
2026-08-01 21:35,TL0001,16
2026-08-01 21:35,TL0002,13
2026-08-01 21:35,TL0003,16
2026-08-01 21:35,TL0004,22
2026-08-01 21:35,TL0005,27
2026-08-01 21:35,TL0006,30
2026-08-01 21:35,TL0007,8
2026-08-01 21:35,TL0008,4
2026-08-01 21:35,TL0009,20
2026-08-01 21:35,TL0010,25
2026-08-01 21:35,TL0011,14
2026-08-01 21:35,TL0012,32
2026-08-01 21:35,TL0013,34
2026-08-01 21:35,TL0014,9
2026-08-01 21:35,TL0015,12
2026-08-01 21:35,TL0016,20
2026-08-01 21:35,TL0017,21
2026-08-01 21:35,TL0018,29
2026-08-01 21:35,TL0019,20
2026-08-01 21:40,TL0000,19
2026-08-01 21:40,TL0001,12
2026-08-01 21:40,TL0002,21
2026-08-01 21:40,TL0003,24
2026-08-01 21:40,TL0004,20
2026-08-01 21:40,TL0005,23
2026-08-01 21:40,TL0006,29
2026-08-01 21:40,TL0007,11
2026-08-01 21:40,TL0008,16
2026-08-01 21:40,TL0009,7
2026-08-01 21:40,TL0010,9
2026-08-01 21:40,TL0011,12
2026-08-01 21:40,TL0012,17
2026-08-01 21:40,TL0013,27
2026-08-01 21:40,TL0014,9
2026-08-01 21:40,TL0015,15
2026-08-01 21:40,TL0016,18
2026-08-01 21:40,TL0017,20
2026-08-01 21:40,TL0018,13
2026-08-01 21:40,TL0019,25
2026-08-01 21:45,TL0000,30
2026-08-01 21:45,TL0001,4
2026-08-01 21:45,TL0002,18
2026-08-01 21:45,TL0003,26
2026-08-01 21:45,TL0004,29
2026-08-01 21:45,TL0005,22
2026-08-01 21:45,TL0006,28
2026-08-01 21:45,TL0007,3
2026-08-01 21:45,TL0008,6
2026-08-01 21:45,TL0009,13
2026-08-01 21:45,TL0010,13
2026-08-01 21:45,TL0011,29
2026-08-01 21:45,TL0012,32
2026-08-01 21:45,TL0013,36
2026-08-01 21:45,TL0014,2
2026-08-01 21:45,TL0015,9
2026-08-01 21:45,TL0016,12
2026-08-01 21:45,TL0017,13
2026-08-01 21:45,TL0018,13
2026-08-01 21:45,TL0019,30
2026-08-01 21:50,TL0000,15
2026-08-01 21:50,TL0001,15
2026-08-01 21:50,TL0002,18
2026-08-01 21:50,TL0003,10
2026-08-01 21:50,TL0004,13
2026-08-01 21:50,TL0005,25
2026-08-01 21:50,TL0006,29
2026-08-01 21:50,TL0007,11
2026-08-01 21:50,TL0008,15
2026-08-01 21:50,TL0009,15
2026-08-01 21:50,TL0010,22
2026-08-01 21:50,TL0011,28
2026-08-01 21:50,TL0012,27
2026-08-01 21:50,TL0013,20
2026-08-01 21:50,TL0014,13
2026-08-01 21:50,TL0015,11
2026-08-01 21:50,TL0016,11
2026-08-01 21:50,TL0017,10
2026-08-01 21:50,TL0018,22
2026-08-01 21:50,TL0019,34
2026-08-01 21:55,TL0000,30
2026-08-01 21:55,TL0001,18
2026-08-01 21:55,TL0002,20
2026-08-01 21:55,TL0003,14
2026-08-01 21:55,TL0004,21
2026-08-01 21:55,TL0005,33
2026-08-01 21:55,TL0006,27
2026-08-01 21:55,TL0007,5
2026-08-01 21:55,TL0008,5
2026-08-01 21:55,TL0009,8
2026-08-01 21:55,TL0010,15
2026-08-01 21:55,TL0011,19
2026-08-01 21:55,TL0012,16
2026-08-01 21:55,TL0013,31
2026-08-01 21:55,TL0014,3
2026-08-01 21:55,TL0015,5
2026-08-01 21:55,TL0016,13
2026-08-01 21:55,TL0017,21
2026-08-01 21:55,TL0018,12
2026-08-01 21:55,TL0019,13
2026-08-01 22:00,TL0000,17
2026-08-01 22:00,TL0001,8
2026-08-01 22:00,TL0002,12
2026-08-01 22:00,TL0003,21
2026-08-01 22:00,TL0004,22
2026-08-01 22:00,TL0005,16
2026-08-01 22:00,TL0006,26
2026-08-01 22:00,TL0007,3
2026-08-01 22:00,TL0008,12
2026-08-01 22:00,TL0009,10
2026-08-01 22:00,TL0010,16
2026-08-01 22:00,TL0011,23
2026-08-01 22:00,TL0012,10
2026-08-01 22:00,TL0013,30
2026-08-01 22:00,TL0014,10
2026-08-01 22:00,TL0015,10
2026-08-01 22:00,TL0016,16
2026-08-01 22:00,TL0017,11
2026-08-01 22:00,TL0018,15
2026-08-01 22:00,TL0019,21
2026-08-01 22:05,TL0000,17
2026-08-01 22:05,TL0001,16
2026-08-01 22:05,TL0002,6
2026-08-01 22:05,TL0003,9
2026-08-01 22:05,TL0004,18
2026-08-01 22:05,TL0005,20
2026-08-01 22:05,TL0006,17
2026-08-01 22:05,TL0007,4
2026-08-01 22:05,TL0008,11
2026-08-01 22:05,TL0009,18
2026-08-01 22:05,TL0010,6
2026-08-01 22:05,TL0011,7
2026-08-01 22:05,TL0012,14
2026-08-01 22:05,TL0013,26
2026-08-01 22:05,TL0014,4
2026-08-01 22:05,TL0015,9
2026-08-01 22:05,TL0016,7
2026-08-01 22:05,TL0017,21
2026-08-01 22:05,TL0018,8
2026-08-01 22:05,TL0019,29
2026-08-01 22:10,TL0000,29
2026-08-01 22:10,TL0001,14
2026-08-01 22:10,TL0002,11
2026-08-01 22:10,TL0003,18
2026-08-01 22:10,TL0004,21
2026-08-01 22:10,TL0005,17
2026-08-01 22:10,TL0006,25
2026-08-01 22:10,TL0007,5
2026-08-01 22:10,TL0008,15
2026-08-01 22:10,TL0009,13
2026-08-01 22:10,TL0010,12
2026-08-01 22:10,TL0011,7
2026-08-01 22:10,TL0012,13
2026-08-01 22:10,TL0013,26
2026-08-01 22:10,TL0014,6
2026-08-01 22:10,TL0015,3
2026-08-01 22:10,TL0016,6
2026-08-01 22:10,TL0017,20
2026-08-01 22:10,TL0018,14
2026-08-01 22:10,TL0019,29
2026-08-01 22:15,TL0000,15
2026-08-01 22:15,TL0001,9
2026-08-01 22:15,TL0002,19
2026-08-01 22:15,TL0003,8
2026-08-01 22:15,TL0004,16
2026-08-01 22:15,TL0005,21
2026-08-01 22:15,TL0006,16
2026-08-01 22:15,TL0007,3
2026-08-01 22:15,TL0008,3
2026-08-01 22:15,TL0009,10
2026-08-01 22:15,TL0010,8
2026-08-01 22:15,TL0011,19
2026-08-01 22:15,TL0012,21
2026-08-01 22:15,TL0013,27
2026-08-01 22:15,TL0014,8
2026-08-01 22:15,TL0015,16
2026-08-01 22:15,TL0016,17
2026-08-01 22:15,TL0017,16
2026-08-01 22:15,TL0018,12
2026-08-01 22:15,TL0019,11
2026-08-01 22:20,TL0000,30
2026-08-01 22:20,TL0001,6
2026-08-01 22:20,TL0002,12
2026-08-01 22:20,TL0003,19
2026-08-01 22:20,TL0004,12
2026-08-01 22:20,TL0005,25
2026-08-01 22:20,TL0006,17
2026-08-01 22:20,TL0007,7
2026-08-01 22:20,TL0008,8
2026-08-01 22:20,TL0009,20
2026-08-01 22:20,TL0010,6
2026-08-01 22:20,TL0011,9
2026-08-01 22:20,TL0012,19
2026-08-01 22:20,TL0013,29
2026-08-01 22:20,TL0014,1
2026-08-01 22:20,TL0015,11
2026-08-01 22:20,TL0016,20
2026-08-01 22:20,TL0017,12
2026-08-01 22:20,TL0018,12
2026-08-01 22:20,TL0019,10
2026-08-01 22:25,TL0000,28
2026-08-01 22:25,TL0001,7
2026-08-01 22:25,TL0002,10
2026-08-01 22:25,TL0003,16
2026-08-01 22:25,TL0004,10
2026-08-01 22:25,TL0005,19
2026-08-01 22:25,TL0006,31
2026-08-01 22:25,TL0007,1
2026-08-01 22:25,TL0008,8
2026-08-01 22:25,TL0009,4
2026-08-01 22:25,TL0010,22
2026-08-01 22:25,TL0011,22
2026-08-01 22:25,TL0012,26
2026-08-01 22:25,TL0013,10
2026-08-01 22:25,TL0014,11
2026-08-01 22:25,TL0015,13
2026-08-01 22:25,TL0016,18
2026-08-01 22:25,TL0017,13
2026-08-01 22:25,TL0018,8
2026-08-01 22:25,TL0019,28
2026-08-01 22:30,TL0000,27
2026-08-01 22:30,TL0001,5
2026-08-01 22:30,TL0002,16
2026-08-01 22:30,TL0003,22
2026-08-01 22:30,TL0004,7
2026-08-01 22:30,TL0005,22
2026-08-01 22:30,TL0006,15
2026-08-01 22:30,TL0007,8
2026-08-01 22:30,TL0008,2
2026-08-01 22:30,TL0009,12
2026-08-01 22:30,TL0010,10
2026-08-01 22:30,TL0011,23
2026-08-01 22:30,TL0012,18
2026-08-01 22:30,TL0013,27
2026-08-01 22:30,TL0014,10
2026-08-01 22:30,TL0015,6
2026-08-01 22:30,TL0016,8
2026-08-01 22:30,TL0017,13
2026-08-01 22:30,TL0018,20
2026-08-01 22:30,TL0019,13
2026-08-01 22:35,TL0000,16
2026-08-01 22:35,TL0001,5
2026-08-01 22:35,TL0002,6
2026-08-01 22:35,TL0003,20
2026-08-01 22:35,TL0004,15
2026-08-01 22:35,TL0005,15
2026-08-01 22:35,TL0006,20
2026-08-01 22:35,TL0007,5
2026-08-01 22:35,TL0008,4
2026-08-01 22:35,TL0009,6
2026-08-01 22:35,TL0010,17
2026-08-01 22:35,TL0011,25
2026-08-01 22:35,TL0012,28
2026-08-01 22:35,TL0013,15
2026-08-01 22:35,TL0014,6
2026-08-01 22:35,TL0015,12
2026-08-01 22:35,TL0016,12
2026-08-01 22:35,TL0017,14
2026-08-01 22:35,TL0018,23
2026-08-01 22:35,TL0019,11
2026-08-01 22:40,TL0000,21
2026-08-01 22:40,TL0001,2
2026-08-01 22:40,TL0002,8
2026-08-01 22:40,TL0003,22
2026-08-01 22:40,TL0004,10
2026-08-01 22:40,TL0005,11
2026-08-01 22:40,TL0006,12
2026-08-01 22:40,TL0007,2
2026-08-01 22:40,TL0008,10
2026-08-01 22:40,TL0009,13
2026-08-01 22:40,TL0010,19
2026-08-01 22:40,TL0011,19
2026-08-01 22:40,TL0012,28
2026-08-01 22:40,TL0013,27
2026-08-01 22:40,TL0014,13
2026-08-01 22:40,TL0015,7
2026-08-01 22:40,TL0016,10
2026-08-01 22:40,TL0017,21
2026-08-01 22:40,TL0018,15
2026-08-01 22:40,TL0019,18
2026-08-01 22:45,TL0000,19
2026-08-01 22:45,TL0001,8
2026-08-01 22:45,TL0002,19
2026-08-01 22:45,TL0003,8
2026-08-01 22:45,TL0004,22
2026-08-01 22:45,TL0005,16
2026-08-01 22:45,TL0006,30
2026-08-01 22:45,TL0007,8
2026-08-01 22:45,TL0008,12
2026-08-01 22:45,TL0009,18
2026-08-01 22:45,TL0010,15
2026-08-01 22:45,TL0011,19
2026-08-01 22:45,TL0012,22
2026-08-01 22:45,TL0013,24
2026-08-01 22:45,TL0014,2
2026-08-01 22:45,TL0015,12
2026-08-01 22:45,TL0016,4
2026-08-01 22:45,TL0017,16
2026-08-01 22:45,TL0018,7
2026-08-01 22:45,TL0019,23
2026-08-01 22:50,TL0000,27
2026-08-01 22:50,TL0001,11
2026-08-01 22:50,TL0002,8
2026-08-01 22:50,TL0003,6
2026-08-01 22:50,TL0004,9
2026-08-01 22:50,TL0005,20
2026-08-01 22:50,TL0006,20
2026-08-01 22:50,TL0007,13
2026-08-01 22:50,TL0008,16
2026-08-01 22:50,TL0009,9
2026-08-01 22:50,TL0010,12
2026-08-01 22:50,TL0011,12
2026-08-01 22:50,TL0012,14
2026-08-01 22:50,TL0013,11
2026-08-01 22:50,TL0014,3
2026-08-01 22:50,TL0015,10
2026-08-01 22:50,TL0016,6
2026-08-01 22:50,TL0017,12
2026-08-01 22:50,TL0018,20
2026-08-01 22:50,TL0019,12
2026-08-01 22:55,TL0000,14
2026-08-01 22:55,TL0001,16
2026-08-01 22:55,TL0002,13
2026-08-01 22:55,TL0003,8
2026-08-01 22:55,TL0004,11
2026-08-01 22:55,TL0005,15
2026-08-01 22:55,TL0006,30
2026-08-01 22:55,TL0007,1
2026-08-01 22:55,TL0008,6
2026-08-01 22:55,TL0009,18
2026-08-01 22:55,TL0010,20
2026-08-01 22:55,TL0011,9
2026-08-01 22:55,TL0012,23
2026-08-01 22:55,TL0013,32
2026-08-01 22:55,TL0014,12
2026-08-01 22:55,TL0015,2
2026-08-01 22:55,TL0016,19
2026-08-01 22:55,TL0017,16
2026-08-01 22:55,TL0018,25
2026-08-01 22:55,TL0019,27
2026-08-01 23:00,TL0000,26
2026-08-01 23:00,TL0001,3
2026-08-01 23:00,TL0002,14
2026-08-01 23:00,TL0003,11
2026-08-01 23:00,TL0004,11
2026-08-01 23:00,TL0005,17
2026-08-01 23:00,TL0006,19
2026-08-01 23:00,TL0007,2
2026-08-01 23:00,TL0008,11
2026-08-01 23:00,TL0009,10
2026-08-01 23:00,TL0010,16
2026-08-01 23:00,TL0011,22
2026-08-01 23:00,TL0012,12
2026-08-01 23:00,TL0013,28
2026-08-01 23:00,TL0014,8
2026-08-01 23:00,TL0015,2
2026-08-01 23:00,TL0016,14
2026-08-01 23:00,TL0017,13
2026-08-01 23:00,TL0018,15
2026-08-01 23:00,TL0019,10
2026-08-01 23:05,TL0000,23
2026-08-01 23:05,TL0001,3
2026-08-01 23:05,TL0002,3
2026-08-01 23:05,TL0003,15
2026-08-01 23:05,TL0004,8
2026-08-01 23:05,TL0005,25
2026-08-01 23:05,TL0006,22
2026-08-01 23:05,TL0007,7
2026-08-01 23:05,TL0008,10
2026-08-01 23:05,TL0009,6
2026-08-01 23:05,TL0010,20
2026-08-01 23:05,TL0011,10
2026-08-01 23:05,TL0012,21
2026-08-01 23:05,TL0013,9
2026-08-01 23:05,TL0014,1
2026-08-01 23:05,TL0015,5
2026-08-01 23:05,TL0016,17
2026-08-01 23:05,TL0017,15
2026-08-01 23:05,TL0018,15
2026-08-01 23:05,TL0019,15
2026-08-01 23:10,TL0000,13
2026-08-01 23:10,TL0001,3
2026-08-01 23:10,TL0002,12
2026-08-01 23:10,TL0003,8
2026-08-01 23:10,TL0004,12
2026-08-01 23:10,TL0005,12
2026-08-01 23:10,TL0006,17
2026-08-01 23:10,TL0007,11
2026-08-01 23:10,TL0008,9
2026-08-01 23:10,TL0009,7
2026-08-01 23:10,TL0010,5
2026-08-01 23:10,TL0011,7
2026-08-01 23:10,TL0012,13
2026-08-01 23:10,TL0013,8
2026-08-01 23:10,TL0014,11
2026-08-01 23:10,TL0015,3
2026-08-01 23:10,TL0016,6
2026-08-01 23:10,TL0017,14
2026-08-01 23:10,TL0018,16
2026-08-01 23:10,TL0019,12
2026-08-01 23:15,TL0000,13
2026-08-01 23:15,TL0001,10
2026-08-01 23:15,TL0002,11
2026-08-01 23:15,TL0003,7
2026-08-01 23:15,TL0004,6
2026-08-01 23:15,TL0005,13
2026-08-01 23:15,TL0006,27
2026-08-01 23:15,TL0007,3
2026-08-01 23:15,TL0008,3
2026-08-01 23:15,TL0009,16
2026-08-01 23:15,TL0010,11
2026-08-01 23:15,TL0011,20
2026-08-01 23:15,TL0012,14
2026-08-01 23:15,TL0013,25
2026-08-01 23:15,TL0014,0
2026-08-01 23:15,TL0015,4
2026-08-01 23:15,TL0016,13
2026-08-01 23:15,TL0017,18
2026-08-01 23:15,TL0018,15
2026-08-01 23:15,TL0019,13
2026-08-01 23:20,TL0000,18
2026-08-01 23:20,TL0001,3
2026-08-01 23:20,TL0002,5
2026-08-01 23:20,TL0003,10
2026-08-01 23:20,TL0004,7
2026-08-01 23:20,TL0005,21
2026-08-01 23:20,TL0006,13
2026-08-01 23:20,TL0007,3
2026-08-01 23:20,TL0008,10
2026-08-01 23:20,TL0009,17
2026-08-01 23:20,TL0010,10
2026-08-01 23:20,TL0011,8
2026-08-01 23:20,TL0012,19
2026-08-01 23:20,TL0013,15
2026-08-01 23:20,TL0014,7
2026-08-01 23:20,TL0015,5
2026-08-01 23:20,TL0016,16
2026-08-01 23:20,TL0017,11
2026-08-01 23:20,TL0018,22
2026-08-01 23:20,TL0019,23
2026-08-01 23:25,TL0000,24
2026-08-01 23:25,TL0001,7
2026-08-01 23:25,TL0002,15
2026-08-01 23:25,TL0003,16
2026-08-01 23:25,TL0004,11
2026-08-01 23:25,TL0005,15
2026-08-01 23:25,TL0006,22
2026-08-01 23:25,TL0007,0
2026-08-01 23:25,TL0008,12
2026-08-01 23:25,TL0009,6
2026-08-01 23:25,TL0010,20
2026-08-01 23:25,TL0011,15
2026-08-01 23:25,TL0012,9
2026-08-01 23:25,TL0013,12
2026-08-01 23:25,TL0014,12
2026-08-01 23:25,TL0015,14
2026-08-01 23:25,TL0016,7
2026-08-01 23:25,TL0017,13
2026-08-01 23:25,TL0018,14
2026-08-01 23:25,TL0019,23
2026-08-01 23:30,TL0000,24
2026-08-01 23:30,TL0001,3
2026-08-01 23:30,TL0002,8
2026-08-01 23:30,TL0003,14
2026-08-01 23:30,TL0004,9
2026-08-01 23:30,TL0005,21
2026-08-01 23:30,TL0006,14
2026-08-01 23:30,TL0007,7
2026-08-01 23:30,TL0008,11
2026-08-01 23:30,TL0009,13
2026-08-01 23:30,TL0010,6
2026-08-01 23:30,TL0011,19
2026-08-01 23:30,TL0012,23
2026-08-01 23:30,TL0013,8
2026-08-01 23:30,TL0014,4
2026-08-01 23:30,TL0015,5
2026-08-01 23:30,TL0016,15
2026-08-01 23:30,TL0017,8
2026-08-01 23:30,TL0018,18
2026-08-01 23:30,TL0019,13
2026-08-01 23:35,TL0000,20
2026-08-01 23:35,TL0001,7
2026-08-01 23:35,TL0002,5
2026-08-01 23:35,TL0003,18
2026-08-01 23:35,TL0004,8
2026-08-01 23:35,TL0005,18
2026-08-01 23:35,TL0006,18
2026-08-01 23:35,TL0007,11
2026-08-01 23:35,TL0008,12
2026-08-01 23:35,TL0009,6
2026-08-01 23:35,TL0010,4
2026-08-01 23:35,TL0011,7
2026-08-01 23:35,TL0012,16
2026-08-01 23:35,TL0013,24
2026-08-01 23:35,TL0014,2
2026-08-01 23:35,TL0015,6
2026-08-01 23:35,TL0016,12
2026-08-01 23:35,TL0017,10
2026-08-01 23:35,TL0018,9
2026-08-01 23:35,TL0019,22
2026-08-01 23:40,TL0000,22
2026-08-01 23:40,TL0001,10
2026-08-01 23:40,TL0002,5
2026-08-01 23:40,TL0003,15
2026-08-01 23:40,TL0004,10
2026-08-01 23:40,TL0005,14
2026-08-01 23:40,TL0006,28
2026-08-01 23:40,TL0007,9
2026-08-01 23:40,TL0008,2
2026-08-01 23:40,TL0009,9
2026-08-01 23:40,TL0010,5
2026-08-01 23:40,TL0011,14
2026-08-01 23:40,TL0012,10
2026-08-01 23:40,TL0013,12
2026-08-01 23:40,TL0014,2
2026-08-01 23:40,TL0015,4
2026-08-01 23:40,TL0016,17
2026-08-01 23:40,TL0017,18
2026-08-01 23:40,TL0018,10
2026-08-01 23:40,TL0019,10
2026-08-01 23:45,TL0000,15
2026-08-01 23:45,TL0001,10
2026-08-01 23:45,TL0002,15
2026-08-01 23:45,TL0003,17
2026-08-01 23:45,TL0004,11
2026-08-01 23:45,TL0005,24
2026-08-01 23:45,TL0006,9
2026-08-01 23:45,TL0007,2
2026-08-01 23:45,TL0008,11
2026-08-01 23:45,TL0009,16
2026-08-01 23:45,TL0010,9
2026-08-01 23:45,TL0011,8
2026-08-01 23:45,TL0012,8
2026-08-01 23:45,TL0013,21
2026-08-01 23:45,TL0014,8
2026-08-01 23:45,TL0015,8
2026-08-01 23:45,TL0016,14
2026-08-01 23:45,TL0017,20
2026-08-01 23:45,TL0018,19
2026-08-01 23:45,TL0019,25
2026-08-01 23:50,TL0000,28
2026-08-01 23:50,TL0001,7
2026-08-01 23:50,TL0002,12
2026-08-01 23:50,TL0003,9
2026-08-01 23:50,TL0004,13
2026-08-01 23:50,TL0005,9
2026-08-01 23:50,TL0006,18
2026-08-01 23:50,TL0007,9
2026-08-01 23:50,TL0008,3
2026-08-01 23:50,TL0009,4
2026-08-01 23:50,TL0010,8
2026-08-01 23:50,TL0011,18
2026-08-01 23:50,TL0012,20
2026-08-01 23:50,TL0013,28
2026-08-01 23:50,TL0014,12
2026-08-01 23:50,TL0015,12
2026-08-01 23:50,TL0016,9
2026-08-01 23:50,TL0017,20
2026-08-01 23:50,TL0018,8
2026-08-01 23:50,TL0019,11
2026-08-01 23:55,TL0000,13
2026-08-01 23:55,TL0001,2
2026-08-01 23:55,TL0002,16
2026-08-01 23:55,TL0003,4
2026-08-01 23:55,TL0004,14
2026-08-01 23:55,TL0005,11
2026-08-01 23:55,TL0006,28
2026-08-01 23:55,TL0007,8
2026-08-01 23:55,TL0008,12
2026-08-01 23:55,TL0009,8
2026-08-01 23:55,TL0010,6
2026-08-01 23:55,TL0011,8
2026-08-01 23:55,TL0012,16
2026-08-01 23:55,TL0013,22
2026-08-01 23:55,TL0014,8
2026-08-01 23:55,TL0015,14
2026-08-01 23:55,TL0016,15
2026-08-01 23:55,TL0017,7
2026-08-01 23:55,TL0018,16
2026-08-01 23:55,TL0019,22