experiment,scenario,run,backend,threads,block,cost,rebalance,city,link_cells,ticks,spawned,exited,parked,active,wall_ms,ms_per_tick,real_time_ratio,phase_a_ms,phase_b_ms,sync_ms,imbalance,window_imbalance,migration,repartitions,compile_ms,write_ms,state,sensor,exit,max_rss_kb,command
scaling,S,1,seq,1,64,-,0,32x32,32,1800,106651,27612,76433,2606,233.468,0.12970,7709.9,112.405,120.949,0.000,1.0000,1.0000,0.0000,0,0.000,0.006,7d051cde5159b18c,5677673899804325068,0,7732,"data/citysim-bench run --city 32x32 --load-state data/S_rush_0730.state --duration 30m --backend seq"
scaling,S,2,seq,1,64,-,0,32x32,32,1800,106651,27612,76433,2606,245.934,0.13663,7319.0,119.522,126.283,0.000,1.0000,1.0000,0.0000,0,0.000,0.007,7d051cde5159b18c,5677673899804325068,0,7652,"data/citysim-bench run --city 32x32 --load-state data/S_rush_0730.state --duration 30m --backend seq"
scaling,S,3,seq,1,64,-,0,32x32,32,1800,106651,27612,76433,2606,246.619,0.13701,7298.7,118.803,127.694,0.000,1.0000,1.0000,0.0000,0,0.000,0.008,7d051cde5159b18c,5677673899804325068,0,7740,"data/citysim-bench run --city 32x32 --load-state data/S_rush_0730.state --duration 30m --backend seq"
scaling,S,4,seq,1,64,-,0,32x32,32,1800,106651,27612,76433,2606,235.906,0.13106,7630.2,113.651,122.140,0.000,1.0000,1.0000,0.0000,0,0.000,0.006,7d051cde5159b18c,5677673899804325068,0,7740,"data/citysim-bench run --city 32x32 --load-state data/S_rush_0730.state --duration 30m --backend seq"
scaling,S,5,seq,1,64,-,0,32x32,32,1800,106651,27612,76433,2606,247.998,0.13778,7258.1,119.948,127.928,0.000,1.0000,1.0000,0.0000,0,0.000,0.007,7d051cde5159b18c,5677673899804325068,0,7704,"data/citysim-bench run --city 32x32 --load-state data/S_rush_0730.state --duration 30m --backend seq"
scaling,S,1,static,1,64,-,0,32x32,32,1800,106651,27612,76433,2606,275.136,0.15285,6542.2,131.724,143.294,1.362,1.0000,1.0000,0.0000,0,0.000,0.006,7d051cde5159b18c,5677673899804325068,0,7740,"data/citysim-bench run --city 32x32 --load-state data/S_rush_0730.state --duration 30m --backend static --threads 1"
scaling,S,2,static,1,64,-,0,32x32,32,1800,106651,27612,76433,2606,255.761,0.14209,7037.8,122.991,132.667,1.392,1.0000,1.0000,0.0000,0,0.000,0.013,7d051cde5159b18c,5677673899804325068,0,7676,"data/citysim-bench run --city 32x32 --load-state data/S_rush_0730.state --duration 30m --backend static --threads 1"
scaling,S,3,static,1,64,-,0,32x32,32,1800,106651,27612,76433,2606,250.678,0.13927,7180.5,120.821,129.756,1.271,1.0000,1.0000,0.0000,0,0.000,0.007,7d051cde5159b18c,5677673899804325068,0,7484,"data/citysim-bench run --city 32x32 --load-state data/S_rush_0730.state --duration 30m --backend static --threads 1"
scaling,S,4,static,1,64,-,0,32x32,32,1800,106651,27612,76433,2606,263.780,0.14654,6823.9,126.644,137.018,1.291,1.0000,1.0000,0.0000,0,0.000,0.007,7d051cde5159b18c,5677673899804325068,0,7720,"data/citysim-bench run --city 32x32 --load-state data/S_rush_0730.state --duration 30m --backend static --threads 1"
scaling,S,5,static,1,64,-,0,32x32,32,1800,106651,27612,76433,2606,252.301,0.14017,7134.3,121.081,131.119,1.299,1.0000,1.0000,0.0000,0,0.000,0.008,7d051cde5159b18c,5677673899804325068,0,7676,"data/citysim-bench run --city 32x32 --load-state data/S_rush_0730.state --duration 30m --backend static --threads 1"
scaling,S,1,static,2,64,-,0,32x32,32,1800,106651,27612,76433,2606,135.407,0.07523,13293.3,64.872,70.002,1.364,1.0760,1.0176,0.0000,0,0.000,0.006,7d051cde5159b18c,5677673899804325068,0,7740,"data/citysim-bench run --city 32x32 --load-state data/S_rush_0730.state --duration 30m --backend static --threads 2"
scaling,S,2,static,2,64,-,0,32x32,32,1800,106651,27612,76433,2606,132.654,0.07370,13569.1,63.145,68.926,1.395,1.0680,1.0243,0.0000,0,0.000,0.007,7d051cde5159b18c,5677673899804325068,0,7740,"data/citysim-bench run --city 32x32 --load-state data/S_rush_0730.state --duration 30m --backend static --threads 2"
scaling,S,3,static,2,64,-,0,32x32,32,1800,106651,27612,76433,2606,123.696,0.06872,14551.8,59.553,63.598,1.117,1.0390,1.0089,0.0000,0,0.000,0.007,7d051cde5159b18c,5677673899804325068,0,7740,"data/citysim-bench run --city 32x32 --load-state data/S_rush_0730.state --duration 30m --backend static --threads 2"
scaling,S,4,static,2,64,-,0,32x32,32,1800,106651,27612,76433,2606,122.795,0.06822,14658.6,59.060,63.203,1.130,1.0362,1.0093,0.0000,0,0.000,0.006,7d051cde5159b18c,5677673899804325068,0,7712,"data/citysim-bench run --city 32x32 --load-state data/S_rush_0730.state --duration 30m --backend static --threads 2"
scaling,S,5,static,2,64,-,0,32x32,32,1800,106651,27612,76433,2606,124.914,0.06940,14409.9,59.991,64.303,1.373,1.0422,1.0158,0.0000,0,0.000,0.005,7d051cde5159b18c,5677673899804325068,0,7680,"data/citysim-bench run --city 32x32 --load-state data/S_rush_0730.state --duration 30m --backend static --threads 2"
scaling,S,1,static,4,64,-,0,32x32,32,1800,106651,27612,76433,2606,78.142,0.04341,23035.0,38.241,38.891,1.520,1.2418,1.1649,0.0000,0,0.000,0.005,7d051cde5159b18c,5677673899804325068,0,7740,"data/citysim-bench run --city 32x32 --load-state data/S_rush_0730.state --duration 30m --backend static --threads 4"
scaling,S,2,static,4,64,-,0,32x32,32,1800,106651,27612,76433,2606,76.837,0.04269,23426.1,37.752,38.247,1.342,1.2322,1.1541,0.0000,0,0.000,0.005,7d051cde5159b18c,5677673899804325068,0,7672,"data/citysim-bench run --city 32x32 --load-state data/S_rush_0730.state --duration 30m --backend static --threads 4"
scaling,S,3,static,4,64,-,0,32x32,32,1800,106651,27612,76433,2606,74.491,0.04138,24164.1,37.286,36.350,1.311,1.2107,1.1702,0.0000,0,0.000,0.005,7d051cde5159b18c,5677673899804325068,0,7696,"data/citysim-bench run --city 32x32 --load-state data/S_rush_0730.state --duration 30m --backend static --threads 4"
scaling,S,4,static,4,64,-,0,32x32,32,1800,106651,27612,76433,2606,77.493,0.04305,23228.0,37.915,38.735,1.255,1.2399,1.1877,0.0000,0,0.000,0.007,7d051cde5159b18c,5677673899804325068,0,7652,"data/citysim-bench run --city 32x32 --load-state data/S_rush_0730.state --duration 30m --backend static --threads 4"
scaling,S,5,static,4,64,-,0,32x32,32,1800,106651,27612,76433,2606,75.675,0.04204,23786.0,37.453,37.361,1.132,1.2256,1.1808,0.0000,0,0.000,0.006,7d051cde5159b18c,5677673899804325068,0,7652,"data/citysim-bench run --city 32x32 --load-state data/S_rush_0730.state --duration 30m --backend static --threads 4"
scaling,S,1,static,6,64,-,0,32x32,32,1800,106651,27612,76433,2606,60.621,0.03368,29692.8,28.488,30.617,1.187,1.3866,1.2964,0.0000,0,0.000,0.004,7d051cde5159b18c,5677673899804325068,0,7676,"data/citysim-bench run --city 32x32 --load-state data/S_rush_0730.state --duration 30m --backend static --threads 6"
scaling,S,2,static,6,64,-,0,32x32,32,1800,106651,27612,76433,2606,63.461,0.03526,28363.8,30.622,31.421,1.294,1.4284,1.3400,0.0000,0,0.000,0.005,7d051cde5159b18c,5677673899804325068,0,7740,"data/citysim-bench run --city 32x32 --load-state data/S_rush_0730.state --duration 30m --backend static --threads 6"
scaling,S,3,static,6,64,-,0,32x32,32,1800,106651,27612,76433,2606,65.425,0.03635,27512.4,31.397,32.524,1.610,1.4498,1.3069,0.0000,0,0.000,0.005,7d051cde5159b18c,5677673899804325068,0,7672,"data/citysim-bench run --city 32x32 --load-state data/S_rush_0730.state --duration 30m --backend static --threads 6"
scaling,S,4,static,6,64,-,0,32x32,32,1800,106651,27612,76433,2606,59.448,0.03303,30278.6,29.063,28.871,1.257,1.3717,1.3217,0.0000,0,0.000,0.005,7d051cde5159b18c,5677673899804325068,0,7700,"data/citysim-bench run --city 32x32 --load-state data/S_rush_0730.state --duration 30m --backend static --threads 6"
scaling,S,5,static,6,64,-,0,32x32,32,1800,106651,27612,76433,2606,58.818,0.03268,30602.8,28.605,28.805,1.183,1.3693,1.3060,0.0000,0,0.000,0.005,7d051cde5159b18c,5677673899804325068,0,7740,"data/citysim-bench run --city 32x32 --load-state data/S_rush_0730.state --duration 30m --backend static --threads 6"
scaling,S,1,static,8,64,-,0,32x32,32,1800,106651,27612,76433,2606,58.074,0.03226,30994.8,26.963,29.044,2.793,1.5152,1.2638,0.0000,0,0.000,0.006,7d051cde5159b18c,5677673899804325068,0,7700,"data/citysim-bench run --city 32x32 --load-state data/S_rush_0730.state --duration 30m --backend static --threads 8"
scaling,S,2,static,8,64,-,0,32x32,32,1800,106651,27612,76433,2606,54.232,0.03013,33190.8,24.280,27.976,1.617,1.4633,1.2545,0.0000,0,0.000,0.005,7d051cde5159b18c,5677673899804325068,0,7720,"data/citysim-bench run --city 32x32 --load-state data/S_rush_0730.state --duration 30m --backend static --threads 8"
scaling,S,3,static,8,64,-,0,32x32,32,1800,106651,27612,76433,2606,66.313,0.03684,27144.2,31.535,32.871,2.353,1.6461,1.3429,0.0000,0,0.000,0.006,7d051cde5159b18c,5677673899804325068,0,7740,"data/citysim-bench run --city 32x32 --load-state data/S_rush_0730.state --duration 30m --backend static --threads 8"
scaling,S,4,static,8,64,-,0,32x32,32,1800,106651,27612,76433,2606,53.962,0.02998,33356.9,24.898,27.090,1.681,1.4715,1.2773,0.0000,0,0.000,0.005,7d051cde5159b18c,5677673899804325068,0,7668,"data/citysim-bench run --city 32x32 --load-state data/S_rush_0730.state --duration 30m --backend static --threads 8"
scaling,S,5,static,8,64,-,0,32x32,32,1800,106651,27612,76433,2606,65.277,0.03627,27574.8,30.732,32.505,2.515,1.5967,1.3899,0.0000,0,0.000,0.006,7d051cde5159b18c,5677673899804325068,0,7740,"data/citysim-bench run --city 32x32 --load-state data/S_rush_0730.state --duration 30m --backend static --threads 8"
scaling,S,1,static,10,64,-,0,32x32,32,1800,106651,27612,76433,2606,66.380,0.03688,27116.7,30.338,33.422,3.128,1.8689,1.6237,0.0000,0,0.000,0.005,7d051cde5159b18c,5677673899804325068,0,7740,"data/citysim-bench run --city 32x32 --load-state data/S_rush_0730.state --duration 30m --backend static --threads 10"
scaling,S,2,static,10,64,-,0,32x32,32,1800,106651,27612,76433,2606,61.848,0.03436,29103.6,28.282,30.872,2.129,1.8297,1.6000,0.0000,0,0.000,0.006,7d051cde5159b18c,5677673899804325068,0,7740,"data/citysim-bench run --city 32x32 --load-state data/S_rush_0730.state --duration 30m --backend static --threads 10"
scaling,S,3,static,10,64,-,0,32x32,32,1800,106651,27612,76433,2606,63.047,0.03503,28550.1,29.346,30.928,2.655,1.8262,1.5608,0.0000,0,0.000,0.006,7d051cde5159b18c,5677673899804325068,0,7740,"data/citysim-bench run --city 32x32 --load-state data/S_rush_0730.state --duration 30m --backend static --threads 10"
scaling,S,4,static,10,64,-,0,32x32,32,1800,106651,27612,76433,2606,65.434,0.03635,27508.8,30.814,32.022,2.575,1.8632,1.6384,0.0000,0,0.000,0.005,7d051cde5159b18c,5677673899804325068,0,7724,"data/citysim-bench run --city 32x32 --load-state data/S_rush_0730.state --duration 30m --backend static --threads 10"
scaling,S,5,static,10,64,-,0,32x32,32,1800,106651,27612,76433,2606,61.507,0.03417,29264.9,27.813,31.178,2.225,1.7924,1.6000,0.0000,0,0.000,0.005,7d051cde5159b18c,5677673899804325068,0,7732,"data/citysim-bench run --city 32x32 --load-state data/S_rush_0730.state --duration 30m --backend static --threads 10"
scaling,S,1,static,12,64,-,0,32x32,32,1800,106651,27612,76433,2606,64.487,0.03583,27912.7,29.986,31.635,2.725,2.0092,1.8278,0.0000,0,0.000,0.004,7d051cde5159b18c,5677673899804325068,0,7628,"data/citysim-bench run --city 32x32 --load-state data/S_rush_0730.state --duration 30m --backend static --threads 12"
scaling,S,2,static,12,64,-,0,32x32,32,1800,106651,27612,76433,2606,64.704,0.03595,27819.1,29.572,31.959,3.313,1.9868,1.7735,0.0000,0,0.000,0.005,7d051cde5159b18c,5677673899804325068,0,7740,"data/citysim-bench run --city 32x32 --load-state data/S_rush_0730.state --duration 30m --backend static --threads 12"
scaling,S,3,static,12,64,-,0,32x32,32,1800,106651,27612,76433,2606,63.069,0.03504,28540.3,29.272,30.803,2.395,1.9568,1.7413,0.0000,0,0.000,0.005,7d051cde5159b18c,5677673899804325068,0,7740,"data/citysim-bench run --city 32x32 --load-state data/S_rush_0730.state --duration 30m --backend static --threads 12"
scaling,S,4,static,12,64,-,0,32x32,32,1800,106651,27612,76433,2606,65.966,0.03665,27286.9,30.603,32.110,2.594,2.0095,1.7379,0.0000,0,0.000,0.006,7d051cde5159b18c,5677673899804325068,0,7740,"data/citysim-bench run --city 32x32 --load-state data/S_rush_0730.state --duration 30m --backend static --threads 12"
scaling,S,5,static,12,64,-,0,32x32,32,1800,106651,27612,76433,2606,67.560,0.03753,26643.2,32.172,32.240,3.132,2.0328,1.8519,0.0000,0,0.000,0.006,7d051cde5159b18c,5677673899804325068,0,7712,"data/citysim-bench run --city 32x32 --load-state data/S_rush_0730.state --duration 30m --backend static --threads 12"
scaling,S,1,static,14,64,-,0,32x32,32,1800,106651,27612,76433,2606,61.016,0.03390,29500.3,26.792,30.327,2.821,1.9753,1.8105,0.0000,0,0.000,0.005,7d051cde5159b18c,5677673899804325068,0,7740,"data/citysim-bench run --city 32x32 --load-state data/S_rush_0730.state --duration 30m --backend static --threads 14"
scaling,S,2,static,14,64,-,0,32x32,32,1800,106651,27612,76433,2606,62.755,0.03486,28683.1,28.767,29.989,3.331,1.9805,1.7965,0.0000,0,0.000,0.006,7d051cde5159b18c,5677673899804325068,0,7740,"data/citysim-bench run --city 32x32 --load-state data/S_rush_0730.state --duration 30m --backend static --threads 14"
scaling,S,3,static,14,64,-,0,32x32,32,1800,106651,27612,76433,2606,71.852,0.03992,25051.4,33.982,33.595,5.440,2.1248,1.9497,0.0000,0,0.000,0.006,7d051cde5159b18c,5677673899804325068,0,7740,"data/citysim-bench run --city 32x32 --load-state data/S_rush_0730.state --duration 30m --backend static --threads 14"
scaling,S,4,static,14,64,-,0,32x32,32,1800,106651,27612,76433,2606,64.636,0.03591,27848.4,29.329,30.874,2.761,2.0051,1.8298,0.0000,0,0.000,0.007,7d051cde5159b18c,5677673899804325068,0,7732,"data/citysim-bench run --city 32x32 --load-state data/S_rush_0730.state --duration 30m --backend static --threads 14"
scaling,S,5,static,14,64,-,0,32x32,32,1800,106651,27612,76433,2606,63.119,0.03507,28517.3,28.714,30.543,3.283,2.0189,1.8245,0.0000,0,0.000,0.005,7d051cde5159b18c,5677673899804325068,0,7704,"data/citysim-bench run --city 32x32 --load-state data/S_rush_0730.state --duration 30m --backend static --threads 14"
scaling,S,1,static,16,64,-,0,32x32,32,1800,106651,27612,76433,2606,48.681,0.02704,36975.8,22.258,22.131,3.110,1.6435,1.4749,0.0000,0,0.000,0.004,7d051cde5159b18c,5677673899804325068,0,7724,"data/citysim-bench run --city 32x32 --load-state data/S_rush_0730.state --duration 30m --backend static --threads 16"
scaling,S,2,static,16,64,-,0,32x32,32,1800,106651,27612,76433,2606,47.381,0.02632,37990.0,21.608,21.723,2.639,1.6266,1.4546,0.0000,0,0.000,0.003,7d051cde5159b18c,5677673899804325068,0,7740,"data/citysim-bench run --city 32x32 --load-state data/S_rush_0730.state --duration 30m --backend static --threads 16"
scaling,S,3,static,16,64,-,0,32x32,32,1800,106651,27612,76433,2606,46.802,0.02600,38459.8,21.171,21.848,2.654,1.6111,1.4484,0.0000,0,0.000,0.004,7d051cde5159b18c,5677673899804325068,0,7740,"data/citysim-bench run --city 32x32 --load-state data/S_rush_0730.state --duration 30m --backend static --threads 16"
scaling,S,4,static,16,64,-,0,32x32,32,1800,106651,27612,76433,2606,47.918,0.02662,37564.1,22.067,21.916,2.929,1.6321,1.4996,0.0000,0,0.000,0.004,7d051cde5159b18c,5677673899804325068,0,7740,"data/citysim-bench run --city 32x32 --load-state data/S_rush_0730.state --duration 30m --backend static --threads 16"
scaling,S,5,static,16,64,-,0,32x32,32,1800,106651,27612,76433,2606,50.977,0.02832,35310.3,22.826,23.147,3.824,1.6371,1.4246,0.0000,0,0.000,0.005,7d051cde5159b18c,5677673899804325068,0,7732,"data/citysim-bench run --city 32x32 --load-state data/S_rush_0730.state --duration 30m --backend static --threads 16"
scaling,S,1,static,20,64,-,0,32x32,32,1800,106651,27612,76433,2606,49.989,0.02777,36008.0,22.391,21.994,3.174,1.9301,1.7137,0.0000,0,0.000,0.005,7d051cde5159b18c,5677673899804325068,0,7632,"data/citysim-bench run --city 32x32 --load-state data/S_rush_0730.state --duration 30m --backend static --threads 20"
scaling,S,2,static,20,64,-,0,32x32,32,1800,106651,27612,76433,2606,50.159,0.02787,35885.8,22.280,22.422,3.763,1.9487,1.7738,0.0000,0,0.000,0.004,7d051cde5159b18c,5677673899804325068,0,7740,"data/citysim-bench run --city 32x32 --load-state data/S_rush_0730.state --duration 30m --backend static --threads 20"
scaling,S,3,static,20,64,-,0,32x32,32,1800,106651,27612,76433,2606,51.056,0.02836,35255.7,23.008,22.449,3.440,1.9189,1.7454,0.0000,0,0.000,0.004,7d051cde5159b18c,5677673899804325068,0,7676,"data/citysim-bench run --city 32x32 --load-state data/S_rush_0730.state --duration 30m --backend static --threads 20"
scaling,S,4,static,20,64,-,0,32x32,32,1800,106651,27612,76433,2606,49.614,0.02756,36280.4,21.620,22.503,3.357,1.9272,1.7064,0.0000,0,0.000,0.004,7d051cde5159b18c,5677673899804325068,0,7716,"data/citysim-bench run --city 32x32 --load-state data/S_rush_0730.state --duration 30m --backend static --threads 20"
scaling,S,5,static,20,64,-,0,32x32,32,1800,106651,27612,76433,2606,51.134,0.02841,35201.7,22.511,23.173,3.353,1.9764,1.7857,0.0000,0,0.000,0.004,7d051cde5159b18c,5677673899804325068,0,7704,"data/citysim-bench run --city 32x32 --load-state data/S_rush_0730.state --duration 30m --backend static --threads 20"
scaling,S,1,static,24,64,-,0,32x32,32,1800,106651,27612,76433,2606,58.259,0.03237,30896.4,24.487,24.806,5.102,2.3545,2.0180,0.0000,0,0.000,0.005,7d051cde5159b18c,5677673899804325068,0,7740,"data/citysim-bench run --city 32x32 --load-state data/S_rush_0730.state --duration 30m --backend static --threads 24"
scaling,S,2,static,24,64,-,0,32x32,32,1800,106651,27612,76433,2606,54.248,0.03014,33180.7,23.267,23.758,4.217,2.3360,2.0677,0.0000,0,0.000,0.004,7d051cde5159b18c,5677673899804325068,0,7740,"data/citysim-bench run --city 32x32 --load-state data/S_rush_0730.state --duration 30m --backend static --threads 24"
scaling,S,3,static,24,64,-,0,32x32,32,1800,106651,27612,76433,2606,51.680,0.02871,34829.8,22.393,22.312,3.002,2.2638,2.0315,0.0000,0,0.000,0.004,7d051cde5159b18c,5677673899804325068,0,7740,"data/citysim-bench run --city 32x32 --load-state data/S_rush_0730.state --duration 30m --backend static --threads 24"
scaling,S,4,static,24,64,-,0,32x32,32,1800,106651,27612,76433,2606,51.813,0.02879,34740.1,22.584,22.025,3.205,2.2601,2.0672,0.0000,0,0.000,0.004,7d051cde5159b18c,5677673899804325068,0,7740,"data/citysim-bench run --city 32x32 --load-state data/S_rush_0730.state --duration 30m --backend static --threads 24"
scaling,S,5,static,24,64,-,0,32x32,32,1800,106651,27612,76433,2606,53.626,0.02979,33565.5,22.962,23.163,3.693,2.2830,2.0185,0.0000,0,0.000,0.005,7d051cde5159b18c,5677673899804325068,0,7740,"data/citysim-bench run --city 32x32 --load-state data/S_rush_0730.state --duration 30m --backend static --threads 24"
scaling,S,1,static,28,64,-,0,32x32,32,1800,106651,27612,76433,2606,56.149,0.03119,32057.3,23.272,23.959,4.864,2.5993,2.3049,0.0000,0,0.000,0.004,7d051cde5159b18c,5677673899804325068,0,7716,"data/citysim-bench run --city 32x32 --load-state data/S_rush_0730.state --duration 30m --backend static --threads 28"
scaling,S,2,static,28,64,-,0,32x32,32,1800,106651,27612,76433,2606,56.554,0.03142,31828.1,23.833,23.447,4.318,2.6457,2.2880,0.0000,0,0.000,0.005,7d051cde5159b18c,5677673899804325068,0,7740,"data/citysim-bench run --city 32x32 --load-state data/S_rush_0730.state --duration 30m --backend static --threads 28"
scaling,S,3,static,28,64,-,0,32x32,32,1800,106651,27612,76433,2606,53.617,0.02979,33571.7,21.889,23.273,3.729,2.5732,2.3362,0.0000,0,0.000,0.003,7d051cde5159b18c,5677673899804325068,0,7712,"data/citysim-bench run --city 32x32 --load-state data/S_rush_0730.state --duration 30m --backend static --threads 28"
scaling,S,4,static,28,64,-,0,32x32,32,1800,106651,27612,76433,2606,56.451,0.03136,31885.9,23.241,23.714,4.207,2.6683,2.3549,0.0000,0,0.000,0.005,7d051cde5159b18c,5677673899804325068,0,7740,"data/citysim-bench run --city 32x32 --load-state data/S_rush_0730.state --duration 30m --backend static --threads 28"
scaling,S,5,static,28,64,-,0,32x32,32,1800,106651,27612,76433,2606,54.442,0.03025,33062.9,22.730,22.975,3.267,2.6463,2.4026,0.0000,0,0.000,0.003,7d051cde5159b18c,5677673899804325068,0,7740,"data/citysim-bench run --city 32x32 --load-state data/S_rush_0730.state --duration 30m --backend static --threads 28"
scaling,S,1,static,32,64,-,0,32x32,32,1800,106651,27612,76433,2606,762.980,0.42388,2359.2,378.648,371.314,676.076,4.7500,2.7585,0.0000,0,0.000,0.007,7d051cde5159b18c,5677673899804325068,0,7740,"data/citysim-bench run --city 32x32 --load-state data/S_rush_0730.state --duration 30m --backend static --threads 32"
scaling,S,2,static,32,64,-,0,32x32,32,1800,106651,27612,76433,2606,437.098,0.24283,4118.1,218.301,207.075,375.368,3.3813,2.5666,0.0000,0,0.000,0.007,7d051cde5159b18c,5677673899804325068,0,7740,"data/citysim-bench run --city 32x32 --load-state data/S_rush_0730.state --duration 30m --backend static --threads 32"
scaling,S,3,static,32,64,-,0,32x32,32,1800,106651,27612,76433,2606,595.733,0.33096,3021.5,292.490,288.918,525.167,3.7595,2.8246,0.0000,0,0.000,0.007,7d051cde5159b18c,5677673899804325068,0,7740,"data/citysim-bench run --city 32x32 --load-state data/S_rush_0730.state --duration 30m --backend static --threads 32"
scaling,S,4,static,32,64,-,0,32x32,32,1800,106651,27612,76433,2606,1051.791,0.58433,1711.4,516.893,520.948,973.398,4.2004,2.6811,0.0000,0,0.000,0.007,7d051cde5159b18c,5677673899804325068,0,7692,"data/citysim-bench run --city 32x32 --load-state data/S_rush_0730.state --duration 30m --backend static --threads 32"
scaling,S,5,static,32,64,-,0,32x32,32,1800,106651,27612,76433,2606,2210.820,1.22823,814.2,990.808,1205.160,2093.279,6.0816,3.2027,0.0000,0,0.000,0.006,7d051cde5159b18c,5677673899804325068,0,7740,"data/citysim-bench run --city 32x32 --load-state data/S_rush_0730.state --duration 30m --backend static --threads 32"
scaling,S,1,balanced,1,64,cars,1,32x32,32,1800,106651,27612,76433,2606,233.241,0.12958,7717.3,112.546,120.590,1.134,1.0000,1.0000,0.0000,5,0.000,0.007,7d051cde5159b18c,5677673899804325068,0,7616,"data/citysim-bench run --city 32x32 --load-state data/S_rush_0730.state --duration 30m --backend balanced --cost cars --threads 1"
scaling,S,2,balanced,1,64,cars,1,32x32,32,1800,106651,27612,76433,2606,253.936,0.14108,7088.4,121.618,132.208,1.271,1.0000,1.0000,0.0000,5,0.000,0.009,7d051cde5159b18c,5677673899804325068,0,7740,"data/citysim-bench run --city 32x32 --load-state data/S_rush_0730.state --duration 30m --backend balanced --cost cars --threads 1"
scaling,S,3,balanced,1,64,cars,1,32x32,32,1800,106651,27612,76433,2606,240.627,0.13368,7480.4,115.843,124.681,1.191,1.0000,1.0000,0.0000,5,0.000,0.008,7d051cde5159b18c,5677673899804325068,0,7740,"data/citysim-bench run --city 32x32 --load-state data/S_rush_0730.state --duration 30m --backend balanced --cost cars --threads 1"
scaling,S,4,balanced,1,64,cars,1,32x32,32,1800,106651,27612,76433,2606,240.089,0.13338,7497.2,116.302,123.669,1.163,1.0000,1.0000,0.0000,5,0.000,0.008,7d051cde5159b18c,5677673899804325068,0,7708,"data/citysim-bench run --city 32x32 --load-state data/S_rush_0730.state --duration 30m --backend balanced --cost cars --threads 1"
scaling,S,5,balanced,1,64,cars,1,32x32,32,1800,106651,27612,76433,2606,238.073,0.13226,7560.7,115.837,122.128,1.172,1.0000,1.0000,0.0000,5,0.000,0.007,7d051cde5159b18c,5677673899804325068,0,7740,"data/citysim-bench run --city 32x32 --load-state data/S_rush_0730.state --duration 30m --backend balanced --cost cars --threads 1"
scaling,S,1,balanced,2,64,cars,1,32x32,32,1800,106651,27612,76433,2606,126.815,0.07045,14193.9,60.662,65.557,1.171,1.0515,1.0201,0.0000,5,0.000,0.007,7d051cde5159b18c,5677673899804325068,0,7740,"data/citysim-bench run --city 32x32 --load-state data/S_rush_0730.state --duration 30m --backend balanced --cost cars --threads 2"
scaling,S,2,balanced,2,64,cars,1,32x32,32,1800,106651,27612,76433,2606,132.265,0.07348,13609.0,64.300,67.295,1.285,1.0694,1.0292,0.0000,5,0.000,0.007,7d051cde5159b18c,5677673899804325068,0,7680,"data/citysim-bench run --city 32x32 --load-state data/S_rush_0730.state --duration 30m --backend balanced --cost cars --threads 2"
scaling,S,3,balanced,2,64,cars,1,32x32,32,1800,106651,27612,76433,2606,128.711,0.07151,13984.8,62.035,66.099,1.195,1.0562,1.0186,0.0000,5,0.000,0.007,7d051cde5159b18c,5677673899804325068,0,7716,"data/citysim-bench run --city 32x32 --load-state data/S_rush_0730.state --duration 30m --backend balanced --cost cars --threads 2"
scaling,S,4,balanced,2,64,cars,1,32x32,32,1800,106651,27612,76433,2606,138.454,0.07692,13000.7,67.097,70.781,1.471,1.0864,1.0221,0.0000,5,0.000,0.006,7d051cde5159b18c,5677673899804325068,0,7676,"data/citysim-bench run --city 32x32 --load-state data/S_rush_0730.state --duration 30m --backend balanced --cost cars --threads 2"
scaling,S,5,balanced,2,64,cars,1,32x32,32,1800,106651,27612,76433,2606,129.717,0.07206,13876.4,62.403,66.701,1.193,1.0560,1.0219,0.0000,5,0.000,0.007,7d051cde5159b18c,5677673899804325068,0,7740,"data/citysim-bench run --city 32x32 --load-state data/S_rush_0730.state --duration 30m --backend balanced --cost cars --threads 2"
scaling,S,1,balanced,4,64,cars,1,32x32,32,1800,106651,27612,76433,2606,94.115,0.05229,19125.5,45.706,47.344,1.594,1.3675,1.2078,0.0000,5,0.000,0.006,7d051cde5159b18c,5677673899804325068,0,7740,"data/citysim-bench run --city 32x32 --load-state data/S_rush_0730.state --duration 30m --backend balanced --cost cars --threads 4"
scaling,S,2,balanced,4,64,cars,1,32x32,32,1800,106651,27612,76433,2606,83.783,0.04655,21484.2,40.780,42.088,1.425,1.2844,1.1686,0.0000,5,0.000,0.006,7d051cde5159b18c,5677673899804325068,0,7740,"data/citysim-bench run --city 32x32 --load-state data/S_rush_0730.state --duration 30m --backend balanced --cost cars --threads 4"
scaling,S,3,balanced,4,64,cars,1,32x32,32,1800,106651,27612,76433,2606,79.396,0.04411,22671.3,39.216,39.120,1.704,1.2476,1.1837,0.0000,5,0.000,0.006,7d051cde5159b18c,5677673899804325068,0,7740,"data/citysim-bench run --city 32x32 --load-state data/S_rush_0730.state --duration 30m --backend balanced --cost cars --threads 4"
scaling,S,4,balanced,4,64,cars,1,32x32,32,1800,106651,27612,76433,2606,83.031,0.04613,21678.6,40.769,41.213,1.644,1.2789,1.1835,0.0000,5,0.000,0.006,7d051cde5159b18c,5677673899804325068,0,7740,"data/citysim-bench run --city 32x32 --load-state data/S_rush_0730.state --duration 30m --backend balanced --cost cars --threads 4"
scaling,S,5,balanced,4,64,cars,1,32x32,32,1800,106651,27612,76433,2606,74.806,0.04156,24062.3,36.894,37.003,1.006,1.2220,1.1786,0.0000,5,0.000,0.006,7d051cde5159b18c,5677673899804325068,0,7676,"data/citysim-bench run --city 32x32 --load-state data/S_rush_0730.state --duration 30m --backend balanced --cost cars --threads 4"
scaling,S,1,balanced,6,64,cars,1,32x32,32,1800,106651,27612,76433,2606,67.768,0.03765,26561.2,29.988,35.866,1.714,1.4175,1.1767,0.0000,5,0.000,0.006,7d051cde5159b18c,5677673899804325068,0,7732,"data/citysim-bench run --city 32x32 --load-state data/S_rush_0730.state --duration 30m --backend balanced --cost cars --threads 6"
scaling,S,2,balanced,6,64,cars,1,32x32,32,1800,106651,27612,76433,2606,54.397,0.03022,33090.1,24.963,28.047,1.321,1.2589,1.1836,0.0000,5,0.000,0.004,7d051cde5159b18c,5677673899804325068,0,7740,"data/citysim-bench run --city 32x32 --load-state data/S_rush_0730.state --duration 30m --backend balanced --cost cars --threads 6"
scaling,S,3,balanced,6,64,cars,1,32x32,32,1800,106651,27612,76433,2606,75.160,0.04176,23949.1,35.506,37.871,2.048,1.5118,1.2731,0.0000,5,0.000,0.006,7d051cde5159b18c,5677673899804325068,0,7740,"data/citysim-bench run --city 32x32 --load-state data/S_rush_0730.state --duration 30m --backend balanced --cost cars --threads 6"
scaling,S,4,balanced,6,64,cars,1,32x32,32,1800,106651,27612,76433,2606,78.393,0.04355,22961.1,36.287,40.363,2.086,1.4957,1.2053,0.0000,5,0.000,0.007,7d051cde5159b18c,5677673899804325068,0,7696,"data/citysim-bench run --city 32x32 --load-state data/S_rush_0730.state --duration 30m --backend balanced --cost cars --threads 6"
scaling,S,5,balanced,6,64,cars,1,32x32,32,1800,106651,27612,76433,2606,59.472,0.03304,30266.6,26.979,31.026,1.710,1.3331,1.2282,0.0000,5,0.000,0.005,7d051cde5159b18c,5677673899804325068,0,7740,"data/citysim-bench run --city 32x32 --load-state data/S_rush_0730.state --duration 30m --backend balanced --cost cars --threads 6"
scaling,S,1,balanced,8,64,cars,1,32x32,32,1800,106651,27612,76433,2606,67.615,0.03756,26621.3,32.583,32.768,3.083,1.5880,1.3226,0.0000,5,0.000,0.006,7d051cde5159b18c,5677673899804325068,0,7740,"data/citysim-bench run --city 32x32 --load-state data/S_rush_0730.state --duration 30m --backend balanced --cost cars --threads 8"
scaling,S,2,balanced,8,64,cars,1,32x32,32,1800,106651,27612,76433,2606,69.710,0.03873,25821.4,33.201,33.764,2.558,1.5700,1.3049,0.0000,5,0.000,0.006,7d051cde5159b18c,5677673899804325068,0,7728,"data/citysim-bench run --city 32x32 --load-state data/S_rush_0730.state --duration 30m --backend balanced --cost cars --threads 8"
scaling,S,3,balanced,8,64,cars,1,32x32,32,1800,106651,27612,76433,2606,68.362,0.03798,26330.2,32.948,33.005,2.461,1.5510,1.3248,0.0000,5,0.000,0.028,7d051cde5159b18c,5677673899804325068,0,7740,"data/citysim-bench run --city 32x32 --load-state data/S_rush_0730.state --duration 30m --backend balanced --cost cars --threads 8"
scaling,S,4,balanced,8,64,cars,1,32x32,32,1800,106651,27612,76433,2606,68.255,0.03792,26371.7,32.531,33.171,2.164,1.6063,1.4397,0.0000,5,0.000,0.005,7d051cde5159b18c,5677673899804325068,0,7680,"data/citysim-bench run --city 32x32 --load-state data/S_rush_0730.state --duration 30m --backend balanced --cost cars --threads 8"
scaling,S,5,balanced,8,64,cars,1,32x32,32,1800,106651,27612,76433,2606,69.746,0.03875,25807.9,33.721,33.726,2.041,1.6127,1.4221,0.0000,5,0.000,0.006,7d051cde5159b18c,5677673899804325068,0,7692,"data/citysim-bench run --city 32x32 --load-state data/S_rush_0730.state --duration 30m --backend balanced --cost cars --threads 8"
scaling,S,1,balanced,10,64,cars,1,32x32,32,1800,106651,27612,76433,2606,63.888,0.03549,28174.2,27.948,32.869,2.359,1.7144,1.5969,0.0000,5,0.000,0.006,7d051cde5159b18c,5677673899804325068,0,7728,"data/citysim-bench run --city 32x32 --load-state data/S_rush_0730.state --duration 30m --backend balanced --cost cars --threads 10"
scaling,S,2,balanced,10,64,cars,1,32x32,32,1800,106651,27612,76433,2606,66.798,0.03711,26946.8,30.641,33.122,2.729,1.7870,1.5486,0.0000,5,0.000,0.007,7d051cde5159b18c,5677673899804325068,0,7740,"data/citysim-bench run --city 32x32 --load-state data/S_rush_0730.state --duration 30m --backend balanced --cost cars --threads 10"
scaling,S,3,balanced,10,64,cars,1,32x32,32,1800,106651,27612,76433,2606,65.905,0.03661,27311.8,28.985,33.612,3.836,1.7129,1.5186,0.0000,5,0.000,0.006,7d051cde5159b18c,5677673899804325068,0,7708,"data/citysim-bench run --city 32x32 --load-state data/S_rush_0730.state --duration 30m --backend balanced --cost cars --threads 10"
scaling,S,4,balanced,10,64,cars,1,32x32,32,1800,106651,27612,76433,2606,60.752,0.03375,29628.5,27.228,30.800,2.595,1.6892,1.5398,0.0000,5,0.000,0.004,7d051cde5159b18c,5677673899804325068,0,7688,"data/citysim-bench run --city 32x32 --load-state data/S_rush_0730.state --duration 30m --backend balanced --cost cars --threads 10"
scaling,S,5,balanced,10,64,cars,1,32x32,32,1800,106651,27612,76433,2606,67.597,0.03755,26628.5,31.065,33.612,2.708,1.7139,1.6112,0.0000,5,0.000,0.006,7d051cde5159b18c,5677673899804325068,0,7740,"data/citysim-bench run --city 32x32 --load-state data/S_rush_0730.state --duration 30m --backend balanced --cost cars --threads 10"
scaling,S,1,balanced,12,64,cars,1,32x32,32,1800,106651,27612,76433,2606,62.227,0.03457,28926.2,26.028,31.120,2.445,1.6750,1.5399,0.0000,5,0.000,0.006,7d051cde5159b18c,5677673899804325068,0,7740,"data/citysim-bench run --city 32x32 --load-state data/S_rush_0730.state --duration 30m --backend balanced --cost cars --threads 12"
scaling,S,2,balanced,12,64,cars,1,32x32,32,1800,106651,27612,76433,2606,61.095,0.03394,29462.4,25.687,31.149,2.345,1.7271,1.5856,0.0000,5,0.000,0.005,7d051cde5159b18c,5677673899804325068,0,7660,"data/citysim-bench run --city 32x32 --load-state data/S_rush_0730.state --duration 30m --backend balanced --cost cars --threads 12"
scaling,S,3,balanced,12,64,cars,1,32x32,32,1800,106651,27612,76433,2606,63.847,0.03547,28192.5,27.227,32.023,3.018,1.6565,1.4818,0.0000,5,0.000,0.007,7d051cde5159b18c,5677673899804325068,0,7720,"data/citysim-bench run --city 32x32 --load-state data/S_rush_0730.state --duration 30m --backend balanced --cost cars --threads 12"
scaling,S,4,balanced,12,64,cars,1,32x32,32,1800,106651,27612,76433,2606,62.653,0.03481,28729.8,26.460,31.624,2.571,1.6797,1.5854,0.0000,5,0.000,0.007,7d051cde5159b18c,5677673899804325068,0,7740,"data/citysim-bench run --city 32x32 --load-state data/S_rush_0730.state --duration 30m --backend balanced --cost cars --threads 12"
scaling,S,5,balanced,12,64,cars,1,32x32,32,1800,106651,27612,76433,2606,60.505,0.03361,29749.5,25.457,31.360,2.372,1.7425,1.6589,0.0000,5,0.000,0.005,7d051cde5159b18c,5677673899804325068,0,7640,"data/citysim-bench run --city 32x32 --load-state data/S_rush_0730.state --duration 30m --backend balanced --cost cars --threads 12"
scaling,S,1,balanced,14,64,cars,1,32x32,32,1800,106651,27612,76433,2606,53.549,0.02975,33614.0,22.008,27.686,2.782,1.6489,1.4299,0.0000,5,0.000,0.004,7d051cde5159b18c,5677673899804325068,0,7636,"data/citysim-bench run --city 32x32 --load-state data/S_rush_0730.state --duration 30m --backend balanced --cost cars --threads 14"
scaling,S,2,balanced,14,64,cars,1,32x32,32,1800,106651,27612,76433,2606,53.660,0.02981,33544.6,21.828,28.012,2.700,1.7040,1.4720,0.0000,5,0.000,0.004,7d051cde5159b18c,5677673899804325068,0,7740,"data/citysim-bench run --city 32x32 --load-state data/S_rush_0730.state --duration 30m --backend balanced --cost cars --threads 14"
scaling,S,3,balanced,14,64,cars,1,32x32,32,1800,106651,27612,76433,2606,54.705,0.03039,32903.9,22.729,27.986,2.888,1.6767,1.3642,0.0000,5,0.000,0.006,7d051cde5159b18c,5677673899804325068,0,7680,"data/citysim-bench run --city 32x32 --load-state data/S_rush_0730.state --duration 30m --backend balanced --cost cars --threads 14"
scaling,S,4,balanced,14,64,cars,1,32x32,32,1800,106651,27612,76433,2606,54.439,0.03024,33064.2,22.176,28.482,2.695,1.6610,1.4042,0.0000,5,0.000,0.006,7d051cde5159b18c,5677673899804325068,0,7740,"data/citysim-bench run --city 32x32 --load-state data/S_rush_0730.state --duration 30m --backend balanced --cost cars --threads 14"
scaling,S,5,balanced,14,64,cars,1,32x32,32,1800,106651,27612,76433,2606,53.909,0.02995,33389.6,22.526,27.454,2.701,1.6734,1.4567,0.0000,5,0.000,0.005,7d051cde5159b18c,5677673899804325068,0,7740,"data/citysim-bench run --city 32x32 --load-state data/S_rush_0730.state --duration 30m --backend balanced --cost cars --threads 14"
scaling,S,1,balanced,16,64,cars,1,32x32,32,1800,106651,27612,76433,2606,48.966,0.02720,36760.4,21.883,22.419,2.801,1.5916,1.3921,0.0000,5,0.000,0.005,7d051cde5159b18c,5677673899804325068,0,7728,"data/citysim-bench run --city 32x32 --load-state data/S_rush_0730.state --duration 30m --backend balanced --cost cars --threads 16"
scaling,S,2,balanced,16,64,cars,1,32x32,32,1800,106651,27612,76433,2606,48.030,0.02668,37476.9,21.912,21.811,3.005,1.5563,1.4002,0.0000,5,0.000,0.005,7d051cde5159b18c,5677673899804325068,0,7740,"data/citysim-bench run --city 32x32 --load-state data/S_rush_0730.state --duration 30m --backend balanced --cost cars --threads 16"
scaling,S,3,balanced,16,64,cars,1,32x32,32,1800,106651,27612,76433,2606,50.739,0.02819,35476.0,22.731,22.735,3.477,1.5781,1.3783,0.0000,5,0.000,0.005,7d051cde5159b18c,5677673899804325068,0,7668,"data/citysim-bench run --city 32x32 --load-state data/S_rush_0730.state --duration 30m --backend balanced --cost cars --threads 16"
scaling,S,4,balanced,16,64,cars,1,32x32,32,1800,106651,27612,76433,2606,49.261,0.02737,36540.2,22.157,21.824,2.605,1.5261,1.3557,0.0000,5,0.000,0.006,7d051cde5159b18c,5677673899804325068,0,7660,"data/citysim-bench run --city 32x32 --load-state data/S_rush_0730.state --duration 30m --backend balanced --cost cars --threads 16"
scaling,S,5,balanced,16,64,cars,1,32x32,32,1800,106651,27612,76433,2606,49.135,0.02730,36633.8,22.076,22.150,3.298,1.5266,1.3836,0.0000,5,0.000,0.005,7d051cde5159b18c,5677673899804325068,0,7740,"data/citysim-bench run --city 32x32 --load-state data/S_rush_0730.state --duration 30m --backend balanced --cost cars --threads 16"
scaling,S,1,balanced,20,64,cars,1,32x32,32,1800,106651,27612,76433,2606,50.989,0.02833,35301.8,22.770,22.327,3.405,1.9270,1.7340,0.0000,5,0.000,0.005,7d051cde5159b18c,5677673899804325068,0,7740,"data/citysim-bench run --city 32x32 --load-state data/S_rush_0730.state --duration 30m --backend balanced --cost cars --threads 20"
scaling,S,2,balanced,20,64,cars,1,32x32,32,1800,106651,27612,76433,2606,60.051,0.03336,29974.6,29.351,24.219,9.643,1.9734,1.6697,0.0000,5,0.000,0.007,7d051cde5159b18c,5677673899804325068,0,7740,"data/citysim-bench run --city 32x32 --load-state data/S_rush_0730.state --duration 30m --backend balanced --cost cars --threads 20"
scaling,S,3,balanced,20,64,cars,1,32x32,32,1800,106651,27612,76433,2606,54.380,0.03021,33100.3,23.215,23.624,3.952,1.9234,1.6544,0.0000,5,0.000,0.006,7d051cde5159b18c,5677673899804325068,0,7740,"data/citysim-bench run --city 32x32 --load-state data/S_rush_0730.state --duration 30m --backend balanced --cost cars --threads 20"
scaling,S,4,balanced,20,64,cars,1,32x32,32,1800,106651,27612,76433,2606,51.631,0.02868,34862.7,22.546,22.502,3.464,1.9493,1.7358,0.0000,5,0.000,0.019,7d051cde5159b18c,5677673899804325068,0,7724,"data/citysim-bench run --city 32x32 --load-state data/S_rush_0730.state --duration 30m --backend balanced --cost cars --threads 20"
scaling,S,5,balanced,20,64,cars,1,32x32,32,1800,106651,27612,76433,2606,50.843,0.02825,35403.2,22.327,22.562,3.346,1.9497,1.7208,0.0000,5,0.000,0.006,7d051cde5159b18c,5677673899804325068,0,7728,"data/citysim-bench run --city 32x32 --load-state data/S_rush_0730.state --duration 30m --backend balanced --cost cars --threads 20"
scaling,S,1,balanced,24,64,cars,1,32x32,32,1800,106651,27612,76433,2606,55.865,0.03104,32220.6,24.661,23.556,5.477,2.3007,2.0068,0.0000,5,0.000,0.004,7d051cde5159b18c,5677673899804325068,0,7676,"data/citysim-bench run --city 32x32 --load-state data/S_rush_0730.state --duration 30m --backend balanced --cost cars --threads 24"
scaling,S,2,balanced,24,64,cars,1,32x32,32,1800,106651,27612,76433,2606,51.688,0.02872,34824.2,22.119,22.518,2.841,2.3177,2.0755,0.0000,5,0.000,0.006,7d051cde5159b18c,5677673899804325068,0,7740,"data/citysim-bench run --city 32x32 --load-state data/S_rush_0730.state --duration 30m --backend balanced --cost cars --threads 24"
scaling,S,3,balanced,24,64,cars,1,32x32,32,1800,106651,27612,76433,2606,54.761,0.03042,32870.1,23.368,23.480,3.604,2.3477,2.0281,0.0000,5,0.000,0.004,7d051cde5159b18c,5677673899804325068,0,7740,"data/citysim-bench run --city 32x32 --load-state data/S_rush_0730.state --duration 30m --backend balanced --cost cars --threads 24"
scaling,S,4,balanced,24,64,cars,1,32x32,32,1800,106651,27612,76433,2606,52.592,0.02922,34225.6,22.183,23.006,3.062,2.2998,2.0449,0.0000,5,0.000,0.004,7d051cde5159b18c,5677673899804325068,0,7712,"data/citysim-bench run --city 32x32 --load-state data/S_rush_0730.state --duration 30m --backend balanced --cost cars --threads 24"
scaling,S,5,balanced,24,64,cars,1,32x32,32,1800,106651,27612,76433,2606,52.568,0.02920,34241.1,22.611,22.689,3.423,2.3320,2.0800,0.0000,5,0.000,0.005,7d051cde5159b18c,5677673899804325068,0,7740,"data/citysim-bench run --city 32x32 --load-state data/S_rush_0730.state --duration 30m --backend balanced --cost cars --threads 24"
scaling,S,1,balanced,28,64,cars,1,32x32,32,1800,106651,27612,76433,2606,70.585,0.03921,25501.3,29.936,30.235,10.986,2.9710,2.3168,0.0007,5,0.000,0.005,7d051cde5159b18c,5677673899804325068,0,7740,"data/citysim-bench run --city 32x32 --load-state data/S_rush_0730.state --duration 30m --backend balanced --cost cars --threads 28"
scaling,S,2,balanced,28,64,cars,1,32x32,32,1800,106651,27612,76433,2606,109.375,0.06076,16457.2,23.261,75.845,56.195,2.6349,2.3089,0.0007,5,0.000,0.006,7d051cde5159b18c,5677673899804325068,0,7740,"data/citysim-bench run --city 32x32 --load-state data/S_rush_0730.state --duration 30m --backend balanced --cost cars --threads 28"
scaling,S,3,balanced,28,64,cars,1,32x32,32,1800,106651,27612,76433,2606,57.006,0.03167,31575.9,23.521,24.124,4.695,2.6662,2.3429,0.0007,5,0.000,0.005,7d051cde5159b18c,5677673899804325068,0,7688,"data/citysim-bench run --city 32x32 --load-state data/S_rush_0730.state --duration 30m --backend balanced --cost cars --threads 28"
scaling,S,4,balanced,28,64,cars,1,32x32,32,1800,106651,27612,76433,2606,58.831,0.03268,30596.0,24.320,25.246,5.668,2.7537,2.3627,0.0007,5,0.000,0.004,7d051cde5159b18c,5677673899804325068,0,7712,"data/citysim-bench run --city 32x32 --load-state data/S_rush_0730.state --duration 30m --backend balanced --cost cars --threads 28"
scaling,S,5,balanced,28,64,cars,1,32x32,32,1800,106651,27612,76433,2606,107.499,0.05972,16744.4,48.275,49.826,54.321,2.7064,2.3084,0.0007,5,0.000,0.005,7d051cde5159b18c,5677673899804325068,0,7728,"data/citysim-bench run --city 32x32 --load-state data/S_rush_0730.state --duration 30m --backend balanced --cost cars --threads 28"
scaling,S,1,balanced,32,64,cars,1,32x32,32,1800,106651,27612,76433,2606,603.788,0.33544,2981.2,294.352,294.994,541.468,3.2790,2.5902,0.0000,5,0.000,0.006,7d051cde5159b18c,5677673899804325068,0,7740,"data/citysim-bench run --city 32x32 --load-state data/S_rush_0730.state --duration 30m --backend balanced --cost cars --threads 32"
scaling,S,2,balanced,32,64,cars,1,32x32,32,1800,106651,27612,76433,2606,477.398,0.26522,3770.4,230.258,233.589,385.801,5.0032,2.9625,0.0000,5,0.000,0.006,7d051cde5159b18c,5677673899804325068,0,7740,"data/citysim-bench run --city 32x32 --load-state data/S_rush_0730.state --duration 30m --backend balanced --cost cars --threads 32"
scaling,S,3,balanced,32,64,cars,1,32x32,32,1800,106651,27612,76433,2606,659.696,0.36650,2728.5,325.198,320.899,596.326,3.3883,2.6597,0.0000,5,0.000,0.007,7d051cde5159b18c,5677673899804325068,0,7440,"data/citysim-bench run --city 32x32 --load-state data/S_rush_0730.state --duration 30m --backend balanced --cost cars --threads 32"
scaling,S,4,balanced,32,64,cars,1,32x32,32,1800,106651,27612,76433,2606,491.545,0.27308,3661.9,150.854,328.755,430.789,3.3516,2.6265,0.0000,5,0.000,0.007,7d051cde5159b18c,5677673899804325068,0,7616,"data/citysim-bench run --city 32x32 --load-state data/S_rush_0730.state --duration 30m --backend balanced --cost cars --threads 32"
scaling,S,5,balanced,32,64,cars,1,32x32,32,1800,106651,27612,76433,2606,441.238,0.24513,4079.4,274.238,154.371,381.706,3.2129,2.6232,0.0000,5,0.000,0.006,7d051cde5159b18c,5677673899804325068,0,7688,"data/citysim-bench run --city 32x32 --load-state data/S_rush_0730.state --duration 30m --backend balanced --cost cars --threads 32"
scaling,S,1,rayon,1,64,-,0,32x32,32,1800,106651,27612,76433,2606,237.727,0.13207,7571.7,114.976,122.285,1.534,1.0000,1.0000,0.0000,0,0.000,0.005,7d051cde5159b18c,5677673899804325068,0,7740,"data/citysim-bench run --city 32x32 --load-state data/S_rush_0730.state --duration 30m --backend rayon --threads 1"
scaling,S,2,rayon,1,64,-,0,32x32,32,1800,106651,27612,76433,2606,238.776,0.13265,7538.5,115.440,122.914,1.509,1.0000,1.0000,0.0000,0,0.000,0.006,7d051cde5159b18c,5677673899804325068,0,7732,"data/citysim-bench run --city 32x32 --load-state data/S_rush_0730.state --duration 30m --backend rayon --threads 1"
scaling,S,3,rayon,1,64,-,0,32x32,32,1800,106651,27612,76433,2606,243.642,0.13536,7387.9,120.684,122.433,1.488,1.0000,1.0000,0.0000,0,0.000,0.007,7d051cde5159b18c,5677673899804325068,0,7716,"data/citysim-bench run --city 32x32 --load-state data/S_rush_0730.state --duration 30m --backend rayon --threads 1"
scaling,S,4,rayon,1,64,-,0,32x32,32,1800,106651,27612,76433,2606,234.403,0.13022,7679.1,113.601,120.374,1.613,1.0000,1.0000,0.0000,0,0.000,0.007,7d051cde5159b18c,5677673899804325068,0,7740,"data/citysim-bench run --city 32x32 --load-state data/S_rush_0730.state --duration 30m --backend rayon --threads 1"
scaling,S,5,rayon,1,64,-,0,32x32,32,1800,106651,27612,76433,2606,238.641,0.13258,7542.7,116.331,121.886,1.788,1.0000,1.0000,0.0000,0,0.000,0.006,7d051cde5159b18c,5677673899804325068,0,7740,"data/citysim-bench run --city 32x32 --load-state data/S_rush_0730.state --duration 30m --backend rayon --threads 1"
scaling,S,1,rayon,2,64,-,0,32x32,32,1800,106651,27612,76433,2606,132.526,0.07363,13582.3,63.791,68.124,6.310,1.0341,1.0184,0.0196,0,0.000,0.007,7d051cde5159b18c,5677673899804325068,0,7740,"data/citysim-bench run --city 32x32 --load-state data/S_rush_0730.state --duration 30m --backend rayon --threads 2"
scaling,S,2,rayon,2,64,-,0,32x32,32,1800,106651,27612,76433,2606,133.117,0.07395,13522.0,63.600,68.893,5.999,1.0329,1.0210,0.0183,0,0.000,0.006,7d051cde5159b18c,5677673899804325068,0,7740,"data/citysim-bench run --city 32x32 --load-state data/S_rush_0730.state --duration 30m --backend rayon --threads 2"
scaling,S,3,rayon,2,64,-,0,32x32,32,1800,106651,27612,76433,2606,127.371,0.07076,14131.9,61.406,65.424,4.876,1.0262,1.0150,0.0122,0,0.000,0.006,7d051cde5159b18c,5677673899804325068,0,7740,"data/citysim-bench run --city 32x32 --load-state data/S_rush_0730.state --duration 30m --backend rayon --threads 2"
scaling,S,4,rayon,2,64,-,0,32x32,32,1800,106651,27612,76433,2606,133.075,0.07393,13526.2,64.201,68.307,6.078,1.0335,1.0172,0.0197,0,0.000,0.006,7d051cde5159b18c,5677673899804325068,0,7740,"data/citysim-bench run --city 32x32 --load-state data/S_rush_0730.state --duration 30m --backend rayon --threads 2"
scaling,S,5,rayon,2,64,-,0,32x32,32,1800,106651,27612,76433,2606,129.189,0.07177,13933.1,62.013,66.612,5.077,1.0288,1.0145,0.0185,0,0.000,0.005,7d051cde5159b18c,5677673899804325068,0,7728,"data/citysim-bench run --city 32x32 --load-state data/S_rush_0730.state --duration 30m --backend rayon --threads 2"
scaling,S,1,rayon,4,64,-,0,32x32,32,1800,106651,27612,76433,2606,206.378,0.11465,8721.8,104.571,101.014,102.217,1.2091,1.0736,0.6166,0,0.000,0.005,7d051cde5159b18c,5677673899804325068,0,7740,"data/citysim-bench run --city 32x32 --load-state data/S_rush_0730.state --duration 30m --backend rayon --threads 4"
scaling,S,2,rayon,4,64,-,0,32x32,32,1800,106651,27612,76433,2606,193.694,0.10761,9293.0,98.700,94.194,92.108,1.2047,1.0694,0.6150,0,0.000,0.006,7d051cde5159b18c,5677673899804325068,0,7680,"data/citysim-bench run --city 32x32 --load-state data/S_rush_0730.state --duration 30m --backend rayon --threads 4"
scaling,S,3,rayon,4,64,-,0,32x32,32,1800,106651,27612,76433,2606,197.788,0.10988,9100.7,101.531,95.453,95.532,1.2061,1.0743,0.6124,0,0.000,0.005,7d051cde5159b18c,5677673899804325068,0,7732,"data/citysim-bench run --city 32x32 --load-state data/S_rush_0730.state --duration 30m --backend rayon --threads 4"
scaling,S,4,rayon,4,64,-,0,32x32,32,1800,106651,27612,76433,2606,201.372,0.11187,8938.7,102.107,98.475,98.150,1.2101,1.0804,0.6121,0,0.000,0.005,7d051cde5159b18c,5677673899804325068,0,7740,"data/citysim-bench run --city 32x32 --load-state data/S_rush_0730.state --duration 30m --backend rayon --threads 4"
scaling,S,5,rayon,4,64,-,0,32x32,32,1800,106651,27612,76433,2606,204.779,0.11377,8790.0,104.307,99.653,100.104,1.2058,1.0741,0.6118,0,0.000,0.006,7d051cde5159b18c,5677673899804325068,0,7740,"data/citysim-bench run --city 32x32 --load-state data/S_rush_0730.state --duration 30m --backend rayon --threads 4"
scaling,S,1,rayon,6,64,-,0,32x32,32,1800,106651,27612,76433,2606,334.562,0.18587,5380.2,181.599,151.983,240.614,1.5049,1.3664,0.7090,0,0.000,0.016,7d051cde5159b18c,5677673899804325068,0,7728,"data/citysim-bench run --city 32x32 --load-state data/S_rush_0730.state --duration 30m --backend rayon --threads 6"
scaling,S,2,rayon,6,64,-,0,32x32,32,1800,106651,27612,76433,2606,304.391,0.16911,5913.4,167.411,135.995,213.424,1.4982,1.3667,0.7106,0,0.000,0.006,7d051cde5159b18c,5677673899804325068,0,7740,"data/citysim-bench run --city 32x32 --load-state data/S_rush_0730.state --duration 30m --backend rayon --threads 6"
scaling,S,3,rayon,6,64,-,0,32x32,32,1800,106651,27612,76433,2606,318.926,0.17718,5643.9,172.209,145.732,224.269,1.5096,1.3667,0.7033,0,0.000,0.006,7d051cde5159b18c,5677673899804325068,0,7740,"data/citysim-bench run --city 32x32 --load-state data/S_rush_0730.state --duration 30m --backend rayon --threads 6"
scaling,S,4,rayon,6,64,-,0,32x32,32,1800,106651,27612,76433,2606,344.198,0.19122,5229.6,186.714,156.451,249.418,1.5002,1.3565,0.7079,0,0.000,0.006,7d051cde5159b18c,5677673899804325068,0,7700,"data/citysim-bench run --city 32x32 --load-state data/S_rush_0730.state --duration 30m --backend rayon --threads 6"
scaling,S,5,rayon,6,64,-,0,32x32,32,1800,106651,27612,76433,2606,328.177,0.18232,5484.8,178.023,149.126,232.801,1.5015,1.3491,0.7083,0,0.000,0.006,7d051cde5159b18c,5677673899804325068,0,7740,"data/citysim-bench run --city 32x32 --load-state data/S_rush_0730.state --duration 30m --backend rayon --threads 6"
scaling,S,1,rayon,8,64,-,0,32x32,32,1800,106651,27612,76433,2606,658.627,0.36590,2733.0,321.215,336.124,574.995,1.6226,1.1679,0.7679,0,0.000,0.006,7d051cde5159b18c,5677673899804325068,0,7652,"data/citysim-bench run --city 32x32 --load-state data/S_rush_0730.state --duration 30m --backend rayon --threads 8"
scaling,S,2,rayon,8,64,-,0,32x32,32,1800,106651,27612,76433,2606,625.916,0.34773,2875.8,303.550,321.136,544.561,1.6151,1.1552,0.7707,0,0.000,0.006,7d051cde5159b18c,5677673899804325068,0,7740,"data/citysim-bench run --city 32x32 --load-state data/S_rush_0730.state --duration 30m --backend rayon --threads 8"
scaling,S,3,rayon,8,64,-,0,32x32,32,1800,106651,27612,76433,2606,635.950,0.35331,2830.4,311.868,322.893,554.713,1.6217,1.1675,0.7651,0,0.000,0.007,7d051cde5159b18c,5677673899804325068,0,7716,"data/citysim-bench run --city 32x32 --load-state data/S_rush_0730.state --duration 30m --backend rayon --threads 8"
scaling,S,4,rayon,8,64,-,0,32x32,32,1800,106651,27612,76433,2606,579.847,0.32214,3104.3,283.987,294.708,500.989,1.5885,1.1616,0.7738,0,0.000,0.006,7d051cde5159b18c,5677673899804325068,0,7716,"data/citysim-bench run --city 32x32 --load-state data/S_rush_0730.state --duration 30m --backend rayon --threads 8"
scaling,S,5,rayon,8,64,-,0,32x32,32,1800,106651,27612,76433,2606,618.319,0.34351,2911.1,302.250,314.922,538.930,1.6025,1.1821,0.7669,0,0.000,0.005,7d051cde5159b18c,5677673899804325068,0,7716,"data/citysim-bench run --city 32x32 --load-state data/S_rush_0730.state --duration 30m --backend rayon --threads 8"
scaling,S,1,rayon,10,64,-,0,32x32,32,1800,106651,27612,76433,2606,1171.545,0.65086,1536.4,584.477,585.608,1088.405,1.9263,1.1766,0.7464,0,0.000,0.006,7d051cde5159b18c,5677673899804325068,0,7720,"data/citysim-bench run --city 32x32 --load-state data/S_rush_0730.state --duration 30m --backend rayon --threads 10"
scaling,S,2,rayon,10,64,-,0,32x32,32,1800,106651,27612,76433,2606,1190.997,0.66166,1511.3,594.312,595.224,1107.020,1.9370,1.1864,0.7468,0,0.000,0.006,7d051cde5159b18c,5677673899804325068,0,7716,"data/citysim-bench run --city 32x32 --load-state data/S_rush_0730.state --duration 30m --backend rayon --threads 10"
scaling,S,3,rayon,10,64,-,0,32x32,32,1800,106651,27612,76433,2606,1290.517,0.71695,1394.8,642.212,646.743,1202.457,1.9366,1.1938,0.7620,0,0.000,0.006,7d051cde5159b18c,5677673899804325068,0,7716,"data/citysim-bench run --city 32x32 --load-state data/S_rush_0730.state --duration 30m --backend rayon --threads 10"
scaling,S,4,rayon,10,64,-,0,32x32,32,1800,106651,27612,76433,2606,1487.005,0.82611,1210.5,738.113,747.043,1393.369,1.9700,1.2071,0.7732,0,0.000,0.006,7d051cde5159b18c,5677673899804325068,0,7740,"data/citysim-bench run --city 32x32 --load-state data/S_rush_0730.state --duration 30m --backend rayon --threads 10"
scaling,S,5,rayon,10,64,-,0,32x32,32,1800,106651,27612,76433,2606,1469.460,0.81637,1224.9,732.019,735.687,1376.765,1.9850,1.1929,0.7700,0,0.000,0.008,7d051cde5159b18c,5677673899804325068,0,7676,"data/citysim-bench run --city 32x32 --load-state data/S_rush_0730.state --duration 30m --backend rayon --threads 10"
scaling,S,1,rayon,12,64,-,0,32x32,32,1800,106651,27612,76433,2606,1745.107,0.96950,1031.5,869.254,873.921,1655.128,2.2541,1.3179,0.7866,0,0.000,0.005,7d051cde5159b18c,5677673899804325068,0,7676,"data/citysim-bench run --city 32x32 --load-state data/S_rush_0730.state --duration 30m --backend rayon --threads 12"
scaling,S,2,rayon,12,64,-,0,32x32,32,1800,106651,27612,76433,2606,1492.324,0.82907,1206.2,743.646,746.999,1411.374,2.2131,1.2932,0.7672,0,0.000,0.005,7d051cde5159b18c,5677673899804325068,0,7740,"data/citysim-bench run --city 32x32 --load-state data/S_rush_0730.state --duration 30m --backend rayon --threads 12"
scaling,S,3,rayon,12,64,-,0,32x32,32,1800,106651,27612,76433,2606,1397.580,0.77643,1287.9,699.590,696.288,1314.571,2.2098,1.2743,0.7544,0,0.000,0.006,7d051cde5159b18c,5677673899804325068,0,7740,"data/citysim-bench run --city 32x32 --load-state data/S_rush_0730.state --duration 30m --backend rayon --threads 12"
scaling,S,4,rayon,12,64,-,0,32x32,32,1800,106651,27612,76433,2606,1462.258,0.81237,1231.0,727.802,732.789,1377.753,2.2107,1.2730,0.7620,0,0.000,0.007,7d051cde5159b18c,5677673899804325068,0,7740,"data/citysim-bench run --city 32x32 --load-state data/S_rush_0730.state --duration 30m --backend rayon --threads 12"
scaling,S,5,rayon,12,64,-,0,32x32,32,1800,106651,27612,76433,2606,1393.167,0.77398,1292.0,695.674,695.888,1312.898,2.1757,1.3049,0.7556,0,0.000,0.006,7d051cde5159b18c,5677673899804325068,0,7728,"data/citysim-bench run --city 32x32 --load-state data/S_rush_0730.state --duration 30m --backend rayon --threads 12"
scaling,S,1,rayon,14,64,-,0,32x32,32,1800,106651,27612,76433,2606,1534.426,0.85246,1173.1,766.132,766.521,1452.304,2.5005,1.4188,0.7638,0,0.000,0.006,7d051cde5159b18c,5677673899804325068,0,7740,"data/citysim-bench run --city 32x32 --load-state data/S_rush_0730.state --duration 30m --backend rayon --threads 14"
scaling,S,2,rayon,14,64,-,0,32x32,32,1800,106651,27612,76433,2606,1673.863,0.92992,1075.4,835.552,836.379,1588.502,2.5302,1.4533,0.7753,0,0.000,0.007,7d051cde5159b18c,5677673899804325068,0,7704,"data/citysim-bench run --city 32x32 --load-state data/S_rush_0730.state --duration 30m --backend rayon --threads 14"
scaling,S,3,rayon,14,64,-,0,32x32,32,1800,106651,27612,76433,2606,1502.544,0.83475,1198.0,749.336,751.424,1424.355,2.4650,1.4252,0.7560,0,0.000,0.005,7d051cde5159b18c,5677673899804325068,0,7740,"data/citysim-bench run --city 32x32 --load-state data/S_rush_0730.state --duration 30m --backend rayon --threads 14"
scaling,S,4,rayon,14,64,-,0,32x32,32,1800,106651,27612,76433,2606,1503.706,0.83539,1197.0,751.759,750.219,1423.449,2.4748,1.4356,0.7603,0,0.000,0.006,7d051cde5159b18c,5677673899804325068,0,7740,"data/citysim-bench run --city 32x32 --load-state data/S_rush_0730.state --duration 30m --backend rayon --threads 14"
scaling,S,5,rayon,14,64,-,0,32x32,32,1800,106651,27612,76433,2606,1517.376,0.84299,1186.3,754.510,761.115,1436.673,2.4764,1.4233,0.7595,0,0.000,0.006,7d051cde5159b18c,5677673899804325068,0,7740,"data/citysim-bench run --city 32x32 --load-state data/S_rush_0730.state --duration 30m --backend rayon --threads 14"
scaling,S,1,rayon,16,64,-,0,32x32,32,1800,106651,27612,76433,2606,1563.614,0.86867,1151.2,779.508,782.348,1482.022,2.8248,1.5874,0.7688,0,0.000,0.006,7d051cde5159b18c,5677673899804325068,0,7692,"data/citysim-bench run --city 32x32 --load-state data/S_rush_0730.state --duration 30m --backend rayon --threads 16"
scaling,S,2,rayon,16,64,-,0,32x32,32,1800,106651,27612,76433,2606,1586.449,0.88136,1134.6,792.000,792.648,1503.512,2.8361,1.5930,0.7741,0,0.000,0.006,7d051cde5159b18c,5677673899804325068,0,7712,"data/citysim-bench run --city 32x32 --load-state data/S_rush_0730.state --duration 30m --backend rayon --threads 16"
scaling,S,3,rayon,16,64,-,0,32x32,32,1800,106651,27612,76433,2606,1590.829,0.88379,1131.5,793.974,794.975,1508.754,2.8236,1.5981,0.7704,0,0.000,0.006,7d051cde5159b18c,5677673899804325068,0,7740,"data/citysim-bench run --city 32x32 --load-state data/S_rush_0730.state --duration 30m --backend rayon --threads 16"
scaling,S,4,rayon,16,64,-,0,32x32,32,1800,106651,27612,76433,2606,1579.101,0.87728,1139.9,788.314,788.947,1496.668,2.8355,1.6001,0.7714,0,0.000,0.006,7d051cde5159b18c,5677673899804325068,0,7740,"data/citysim-bench run --city 32x32 --load-state data/S_rush_0730.state --duration 30m --backend rayon --threads 16"
scaling,S,5,rayon,16,64,-,0,32x32,32,1800,106651,27612,76433,2606,1555.447,0.86414,1157.2,776.983,776.669,1474.644,2.8335,1.5925,0.7663,0,0.000,0.006,7d051cde5159b18c,5677673899804325068,0,7628,"data/citysim-bench run --city 32x32 --load-state data/S_rush_0730.state --duration 30m --backend rayon --threads 16"
scaling,S,1,rayon,20,64,-,0,32x32,32,1800,106651,27612,76433,2606,1594.120,0.88562,1129.1,794.948,797.234,1513.059,3.4635,1.9571,0.8035,0,0.000,0.005,7d051cde5159b18c,5677673899804325068,0,7932,"data/citysim-bench run --city 32x32 --load-state data/S_rush_0730.state --duration 30m --backend rayon --threads 20"
scaling,S,2,rayon,20,64,-,0,32x32,32,1800,106651,27612,76433,2606,1616.559,0.89809,1113.5,807.500,807.126,1534.943,3.4928,1.9441,0.8014,0,0.000,0.006,7d051cde5159b18c,5677673899804325068,0,7992,"data/citysim-bench run --city 32x32 --load-state data/S_rush_0730.state --duration 30m --backend rayon --threads 20"
scaling,S,3,rayon,20,64,-,0,32x32,32,1800,106651,27612,76433,2606,1597.398,0.88744,1126.8,798.019,797.446,1515.803,3.5040,1.9585,0.7994,0,0.000,0.007,7d051cde5159b18c,5677673899804325068,0,7996,"data/citysim-bench run --city 32x32 --load-state data/S_rush_0730.state --duration 30m --backend rayon --threads 20"
scaling,S,4,rayon,20,64,-,0,32x32,32,1800,106651,27612,76433,2606,1685.019,0.93612,1068.2,842.459,840.477,1599.544,3.5569,1.9889,0.8033,0,0.000,0.006,7d051cde5159b18c,5677673899804325068,0,7920,"data/citysim-bench run --city 32x32 --load-state data/S_rush_0730.state --duration 30m --backend rayon --threads 20"
scaling,S,5,rayon,20,64,-,0,32x32,32,1800,106651,27612,76433,2606,1930.641,1.07258,932.3,967.822,960.329,1840.975,3.5525,2.0382,0.8184,0,0.000,0.005,7d051cde5159b18c,5677673899804325068,0,7936,"data/citysim-bench run --city 32x32 --load-state data/S_rush_0730.state --duration 30m --backend rayon --threads 20"
scaling,S,1,rayon,24,64,-,0,32x32,32,1800,106651,27612,76433,2606,1988.263,1.10459,905.3,993.209,992.263,1898.134,4.3247,2.4323,0.8215,0,0.000,0.005,7d051cde5159b18c,5677673899804325068,0,7980,"data/citysim-bench run --city 32x32 --load-state data/S_rush_0730.state --duration 30m --backend rayon --threads 24"
scaling,S,2,rayon,24,64,-,0,32x32,32,1800,106651,27612,76433,2606,1937.070,1.07615,929.2,966.994,967.458,1848.235,4.2790,2.4228,0.8197,0,0.000,0.007,7d051cde5159b18c,5677673899804325068,0,7996,"data/citysim-bench run --city 32x32 --load-state data/S_rush_0730.state --duration 30m --backend rayon --threads 24"
scaling,S,3,rayon,24,64,-,0,32x32,32,1800,106651,27612,76433,2606,1637.335,0.90963,1099.3,816.546,818.662,1555.229,4.1341,2.3594,0.8124,0,0.000,0.006,7d051cde5159b18c,5677673899804325068,0,7996,"data/citysim-bench run --city 32x32 --load-state data/S_rush_0730.state --duration 30m --backend rayon --threads 24"
scaling,S,4,rayon,24,64,-,0,32x32,32,1800,106651,27612,76433,2606,1647.506,0.91528,1092.6,825.435,819.915,1565.721,4.1242,2.3174,0.8140,0,0.000,0.006,7d051cde5159b18c,5677673899804325068,0,7996,"data/citysim-bench run --city 32x32 --load-state data/S_rush_0730.state --duration 30m --backend rayon --threads 24"
scaling,S,5,rayon,24,64,-,0,32x32,32,1800,106651,27612,76433,2606,1669.837,0.92769,1077.9,834.806,832.698,1587.642,4.1425,2.3556,0.8147,0,0.000,0.006,7d051cde5159b18c,5677673899804325068,0,7996,"data/citysim-bench run --city 32x32 --load-state data/S_rush_0730.state --duration 30m --backend rayon --threads 24"
scaling,S,1,rayon,28,64,-,0,32x32,32,1800,106651,27612,76433,2606,1654.453,0.91914,1088.0,825.571,826.603,1571.780,4.8110,2.7443,0.8263,0,0.000,0.006,7d051cde5159b18c,5677673899804325068,0,7924,"data/citysim-bench run --city 32x32 --load-state data/S_rush_0730.state --duration 30m --backend rayon --threads 28"
scaling,S,2,rayon,28,64,-,0,32x32,32,1800,106651,27612,76433,2606,1657.806,0.92100,1085.8,829.652,825.843,1575.851,4.8120,2.7344,0.8246,0,0.000,0.006,7d051cde5159b18c,5677673899804325068,0,7996,"data/citysim-bench run --city 32x32 --load-state data/S_rush_0730.state --duration 30m --backend rayon --threads 28"
scaling,S,3,rayon,28,64,-,0,32x32,32,1800,106651,27612,76433,2606,1657.253,0.92070,1086.1,826.266,828.744,1574.450,4.8153,2.7351,0.8248,0,0.000,0.006,7d051cde5159b18c,5677673899804325068,0,7956,"data/citysim-bench run --city 32x32 --load-state data/S_rush_0730.state --duration 30m --backend rayon --threads 28"
scaling,S,4,rayon,28,64,-,0,32x32,32,1800,106651,27612,76433,2606,1626.130,0.90341,1106.9,811.304,812.572,1543.952,4.8278,2.7448,0.8189,0,0.000,0.006,7d051cde5159b18c,5677673899804325068,0,7936,"data/citysim-bench run --city 32x32 --load-state data/S_rush_0730.state --duration 30m --backend rayon --threads 28"
scaling,S,5,rayon,28,64,-,0,32x32,32,1800,106651,27612,76433,2606,1652.099,0.91783,1089.5,827.125,822.668,1569.401,4.8013,2.7526,0.8236,0,0.000,0.007,7d051cde5159b18c,5677673899804325068,0,7972,"data/citysim-bench run --city 32x32 --load-state data/S_rush_0730.state --duration 30m --backend rayon --threads 28"
scaling,S,1,rayon,32,64,-,0,32x32,32,1800,106651,27612,76433,2606,1686.062,0.93670,1067.6,842.255,841.261,1603.159,5.4981,3.1905,0.8354,0,0.000,0.006,7d051cde5159b18c,5677673899804325068,0,7964,"data/citysim-bench run --city 32x32 --load-state data/S_rush_0730.state --duration 30m --backend rayon --threads 32"
scaling,S,2,rayon,32,64,-,0,32x32,32,1800,106651,27612,76433,2606,1716.467,0.95359,1048.7,853.930,859.971,1632.652,5.5069,3.2207,0.8323,0,0.000,0.006,7d051cde5159b18c,5677673899804325068,0,7996,"data/citysim-bench run --city 32x32 --load-state data/S_rush_0730.state --duration 30m --backend rayon --threads 32"
scaling,S,3,rayon,32,64,-,0,32x32,32,1800,106651,27612,76433,2606,1754.365,0.97465,1026.0,875.543,876.158,1669.245,5.4947,3.2553,0.8320,0,0.000,0.006,7d051cde5159b18c,5677673899804325068,0,7928,"data/citysim-bench run --city 32x32 --load-state data/S_rush_0730.state --duration 30m --backend rayon --threads 32"
scaling,S,4,rayon,32,64,-,0,32x32,32,1800,106651,27612,76433,2606,1717.886,0.95438,1047.8,854.244,861.058,1633.843,5.5144,3.1681,0.8347,0,0.000,0.005,7d051cde5159b18c,5677673899804325068,0,7996,"data/citysim-bench run --city 32x32 --load-state data/S_rush_0730.state --duration 30m --backend rayon --threads 32"
scaling,S,5,rayon,32,64,-,0,32x32,32,1800,106651,27612,76433,2606,1720.160,0.95564,1046.4,859.396,858.157,1636.139,5.4951,3.1770,0.8324,0,0.000,0.005,7d051cde5159b18c,5677673899804325068,0,7996,"data/citysim-bench run --city 32x32 --load-state data/S_rush_0730.state --duration 30m --backend rayon --threads 32"
scaling,M,1,seq,1,64,-,0,128x128,32,1800,1661155,95151,1504989,61015,5335.078,2.96393,337.4,2793.155,2541.453,0.000,1.0000,1.0000,0.0000,0,0.000,0.064,6f3bc526f73ac844,12073136906654222322,0,46392,"data/citysim-bench run --city 128x128 --load-state data/M_rush_0730.state --duration 30m --backend seq"
scaling,M,2,seq,1,64,-,0,128x128,32,1800,1661155,95151,1504989,61015,5377.181,2.98732,334.7,2815.088,2561.703,0.000,1.0000,1.0000,0.0000,0,0.000,0.061,6f3bc526f73ac844,12073136906654222322,0,46396,"data/citysim-bench run --city 128x128 --load-state data/M_rush_0730.state --duration 30m --backend seq"
scaling,M,3,seq,1,64,-,0,128x128,32,1800,1661155,95151,1504989,61015,5341.210,2.96734,337.0,2797.993,2542.848,0.000,1.0000,1.0000,0.0000,0,0.000,0.081,6f3bc526f73ac844,12073136906654222322,0,46396,"data/citysim-bench run --city 128x128 --load-state data/M_rush_0730.state --duration 30m --backend seq"
scaling,M,4,seq,1,64,-,0,128x128,32,1800,1661155,95151,1504989,61015,5404.738,3.00263,333.0,2827.412,2576.932,0.000,1.0000,1.0000,0.0000,0,0.000,0.060,6f3bc526f73ac844,12073136906654222322,0,46396,"data/citysim-bench run --city 128x128 --load-state data/M_rush_0730.state --duration 30m --backend seq"
scaling,M,5,seq,1,64,-,0,128x128,32,1800,1661155,95151,1504989,61015,5471.798,3.03989,329.0,2859.398,2611.931,0.000,1.0000,1.0000,0.0000,0,0.000,0.058,6f3bc526f73ac844,12073136906654222322,0,46396,"data/citysim-bench run --city 128x128 --load-state data/M_rush_0730.state --duration 30m --backend seq"
scaling,M,1,static,1,64,-,0,128x128,32,1800,1661155,95151,1504989,61015,5941.013,3.30056,303.0,3095.127,2845.676,17.960,1.0000,1.0000,0.0000,0,0.000,0.067,6f3bc526f73ac844,12073136906654222322,0,46396,"data/citysim-bench run --city 128x128 --load-state data/M_rush_0730.state --duration 30m --backend static --threads 1"
scaling,M,2,static,1,64,-,0,128x128,32,1800,1661155,95151,1504989,61015,5759.448,3.19969,312.5,3002.091,2757.169,17.963,1.0000,1.0000,0.0000,0,0.000,0.055,6f3bc526f73ac844,12073136906654222322,0,46392,"data/citysim-bench run --city 128x128 --load-state data/M_rush_0730.state --duration 30m --backend static --threads 1"
scaling,M,3,static,1,64,-,0,128x128,32,1800,1661155,95151,1504989,61015,5332.446,2.96247,337.6,2781.673,2550.576,17.456,1.0000,1.0000,0.0000,0,0.000,0.059,6f3bc526f73ac844,12073136906654222322,0,46396,"data/citysim-bench run --city 128x128 --load-state data/M_rush_0730.state --duration 30m --backend static --threads 1"
scaling,M,4,static,1,64,-,0,128x128,32,1800,1661155,95151,1504989,61015,5381.900,2.98994,334.5,2809.580,2572.144,17.884,1.0000,1.0000,0.0000,0,0.000,0.057,6f3bc526f73ac844,12073136906654222322,0,46396,"data/citysim-bench run --city 128x128 --load-state data/M_rush_0730.state --duration 30m --backend static --threads 1"
scaling,M,5,static,1,64,-,0,128x128,32,1800,1661155,95151,1504989,61015,5413.916,3.00773,332.5,2835.114,2578.614,17.855,1.0000,1.0000,0.0000,0,0.000,0.054,6f3bc526f73ac844,12073136906654222322,0,46396,"data/citysim-bench run --city 128x128 --load-state data/M_rush_0730.state --duration 30m --backend static --threads 1"
scaling,M,1,static,2,64,-,0,128x128,32,1800,1661155,95151,1504989,61015,2800.479,1.55582,642.7,1448.357,1351.376,9.973,1.0403,1.0317,0.0000,0,0.000,0.069,6f3bc526f73ac844,12073136906654222322,0,46356,"data/citysim-bench run --city 128x128 --load-state data/M_rush_0730.state --duration 30m --backend static --threads 2"
scaling,M,2,static,2,64,-,0,128x128,32,1800,1661155,95151,1504989,61015,2775.457,1.54192,648.5,1433.728,1340.917,10.199,1.0364,1.0245,0.0000,0,0.000,0.063,6f3bc526f73ac844,12073136906654222322,0,46396,"data/citysim-bench run --city 128x128 --load-state data/M_rush_0730.state --duration 30m --backend static --threads 2"
scaling,M,3,static,2,64,-,0,128x128,32,1800,1661155,95151,1504989,61015,2728.059,1.51559,659.8,1435.345,1292.027,10.501,1.0314,1.0149,0.0000,0,0.000,0.072,6f3bc526f73ac844,12073136906654222322,0,46316,"data/citysim-bench run --city 128x128 --load-state data/M_rush_0730.state --duration 30m --backend static --threads 2"
scaling,M,4,static,2,64,-,0,128x128,32,1800,1661155,95151,1504989,61015,2734.720,1.51929,658.2,1437.308,1296.664,9.838,1.0330,1.0210,0.0000,0,0.000,0.058,6f3bc526f73ac844,12073136906654222322,0,46380,"data/citysim-bench run --city 128x128 --load-state data/M_rush_0730.state --duration 30m --backend static --threads 2"
scaling,M,5,static,2,64,-,0,128x128,32,1800,1661155,95151,1504989,61015,2729.037,1.51613,659.6,1432.407,1295.915,10.076,1.0352,1.0258,0.0000,0,0.000,0.055,6f3bc526f73ac844,12073136906654222322,0,46396,"data/citysim-bench run --city 128x128 --load-state data/M_rush_0730.state --duration 30m --backend static --threads 2"
scaling,M,1,static,4,64,-,0,128x128,32,1800,1661155,95151,1504989,61015,1503.140,0.83508,1197.5,841.815,660.073,6.743,1.2570,1.2067,0.0000,0,0.000,0.059,6f3bc526f73ac844,12073136906654222322,0,46396,"data/citysim-bench run --city 128x128 --load-state data/M_rush_0730.state --duration 30m --backend static --threads 4"
scaling,M,2,static,4,64,-,0,128x128,32,1800,1661155,95151,1504989,61015,1505.266,0.83626,1195.8,840.462,663.798,6.285,1.2540,1.2007,0.0000,0,0.000,0.062,6f3bc526f73ac844,12073136906654222322,0,46288,"data/citysim-bench run --city 128x128 --load-state data/M_rush_0730.state --duration 30m --backend static --threads 4"
scaling,M,3,static,4,64,-,0,128x128,32,1800,1661155,95151,1504989,61015,1521.089,0.84505,1183.4,851.176,668.865,6.381,1.2580,1.2043,0.0000,0,0.000,0.049,6f3bc526f73ac844,12073136906654222322,0,46364,"data/citysim-bench run --city 128x128 --load-state data/M_rush_0730.state --duration 30m --backend static --threads 4"
scaling,M,4,static,4,64,-,0,128x128,32,1800,1661155,95151,1504989,61015,1482.189,0.82344,1214.4,833.519,647.488,6.304,1.2527,1.2058,0.0000,0,0.000,0.058,6f3bc526f73ac844,12073136906654222322,0,46076,"data/citysim-bench run --city 128x128 --load-state data/M_rush_0730.state --duration 30m --backend static --threads 4"
scaling,M,5,static,4,64,-,0,128x128,32,1800,1661155,95151,1504989,61015,1494.872,0.83048,1204.1,830.091,663.743,7.968,1.2473,1.1930,0.0000,0,0.000,0.059,6f3bc526f73ac844,12073136906654222322,0,46396,"data/citysim-bench run --city 128x128 --load-state data/M_rush_0730.state --duration 30m --backend static --threads 4"
scaling,M,1,static,6,64,-,0,128x128,32,1800,1661155,95151,1504989,61015,1014.565,0.56365,1774.2,577.124,435.747,6.855,1.3664,1.2612,0.0000,0,0.000,0.063,6f3bc526f73ac844,12073136906654222322,0,46396,"data/citysim-bench run --city 128x128 --load-state data/M_rush_0730.state --duration 30m --backend static --threads 6"
scaling,M,2,static,6,64,-,0,128x128,32,1800,1661155,95151,1504989,61015,1001.968,0.55665,1796.5,567.208,432.978,6.028,1.3589,1.2438,0.0000,0,0.000,0.063,6f3bc526f73ac844,12073136906654222322,0,46396,"data/citysim-bench run --city 128x128 --load-state data/M_rush_0730.state --duration 30m --backend static --threads 6"
scaling,M,3,static,6,64,-,0,128x128,32,1800,1661155,95151,1504989,61015,973.018,0.54057,1849.9,546.241,424.983,5.250,1.3420,1.2383,0.0000,0,0.000,0.062,6f3bc526f73ac844,12073136906654222322,0,46096,"data/citysim-bench run --city 128x128 --load-state data/M_rush_0730.state --duration 30m --backend static --threads 6"
scaling,M,4,static,6,64,-,0,128x128,32,1800,1661155,95151,1504989,61015,955.549,0.53086,1883.7,545.338,408.524,5.084,1.3344,1.2668,0.0000,0,0.000,0.054,6f3bc526f73ac844,12073136906654222322,0,46380,"data/citysim-bench run --city 128x128 --load-state data/M_rush_0730.state --duration 30m --backend static --threads 6"
scaling,M,5,static,6,64,-,0,128x128,32,1800,1661155,95151,1504989,61015,980.396,0.54466,1836.0,559.861,418.975,5.140,1.3476,1.2558,0.0000,0,0.000,0.056,6f3bc526f73ac844,12073136906654222322,0,46396,"data/citysim-bench run --city 128x128 --load-state data/M_rush_0730.state --duration 30m --backend static --threads 6"
scaling,M,1,static,8,64,-,0,128x128,32,1800,1661155,95151,1504989,61015,789.513,0.43862,2279.9,446.593,340.232,4.763,1.4662,1.2781,0.0000,0,0.000,0.054,6f3bc526f73ac844,12073136906654222322,0,46360,"data/citysim-bench run --city 128x128 --load-state data/M_rush_0730.state --duration 30m --backend static --threads 8"
scaling,M,2,static,8,64,-,0,128x128,32,1800,1661155,95151,1504989,61015,814.199,0.45233,2210.8,455.084,356.777,5.266,1.4916,1.2694,0.0000,0,0.000,0.054,6f3bc526f73ac844,12073136906654222322,0,46396,"data/citysim-bench run --city 128x128 --load-state data/M_rush_0730.state --duration 30m --backend static --threads 8"
scaling,M,3,static,8,64,-,0,128x128,32,1800,1661155,95151,1504989,61015,817.546,0.45419,2201.7,459.251,356.016,4.756,1.4930,1.2904,0.0000,0,0.000,0.051,6f3bc526f73ac844,12073136906654222322,0,46356,"data/citysim-bench run --city 128x128 --load-state data/M_rush_0730.state --duration 30m --backend static --threads 8"
scaling,M,4,static,8,64,-,0,128x128,32,1800,1661155,95151,1504989,61015,791.883,0.43993,2273.1,445.525,344.081,5.656,1.4659,1.2657,0.0000,0,0.000,0.056,6f3bc526f73ac844,12073136906654222322,0,46360,"data/citysim-bench run --city 128x128 --load-state data/M_rush_0730.state --duration 30m --backend static --threads 8"
scaling,M,5,static,8,64,-,0,128x128,32,1800,1661155,95151,1504989,61015,827.532,0.45974,2175.1,463.577,361.650,5.311,1.5038,1.2970,0.0000,0,0.000,0.055,6f3bc526f73ac844,12073136906654222322,0,46320,"data/citysim-bench run --city 128x128 --load-state data/M_rush_0730.state --duration 30m --backend static --threads 8"
scaling,M,1,static,10,64,-,0,128x128,32,1800,1661155,95151,1504989,61015,883.198,0.49067,2038.0,488.502,391.909,5.892,1.7827,1.3232,0.0000,0,0.000,0.058,6f3bc526f73ac844,12073136906654222322,0,46396,"data/citysim-bench run --city 128x128 --load-state data/M_rush_0730.state --duration 30m --backend static --threads 10"
scaling,M,2,static,10,64,-,0,128x128,32,1800,1661155,95151,1504989,61015,870.574,0.48365,2067.6,475.524,392.066,6.127,1.7371,1.3701,0.0000,0,0.000,0.053,6f3bc526f73ac844,12073136906654222322,0,46396,"data/citysim-bench run --city 128x128 --load-state data/M_rush_0730.state --duration 30m --backend static --threads 10"
scaling,M,3,static,10,64,-,0,128x128,32,1800,1661155,95151,1504989,61015,889.780,0.49432,2023.0,490.290,396.368,5.476,1.7327,1.3038,0.0000,0,0.000,0.058,6f3bc526f73ac844,12073136906654222322,0,46376,"data/citysim-bench run --city 128x128 --load-state data/M_rush_0730.state --duration 30m --backend static --threads 10"
scaling,M,4,static,10,64,-,0,128x128,32,1800,1661155,95151,1504989,61015,888.153,0.49342,2026.7,488.070,396.553,6.106,1.6889,1.2668,0.0000,0,0.000,0.060,6f3bc526f73ac844,12073136906654222322,0,46356,"data/citysim-bench run --city 128x128 --load-state data/M_rush_0730.state --duration 30m --backend static --threads 10"
scaling,M,5,static,10,64,-,0,128x128,32,1800,1661155,95151,1504989,61015,896.100,0.49783,2008.7,496.367,396.592,5.961,1.7238,1.3182,0.0000,0,0.000,0.053,6f3bc526f73ac844,12073136906654222322,0,46340,"data/citysim-bench run --city 128x128 --load-state data/M_rush_0730.state --duration 30m --backend static --threads 10"
scaling,M,1,static,12,64,-,0,128x128,32,1800,1661155,95151,1504989,61015,789.144,0.43841,2281.0,452.008,333.504,5.334,1.7091,1.3326,0.0000,0,0.000,0.057,6f3bc526f73ac844,12073136906654222322,0,46140,"data/citysim-bench run --city 128x128 --load-state data/M_rush_0730.state --duration 30m --backend static --threads 12"
scaling,M,2,static,12,64,-,0,128x128,32,1800,1661155,95151,1504989,61015,772.291,0.42905,2330.7,437.879,331.040,4.984,1.7325,1.3331,0.0000,0,0.000,0.054,6f3bc526f73ac844,12073136906654222322,0,46380,"data/citysim-bench run --city 128x128 --load-state data/M_rush_0730.state --duration 30m --backend static --threads 12"
scaling,M,3,static,12,64,-,0,128x128,32,1800,1661155,95151,1504989,61015,788.825,0.43824,2281.9,453.907,331.622,5.373,1.7683,1.3640,0.0000,0,0.000,0.059,6f3bc526f73ac844,12073136906654222322,0,46372,"data/citysim-bench run --city 128x128 --load-state data/M_rush_0730.state --duration 30m --backend static --threads 12"
scaling,M,4,static,12,64,-,0,128x128,32,1800,1661155,95151,1504989,61015,784.924,0.43607,2293.2,449.942,331.461,4.359,1.7592,1.3910,0.0000,0,0.000,0.057,6f3bc526f73ac844,12073136906654222322,0,46396,"data/citysim-bench run --city 128x128 --load-state data/M_rush_0730.state --duration 30m --backend static --threads 12"
scaling,M,5,static,12,64,-,0,128x128,32,1800,1661155,95151,1504989,61015,800.246,0.44458,2249.3,462.228,334.692,4.702,1.7621,1.4418,0.0000,0,0.000,0.060,6f3bc526f73ac844,12073136906654222322,0,45880,"data/citysim-bench run --city 128x128 --load-state data/M_rush_0730.state --duration 30m --backend static --threads 12"
scaling,M,1,static,14,64,-,0,128x128,32,1800,1661155,95151,1504989,61015,704.486,0.39138,2555.1,414.027,286.346,4.780,1.7270,1.4228,0.0000,0,0.000,0.057,6f3bc526f73ac844,12073136906654222322,0,46316,"data/citysim-bench run --city 128x128 --load-state data/M_rush_0730.state --duration 30m --backend static --threads 14"
scaling,M,2,static,14,64,-,0,128x128,32,1800,1661155,95151,1504989,61015,724.368,0.40243,2484.9,425.317,294.040,6.422,1.7051,1.4193,0.0000,0,0.000,0.062,6f3bc526f73ac844,12073136906654222322,0,46296,"data/citysim-bench run --city 128x128 --load-state data/M_rush_0730.state --duration 30m --backend static --threads 14"
scaling,M,3,static,14,64,-,0,128x128,32,1800,1661155,95151,1504989,61015,702.592,0.39033,2561.9,408.734,290.056,4.974,1.6957,1.3461,0.0000,0,0.000,0.062,6f3bc526f73ac844,12073136906654222322,0,46324,"data/citysim-bench run --city 128x128 --load-state data/M_rush_0730.state --duration 30m --backend static --threads 14"
scaling,M,4,static,14,64,-,0,128x128,32,1800,1661155,95151,1504989,61015,728.204,0.40456,2471.8,422.800,301.258,7.088,1.6613,1.3644,0.0000,0,0.000,0.057,6f3bc526f73ac844,12073136906654222322,0,46396,"data/citysim-bench run --city 128x128 --load-state data/M_rush_0730.state --duration 30m --backend static --threads 14"
scaling,M,5,static,14,64,-,0,128x128,32,1800,1661155,95151,1504989,61015,743.718,0.41318,2420.3,435.774,303.171,6.426,1.6636,1.3887,0.0000,0,0.000,0.061,6f3bc526f73ac844,12073136906654222322,0,46320,"data/citysim-bench run --city 128x128 --load-state data/M_rush_0730.state --duration 30m --backend static --threads 14"
scaling,M,1,static,16,64,-,0,128x128,32,1800,1661155,95151,1504989,61015,636.522,0.35362,2827.9,370.137,261.142,4.058,1.5987,1.3764,0.0000,0,0.000,0.064,6f3bc526f73ac844,12073136906654222322,0,46396,"data/citysim-bench run --city 128x128 --load-state data/M_rush_0730.state --duration 30m --backend static --threads 16"
scaling,M,2,static,16,64,-,0,128x128,32,1800,1661155,95151,1504989,61015,644.240,0.35791,2794.0,377.666,260.725,3.845,1.5759,1.3801,0.0000,0,0.000,0.056,6f3bc526f73ac844,12073136906654222322,0,46360,"data/citysim-bench run --city 128x128 --load-state data/M_rush_0730.state --duration 30m --backend static --threads 16"
scaling,M,3,static,16,64,-,0,128x128,32,1800,1661155,95151,1504989,61015,636.016,0.35334,2830.1,368.438,262.512,9.635,1.5616,1.3818,0.0000,0,0.000,0.056,6f3bc526f73ac844,12073136906654222322,0,46360,"data/citysim-bench run --city 128x128 --load-state data/M_rush_0730.state --duration 30m --backend static --threads 16"
scaling,M,4,static,16,64,-,0,128x128,32,1800,1661155,95151,1504989,61015,640.172,0.35565,2811.7,376.820,258.254,4.876,1.5886,1.3709,0.0000,0,0.000,0.054,6f3bc526f73ac844,12073136906654222322,0,46396,"data/citysim-bench run --city 128x128 --load-state data/M_rush_0730.state --duration 30m --backend static --threads 16"
scaling,M,5,static,16,64,-,0,128x128,32,1800,1661155,95151,1504989,61015,642.417,0.35690,2801.9,377.156,259.931,4.685,1.5896,1.3671,0.0000,0,0.000,0.103,6f3bc526f73ac844,12073136906654222322,0,46396,"data/citysim-bench run --city 128x128 --load-state data/M_rush_0730.state --duration 30m --backend static --threads 16"
scaling,M,1,static,20,64,-,0,128x128,32,1800,1661155,95151,1504989,61015,529.972,0.29443,3396.4,312.367,210.581,5.110,1.5664,1.3754,0.0000,0,0.000,0.064,6f3bc526f73ac844,12073136906654222322,0,46396,"data/citysim-bench run --city 128x128 --load-state data/M_rush_0730.state --duration 30m --backend static --threads 20"
scaling,M,2,static,20,64,-,0,128x128,32,1800,1661155,95151,1504989,61015,536.754,0.29820,3353.5,315.487,213.942,4.030,1.5516,1.4059,0.0000,0,0.000,0.069,6f3bc526f73ac844,12073136906654222322,0,46396,"data/citysim-bench run --city 128x128 --load-state data/M_rush_0730.state --duration 30m --backend static --threads 20"
scaling,M,3,static,20,64,-,0,128x128,32,1800,1661155,95151,1504989,61015,529.003,0.29389,3402.6,309.000,212.857,4.475,1.5536,1.3681,0.0000,0,0.000,0.096,6f3bc526f73ac844,12073136906654222322,0,46396,"data/citysim-bench run --city 128x128 --load-state data/M_rush_0730.state --duration 30m --backend static --threads 20"
scaling,M,4,static,20,64,-,0,128x128,32,1800,1661155,95151,1504989,61015,525.696,0.29205,3424.0,309.285,209.965,3.813,1.5679,1.4149,0.0000,0,0.000,0.057,6f3bc526f73ac844,12073136906654222322,0,46396,"data/citysim-bench run --city 128x128 --load-state data/M_rush_0730.state --duration 30m --backend static --threads 20"
scaling,M,5,static,20,64,-,0,128x128,32,1800,1661155,95151,1504989,61015,525.753,0.29208,3423.7,307.681,211.248,3.654,1.5587,1.3740,0.0000,0,0.000,0.068,6f3bc526f73ac844,12073136906654222322,0,46396,"data/citysim-bench run --city 128x128 --load-state data/M_rush_0730.state --duration 30m --backend static --threads 20"
scaling,M,1,static,24,64,-,0,128x128,32,1800,1661155,95151,1504989,61015,458.474,0.25471,3926.1,269.251,180.518,6.257,1.5879,1.4568,0.0000,0,0.000,0.064,6f3bc526f73ac844,12073136906654222322,0,46396,"data/citysim-bench run --city 128x128 --load-state data/M_rush_0730.state --duration 30m --backend static --threads 24"
scaling,M,2,static,24,64,-,0,128x128,32,1800,1661155,95151,1504989,61015,450.440,0.25024,3996.1,263.317,178.375,3.855,1.5675,1.4251,0.0000,0,0.000,0.079,6f3bc526f73ac844,12073136906654222322,0,46380,"data/citysim-bench run --city 128x128 --load-state data/M_rush_0730.state --duration 30m --backend static --threads 24"
scaling,M,3,static,24,64,-,0,128x128,32,1800,1661155,95151,1504989,61015,449.940,0.24997,4000.5,263.462,177.208,4.036,1.5696,1.3958,0.0000,0,0.000,0.061,6f3bc526f73ac844,12073136906654222322,0,46396,"data/citysim-bench run --city 128x128 --load-state data/M_rush_0730.state --duration 30m --backend static --threads 24"
scaling,M,4,static,24,64,-,0,128x128,32,1800,1661155,95151,1504989,61015,452.237,0.25124,3980.2,266.301,177.138,4.317,1.5775,1.4500,0.0000,0,0.000,0.062,6f3bc526f73ac844,12073136906654222322,0,46396,"data/citysim-bench run --city 128x128 --load-state data/M_rush_0730.state --duration 30m --backend static --threads 24"
scaling,M,5,static,24,64,-,0,128x128,32,1800,1661155,95151,1504989,61015,447.849,0.24881,4019.2,263.963,175.220,3.747,1.5731,1.4448,0.0000,0,0.000,0.061,6f3bc526f73ac844,12073136906654222322,0,46096,"data/citysim-bench run --city 128x128 --load-state data/M_rush_0730.state --duration 30m --backend static --threads 24"
scaling,M,1,static,28,64,-,0,128x128,32,1800,1661155,95151,1504989,61015,416.692,0.23150,4319.7,244.406,161.227,6.675,1.6202,1.5133,0.0000,0,0.000,0.057,6f3bc526f73ac844,12073136906654222322,0,46396,"data/citysim-bench run --city 128x128 --load-state data/M_rush_0730.state --duration 30m --backend static --threads 28"
scaling,M,2,static,28,64,-,0,128x128,32,1800,1661155,95151,1504989,61015,409.172,0.22732,4399.1,240.137,157.590,3.028,1.6048,1.5083,0.0000,0,0.000,0.056,6f3bc526f73ac844,12073136906654222322,0,46396,"data/citysim-bench run --city 128x128 --load-state data/M_rush_0730.state --duration 30m --backend static --threads 28"
scaling,M,3,static,28,64,-,0,128x128,32,1800,1661155,95151,1504989,61015,483.000,0.26833,3726.7,250.777,221.281,67.249,1.6422,1.4619,0.0000,0,0.000,0.061,6f3bc526f73ac844,12073136906654222322,0,46376,"data/citysim-bench run --city 128x128 --load-state data/M_rush_0730.state --duration 30m --backend static --threads 28"
scaling,M,4,static,28,64,-,0,128x128,32,1800,1661155,95151,1504989,61015,398.598,0.22144,4515.8,228.917,157.765,3.873,1.5617,1.4092,0.0000,0,0.000,0.058,6f3bc526f73ac844,12073136906654222322,0,46396,"data/citysim-bench run --city 128x128 --load-state data/M_rush_0730.state --duration 30m --backend static --threads 28"
scaling,M,5,static,28,64,-,0,128x128,32,1800,1661155,95151,1504989,61015,401.461,0.22303,4483.6,233.593,157.436,3.895,1.5756,1.4417,0.0000,0,0.000,0.059,6f3bc526f73ac844,12073136906654222322,0,46396,"data/citysim-bench run --city 128x128 --load-state data/M_rush_0730.state --duration 30m --backend static --threads 28"
scaling,M,1,static,32,64,-,0,128x128,32,1800,1661155,95151,1504989,61015,728.944,0.40497,2469.3,338.580,378.883,365.495,1.5865,1.3944,0.0000,0,0.000,0.061,6f3bc526f73ac844,12073136906654222322,0,46320,"data/citysim-bench run --city 128x128 --load-state data/M_rush_0730.state --duration 30m --backend static --threads 32"
scaling,M,2,static,32,64,-,0,128x128,32,1800,1661155,95151,1504989,61015,685.282,0.38071,2626.7,278.294,393.029,307.941,1.6392,1.3959,0.0000,0,0.000,0.064,6f3bc526f73ac844,12073136906654222322,0,46288,"data/citysim-bench run --city 128x128 --load-state data/M_rush_0730.state --duration 30m --backend static --threads 32"
scaling,M,3,static,32,64,-,0,128x128,32,1800,1661155,95151,1504989,61015,719.484,0.39971,2501.8,414.838,290.188,335.525,1.6602,1.3978,0.0000,0,0.000,0.050,6f3bc526f73ac844,12073136906654222322,0,46396,"data/citysim-bench run --city 128x128 --load-state data/M_rush_0730.state --duration 30m --backend static --threads 32"
scaling,M,4,static,32,64,-,0,128x128,32,1800,1661155,95151,1504989,61015,669.956,0.37220,2686.7,365.683,291.620,313.430,1.5609,1.3905,0.0000,0,0.000,0.060,6f3bc526f73ac844,12073136906654222322,0,46332,"data/citysim-bench run --city 128x128 --load-state data/M_rush_0730.state --duration 30m --backend static --threads 32"
scaling,M,5,static,32,64,-,0,128x128,32,1800,1661155,95151,1504989,61015,839.052,0.46614,2145.3,500.258,325.913,417.144,1.8150,1.4004,0.0000,0,0.000,0.056,6f3bc526f73ac844,12073136906654222322,0,46368,"data/citysim-bench run --city 128x128 --load-state data/M_rush_0730.state --duration 30m --backend static --threads 32"
scaling,M,1,balanced,1,64,cars,1,128x128,32,1800,1661155,95151,1504989,61015,5321.776,2.95654,338.2,2804.550,2516.978,17.631,1.0000,1.0000,0.0000,5,0.000,0.056,6f3bc526f73ac844,12073136906654222322,0,46396,"data/citysim-bench run --city 128x128 --load-state data/M_rush_0730.state --duration 30m --backend balanced --cost cars --threads 1"
scaling,M,2,balanced,1,64,cars,1,128x128,32,1800,1661155,95151,1504989,61015,5194.944,2.88608,346.5,2728.379,2466.306,17.372,1.0000,1.0000,0.0000,5,0.000,0.056,6f3bc526f73ac844,12073136906654222322,0,46396,"data/citysim-bench run --city 128x128 --load-state data/M_rush_0730.state --duration 30m --backend balanced --cost cars --threads 1"
scaling,M,3,balanced,1,64,cars,1,128x128,32,1800,1661155,95151,1504989,61015,5268.004,2.92667,341.7,2778.331,2489.449,17.245,1.0000,1.0000,0.0000,5,0.000,0.054,6f3bc526f73ac844,12073136906654222322,0,46396,"data/citysim-bench run --city 128x128 --load-state data/M_rush_0730.state --duration 30m --backend balanced --cost cars --threads 1"
scaling,M,4,balanced,1,64,cars,1,128x128,32,1800,1661155,95151,1504989,61015,5336.151,2.96453,337.3,2803.762,2532.143,17.573,1.0000,1.0000,0.0000,5,0.000,0.059,6f3bc526f73ac844,12073136906654222322,0,46396,"data/citysim-bench run --city 128x128 --load-state data/M_rush_0730.state --duration 30m --backend balanced --cost cars --threads 1"
scaling,M,5,balanced,1,64,cars,1,128x128,32,1800,1661155,95151,1504989,61015,5406.419,3.00357,332.9,2847.971,2558.245,18.058,1.0000,1.0000,0.0000,5,0.000,0.068,6f3bc526f73ac844,12073136906654222322,0,46396,"data/citysim-bench run --city 128x128 --load-state data/M_rush_0730.state --duration 30m --backend balanced --cost cars --threads 1"
scaling,M,1,balanced,2,64,cars,1,128x128,32,1800,1661155,95151,1504989,61015,2685.078,1.49171,670.4,1410.381,1273.876,10.038,1.0270,1.0064,0.0000,5,0.000,0.054,6f3bc526f73ac844,12073136906654222322,0,46352,"data/citysim-bench run --city 128x128 --load-state data/M_rush_0730.state --duration 30m --backend balanced --cost cars --threads 2"
scaling,M,2,balanced,2,64,cars,1,128x128,32,1800,1661155,95151,1504989,61015,2676.316,1.48684,672.6,1407.004,1268.514,9.703,1.0325,1.0177,0.0000,5,0.000,0.053,6f3bc526f73ac844,12073136906654222322,0,46396,"data/citysim-bench run --city 128x128 --load-state data/M_rush_0730.state --duration 30m --backend balanced --cost cars --threads 2"
scaling,M,3,balanced,2,64,cars,1,128x128,32,1800,1661155,95151,1504989,61015,2687.935,1.49330,669.7,1417.584,1269.579,10.135,1.0287,1.0032,0.0000,5,0.000,0.053,6f3bc526f73ac844,12073136906654222322,0,46064,"data/citysim-bench run --city 128x128 --load-state data/M_rush_0730.state --duration 30m --backend balanced --cost cars --threads 2"
scaling,M,4,balanced,2,64,cars,1,128x128,32,1800,1661155,95151,1504989,61015,2672.798,1.48489,673.5,1402.453,1269.562,10.576,1.0327,1.0170,0.0000,5,0.000,0.054,6f3bc526f73ac844,12073136906654222322,0,46396,"data/citysim-bench run --city 128x128 --load-state data/M_rush_0730.state --duration 30m --backend balanced --cost cars --threads 2"
scaling,M,5,balanced,2,64,cars,1,128x128,32,1800,1661155,95151,1504989,61015,2697.626,1.49868,667.3,1422.037,1274.725,10.289,1.0325,1.0138,0.0000,5,0.000,0.052,6f3bc526f73ac844,12073136906654222322,0,46396,"data/citysim-bench run --city 128x128 --load-state data/M_rush_0730.state --duration 30m --backend balanced --cost cars --threads 2"
scaling,M,1,balanced,4,64,cars,1,128x128,32,1800,1661155,95151,1504989,61015,1357.548,0.75419,1325.9,695.083,661.143,8.001,1.1656,1.0360,0.0000,5,0.000,0.057,6f3bc526f73ac844,12073136906654222322,0,46396,"data/citysim-bench run --city 128x128 --load-state data/M_rush_0730.state --duration 30m --backend balanced --cost cars --threads 4"
scaling,M,2,balanced,4,64,cars,1,128x128,32,1800,1661155,95151,1504989,61015,1331.022,0.73946,1352.3,678.524,651.136,6.993,1.1629,1.0390,0.0000,5,0.000,0.056,6f3bc526f73ac844,12073136906654222322,0,46396,"data/citysim-bench run --city 128x128 --load-state data/M_rush_0730.state --duration 30m --backend balanced --cost cars --threads 4"
scaling,M,3,balanced,4,64,cars,1,128x128,32,1800,1661155,95151,1504989,61015,1375.285,0.76405,1308.8,699.966,674.226,6.953,1.1724,1.0414,0.0000,5,0.000,0.058,6f3bc526f73ac844,12073136906654222322,0,46376,"data/citysim-bench run --city 128x128 --load-state data/M_rush_0730.state --duration 30m --backend balanced --cost cars --threads 4"
scaling,M,4,balanced,4,64,cars,1,128x128,32,1800,1661155,95151,1504989,61015,1339.606,0.74423,1343.7,686.119,652.339,7.548,1.1614,1.0337,0.0000,5,0.000,0.058,6f3bc526f73ac844,12073136906654222322,0,46096,"data/citysim-bench run --city 128x128 --load-state data/M_rush_0730.state --duration 30m --backend balanced --cost cars --threads 4"
scaling,M,5,balanced,4,64,cars,1,128x128,32,1800,1661155,95151,1504989,61015,1336.802,0.74267,1346.5,686.879,648.831,7.923,1.1668,1.0367,0.0000,5,0.000,0.055,6f3bc526f73ac844,12073136906654222322,0,46396,"data/citysim-bench run --city 128x128 --load-state data/M_rush_0730.state --duration 30m --backend balanced --cost cars --threads 4"
scaling,M,1,balanced,6,64,cars,1,128x128,32,1800,1661155,95151,1504989,61015,923.711,0.51317,1948.7,485.535,436.494,5.925,1.2881,1.2053,0.0000,5,0.000,0.061,6f3bc526f73ac844,12073136906654222322,0,46396,"data/citysim-bench run --city 128x128 --load-state data/M_rush_0730.state --duration 30m --backend balanced --cost cars --threads 6"
scaling,M,2,balanced,6,64,cars,1,128x128,32,1800,1661155,95151,1504989,61015,952.463,0.52915,1889.8,497.319,453.352,6.330,1.3134,1.2133,0.0000,5,0.000,0.059,6f3bc526f73ac844,12073136906654222322,0,46396,"data/citysim-bench run --city 128x128 --load-state data/M_rush_0730.state --duration 30m --backend balanced --cost cars --threads 6"
scaling,M,3,balanced,6,64,cars,1,128x128,32,1800,1661155,95151,1504989,61015,927.998,0.51555,1939.7,486.882,439.328,6.012,1.2980,1.2250,0.0000,5,0.000,0.058,6f3bc526f73ac844,12073136906654222322,0,46372,"data/citysim-bench run --city 128x128 --load-state data/M_rush_0730.state --duration 30m --backend balanced --cost cars --threads 6"
scaling,M,4,balanced,6,64,cars,1,128x128,32,1800,1661155,95151,1504989,61015,915.717,0.50873,1965.7,480.470,433.314,5.385,1.2858,1.2179,0.0000,5,0.000,0.049,6f3bc526f73ac844,12073136906654222322,0,46296,"data/citysim-bench run --city 128x128 --load-state data/M_rush_0730.state --duration 30m --backend balanced --cost cars --threads 6"
scaling,M,5,balanced,6,64,cars,1,128x128,32,1800,1661155,95151,1504989,61015,964.911,0.53606,1865.5,502.683,460.301,5.343,1.3247,1.2218,0.0000,5,0.000,0.058,6f3bc526f73ac844,12073136906654222322,0,46396,"data/citysim-bench run --city 128x128 --load-state data/M_rush_0730.state --duration 30m --backend balanced --cost cars --threads 6"
scaling,M,1,balanced,8,64,cars,1,128x128,32,1800,1661155,95151,1504989,61015,893.153,0.49620,2015.3,461.372,429.388,5.399,1.5308,1.1724,0.0000,5,0.000,0.053,6f3bc526f73ac844,12073136906654222322,0,46352,"data/citysim-bench run --city 128x128 --load-state data/M_rush_0730.state --duration 30m --backend balanced --cost cars --threads 8"
scaling,M,2,balanced,8,64,cars,1,128x128,32,1800,1661155,95151,1504989,61015,1078.996,0.59944,1668.2,550.761,525.716,6.196,1.5933,1.1791,0.0000,5,0.000,0.060,6f3bc526f73ac844,12073136906654222322,0,46376,"data/citysim-bench run --city 128x128 --load-state data/M_rush_0730.state --duration 30m --backend balanced --cost cars --threads 8"
scaling,M,3,balanced,8,64,cars,1,128x128,32,1800,1661155,95151,1504989,61015,1093.832,0.60768,1645.6,558.324,532.337,7.882,1.6042,1.1962,0.0000,5,0.000,0.072,6f3bc526f73ac844,12073136906654222322,0,46372,"data/citysim-bench run --city 128x128 --load-state data/M_rush_0730.state --duration 30m --backend balanced --cost cars --threads 8"
scaling,M,4,balanced,8,64,cars,1,128x128,32,1800,1661155,95151,1504989,61015,1062.809,0.59045,1693.6,544.434,515.543,7.393,1.5964,1.2057,0.0000,5,0.000,0.056,6f3bc526f73ac844,12073136906654222322,0,46396,"data/citysim-bench run --city 128x128 --load-state data/M_rush_0730.state --duration 30m --backend balanced --cost cars --threads 8"
scaling,M,5,balanced,8,64,cars,1,128x128,32,1800,1661155,95151,1504989,61015,1057.350,0.58742,1702.4,532.309,522.453,6.752,1.5647,1.1913,0.0000,5,0.000,0.052,6f3bc526f73ac844,12073136906654222322,0,46396,"data/citysim-bench run --city 128x128 --load-state data/M_rush_0730.state --duration 30m --backend balanced --cost cars --threads 8"
scaling,M,1,balanced,10,64,cars,1,128x128,32,1800,1661155,95151,1504989,61015,930.619,0.51701,1934.2,477.985,448.913,6.659,1.5775,1.1809,0.0000,5,0.000,0.079,6f3bc526f73ac844,12073136906654222322,0,46396,"data/citysim-bench run --city 128x128 --load-state data/M_rush_0730.state --duration 30m --backend balanced --cost cars --threads 10"
scaling,M,2,balanced,10,64,cars,1,128x128,32,1800,1661155,95151,1504989,61015,911.993,0.50666,1973.7,469.655,439.309,6.828,1.5877,1.1818,0.0000,5,0.000,0.057,6f3bc526f73ac844,12073136906654222322,0,46388,"data/citysim-bench run --city 128x128 --load-state data/M_rush_0730.state --duration 30m --backend balanced --cost cars --threads 10"
scaling,M,3,balanced,10,64,cars,1,128x128,32,1800,1661155,95151,1504989,61015,907.008,0.50389,1984.5,462.389,441.218,5.552,1.6302,1.1729,0.0000,5,0.000,0.057,6f3bc526f73ac844,12073136906654222322,0,46312,"data/citysim-bench run --city 128x128 --load-state data/M_rush_0730.state --duration 30m --backend balanced --cost cars --threads 10"
scaling,M,4,balanced,10,64,cars,1,128x128,32,1800,1661155,95151,1504989,61015,885.655,0.49203,2032.4,453.536,428.883,5.996,1.6854,1.2074,0.0000,5,0.000,0.058,6f3bc526f73ac844,12073136906654222322,0,46396,"data/citysim-bench run --city 128x128 --load-state data/M_rush_0730.state --duration 30m --backend balanced --cost cars --threads 10"
scaling,M,5,balanced,10,64,cars,1,128x128,32,1800,1661155,95151,1504989,61015,859.405,0.47745,2094.5,438.699,417.701,6.200,1.6947,1.2164,0.0000,5,0.000,0.052,6f3bc526f73ac844,12073136906654222322,0,46396,"data/citysim-bench run --city 128x128 --load-state data/M_rush_0730.state --duration 30m --backend balanced --cost cars --threads 10"
scaling,M,1,balanced,12,64,cars,1,128x128,32,1800,1661155,95151,1504989,61015,749.438,0.41635,2401.8,389.163,356.680,5.274,1.6512,1.2099,0.0001,5,0.000,0.056,6f3bc526f73ac844,12073136906654222322,0,46396,"data/citysim-bench run --city 128x128 --load-state data/M_rush_0730.state --duration 30m --backend balanced --cost cars --threads 12"
scaling,M,2,balanced,12,64,cars,1,128x128,32,1800,1661155,95151,1504989,61015,765.224,0.42512,2352.3,396.645,365.114,5.331,1.6502,1.2064,0.0001,5,0.000,0.058,6f3bc526f73ac844,12073136906654222322,0,46396,"data/citysim-bench run --city 128x128 --load-state data/M_rush_0730.state --duration 30m --backend balanced --cost cars --threads 12"
scaling,M,3,balanced,12,64,cars,1,128x128,32,1800,1661155,95151,1504989,61015,755.641,0.41980,2382.1,390.653,361.205,6.069,1.6652,1.2672,0.0001,5,0.000,0.059,6f3bc526f73ac844,12073136906654222322,0,46352,"data/citysim-bench run --city 128x128 --load-state data/M_rush_0730.state --duration 30m --backend balanced --cost cars --threads 12"
scaling,M,4,balanced,12,64,cars,1,128x128,32,1800,1661155,95151,1504989,61015,757.063,0.42059,2377.6,389.424,364.095,5.545,1.6814,1.2630,0.0001,5,0.000,0.059,6f3bc526f73ac844,12073136906654222322,0,46396,"data/citysim-bench run --city 128x128 --load-state data/M_rush_0730.state --duration 30m --backend balanced --cost cars --threads 12"
scaling,M,5,balanced,12,64,cars,1,128x128,32,1800,1661155,95151,1504989,61015,752.889,0.41827,2390.8,390.023,359.306,5.709,1.6563,1.2566,0.0001,5,0.000,0.065,6f3bc526f73ac844,12073136906654222322,0,46364,"data/citysim-bench run --city 128x128 --load-state data/M_rush_0730.state --duration 30m --backend balanced --cost cars --threads 12"
scaling,M,1,balanced,14,64,cars,1,128x128,32,1800,1661155,95151,1504989,61015,648.987,0.36055,2773.6,330.885,313.704,4.764,1.5689,1.2439,0.0000,5,0.000,0.063,6f3bc526f73ac844,12073136906654222322,0,46384,"data/citysim-bench run --city 128x128 --load-state data/M_rush_0730.state --duration 30m --backend balanced --cost cars --threads 14"
scaling,M,2,balanced,14,64,cars,1,128x128,32,1800,1661155,95151,1504989,61015,650.080,0.36116,2768.9,334.552,311.242,4.911,1.5754,1.2067,0.0000,5,0.000,0.060,6f3bc526f73ac844,12073136906654222322,0,46396,"data/citysim-bench run --city 128x128 --load-state data/M_rush_0730.state --duration 30m --backend balanced --cost cars --threads 14"
scaling,M,3,balanced,14,64,cars,1,128x128,32,1800,1661155,95151,1504989,61015,653.246,0.36291,2755.5,336.079,313.014,5.532,1.5547,1.2432,0.0000,5,0.000,0.062,6f3bc526f73ac844,12073136906654222322,0,46396,"data/citysim-bench run --city 128x128 --load-state data/M_rush_0730.state --duration 30m --backend balanced --cost cars --threads 14"
scaling,M,4,balanced,14,64,cars,1,128x128,32,1800,1661155,95151,1504989,61015,660.772,0.36710,2724.1,340.688,315.697,5.277,1.5653,1.2267,0.0000,5,0.000,0.057,6f3bc526f73ac844,12073136906654222322,0,46372,"data/citysim-bench run --city 128x128 --load-state data/M_rush_0730.state --duration 30m --backend balanced --cost cars --threads 14"
scaling,M,5,balanced,14,64,cars,1,128x128,32,1800,1661155,95151,1504989,61015,656.897,0.36494,2740.2,337.657,315.375,5.763,1.6066,1.2540,0.0000,5,0.000,0.061,6f3bc526f73ac844,12073136906654222322,0,46396,"data/citysim-bench run --city 128x128 --load-state data/M_rush_0730.state --duration 30m --backend balanced --cost cars --threads 14"
scaling,M,1,balanced,16,64,cars,1,128x128,32,1800,1661155,95151,1504989,61015,574.928,0.31940,3130.8,294.054,276.103,4.776,1.5356,1.2634,0.0001,5,0.000,0.059,6f3bc526f73ac844,12073136906654222322,0,46396,"data/citysim-bench run --city 128x128 --load-state data/M_rush_0730.state --duration 30m --backend balanced --cost cars --threads 16"
scaling,M,2,balanced,16,64,cars,1,128x128,32,1800,1661155,95151,1504989,61015,580.434,0.32246,3101.1,295.520,279.931,5.870,1.5277,1.2386,0.0001,5,0.000,0.053,6f3bc526f73ac844,12073136906654222322,0,46396,"data/citysim-bench run --city 128x128 --load-state data/M_rush_0730.state --duration 30m --backend balanced --cost cars --threads 16"
scaling,M,3,balanced,16,64,cars,1,128x128,32,1800,1661155,95151,1504989,61015,572.993,0.31833,3141.4,293.132,274.674,4.723,1.5196,1.2207,0.0001,5,0.000,0.057,6f3bc526f73ac844,12073136906654222322,0,46396,"data/citysim-bench run --city 128x128 --load-state data/M_rush_0730.state --duration 30m --backend balanced --cost cars --threads 16"
scaling,M,4,balanced,16,64,cars,1,128x128,32,1800,1661155,95151,1504989,61015,581.844,0.32325,3093.6,297.179,279.009,5.061,1.5364,1.2746,0.0001,5,0.000,0.059,6f3bc526f73ac844,12073136906654222322,0,46396,"data/citysim-bench run --city 128x128 --load-state data/M_rush_0730.state --duration 30m --backend balanced --cost cars --threads 16"
scaling,M,5,balanced,16,64,cars,1,128x128,32,1800,1661155,95151,1504989,61015,577.824,0.32101,3115.1,294.540,277.902,4.751,1.5317,1.1945,0.0001,5,0.000,0.062,6f3bc526f73ac844,12073136906654222322,0,46320,"data/citysim-bench run --city 128x128 --load-state data/M_rush_0730.state --duration 30m --backend balanced --cost cars --threads 16"
scaling,M,1,balanced,20,64,cars,1,128x128,32,1800,1661155,95151,1504989,61015,471.355,0.26186,3818.8,239.649,224.894,4.617,1.4540,1.2348,0.0000,5,0.000,0.057,6f3bc526f73ac844,12073136906654222322,0,46324,"data/citysim-bench run --city 128x128 --load-state data/M_rush_0730.state --duration 30m --backend balanced --cost cars --threads 20"
scaling,M,2,balanced,20,64,cars,1,128x128,32,1800,1661155,95151,1504989,61015,479.714,0.26651,3752.2,245.913,227.826,5.201,1.4562,1.2131,0.0000,5,0.000,0.059,6f3bc526f73ac844,12073136906654222322,0,46360,"data/citysim-bench run --city 128x128 --load-state data/M_rush_0730.state --duration 30m --backend balanced --cost cars --threads 20"
scaling,M,3,balanced,20,64,cars,1,128x128,32,1800,1661155,95151,1504989,61015,476.248,0.26458,3779.5,240.862,228.846,4.836,1.4616,1.2126,0.0000,5,0.000,0.054,6f3bc526f73ac844,12073136906654222322,0,46396,"data/citysim-bench run --city 128x128 --load-state data/M_rush_0730.state --duration 30m --backend balanced --cost cars --threads 20"
scaling,M,4,balanced,20,64,cars,1,128x128,32,1800,1661155,95151,1504989,61015,473.024,0.26279,3805.3,241.361,225.584,4.277,1.4471,1.1734,0.0000,5,0.000,0.060,6f3bc526f73ac844,12073136906654222322,0,46396,"data/citysim-bench run --city 128x128 --load-state data/M_rush_0730.state --duration 30m --backend balanced --cost cars --threads 20"
scaling,M,5,balanced,20,64,cars,1,128x128,32,1800,1661155,95151,1504989,61015,472.045,0.26225,3813.2,240.751,224.733,4.475,1.4622,1.2106,0.0000,5,0.000,0.056,6f3bc526f73ac844,12073136906654222322,0,46396,"data/citysim-bench run --city 128x128 --load-state data/M_rush_0730.state --duration 30m --backend balanced --cost cars --threads 20"
scaling,M,1,balanced,24,64,cars,1,128x128,32,1800,1661155,95151,1504989,61015,406.277,0.22571,4430.5,207.705,190.074,4.325,1.4317,1.2176,0.0001,5,0.000,0.058,6f3bc526f73ac844,12073136906654222322,0,46396,"data/citysim-bench run --city 128x128 --load-state data/M_rush_0730.state --duration 30m --backend balanced --cost cars --threads 24"
scaling,M,2,balanced,24,64,cars,1,128x128,32,1800,1661155,95151,1504989,61015,408.831,0.22713,4402.8,207.667,191.692,4.305,1.4157,1.1885,0.0001,5,0.000,0.057,6f3bc526f73ac844,12073136906654222322,0,46396,"data/citysim-bench run --city 128x128 --load-state data/M_rush_0730.state --duration 30m --backend balanced --cost cars --threads 24"
scaling,M,3,balanced,24,64,cars,1,128x128,32,1800,1661155,95151,1504989,61015,409.434,0.22746,4396.3,208.456,192.383,4.119,1.4319,1.2507,0.0001,5,0.000,0.057,6f3bc526f73ac844,12073136906654222322,0,46396,"data/citysim-bench run --city 128x128 --load-state data/M_rush_0730.state --duration 30m --backend balanced --cost cars --threads 24"
scaling,M,4,balanced,24,64,cars,1,128x128,32,1800,1661155,95151,1504989,61015,407.552,0.22642,4416.6,206.407,192.245,4.417,1.4254,1.1872,0.0001,5,0.000,0.060,6f3bc526f73ac844,12073136906654222322,0,46380,"data/citysim-bench run --city 128x128 --load-state data/M_rush_0730.state --duration 30m --backend balanced --cost cars --threads 24"
scaling,M,5,balanced,24,64,cars,1,128x128,32,1800,1661155,95151,1504989,61015,404.362,0.22465,4451.5,209.141,186.963,4.147,1.4164,1.2254,0.0001,5,0.000,0.057,6f3bc526f73ac844,12073136906654222322,0,46380,"data/citysim-bench run --city 128x128 --load-state data/M_rush_0730.state --duration 30m --backend balanced --cost cars --threads 24"
scaling,M,1,balanced,28,64,cars,1,128x128,32,1800,1661155,95151,1504989,61015,358.995,0.19944,5014.0,182.999,166.003,5.498,1.3978,1.1939,0.0000,5,0.000,0.058,6f3bc526f73ac844,12073136906654222322,0,46396,"data/citysim-bench run --city 128x128 --load-state data/M_rush_0730.state --duration 30m --backend balanced --cost cars --threads 28"
scaling,M,2,balanced,28,64,cars,1,128x128,32,1800,1661155,95151,1504989,61015,360.223,0.20012,4996.9,182.168,167.245,4.170,1.4116,1.2024,0.0000,5,0.000,0.057,6f3bc526f73ac844,12073136906654222322,0,46332,"data/citysim-bench run --city 128x128 --load-state data/M_rush_0730.state --duration 30m --backend balanced --cost cars --threads 28"
scaling,M,3,balanced,28,64,cars,1,128x128,32,1800,1661155,95151,1504989,61015,361.402,0.20078,4980.6,187.256,163.591,4.407,1.4108,1.1783,0.0000,5,0.000,0.059,6f3bc526f73ac844,12073136906654222322,0,46096,"data/citysim-bench run --city 128x128 --load-state data/M_rush_0730.state --duration 30m --backend balanced --cost cars --threads 28"
scaling,M,4,balanced,28,64,cars,1,128x128,32,1800,1661155,95151,1504989,61015,417.746,0.23208,4308.8,187.114,220.145,62.653,1.4048,1.2074,0.0000,5,0.000,0.078,6f3bc526f73ac844,12073136906654222322,0,46396,"data/citysim-bench run --city 128x128 --load-state data/M_rush_0730.state --duration 30m --backend balanced --cost cars --threads 28"
scaling,M,5,balanced,28,64,cars,1,128x128,32,1800,1661155,95151,1504989,61015,377.716,0.20984,4765.5,190.376,176.529,4.842,1.4592,1.1829,0.0000,5,0.000,0.060,6f3bc526f73ac844,12073136906654222322,0,46396,"data/citysim-bench run --city 128x128 --load-state data/M_rush_0730.state --duration 30m --backend balanced --cost cars --threads 28"
scaling,M,1,balanced,32,64,cars,1,128x128,32,1800,1661155,95151,1504989,61015,940.023,0.52223,1914.8,571.665,355.033,561.791,1.6113,1.1867,0.0001,5,0.000,0.057,6f3bc526f73ac844,12073136906654222322,0,46396,"data/citysim-bench run --city 128x128 --load-state data/M_rush_0730.state --duration 30m --backend balanced --cost cars --threads 32"
scaling,M,2,balanced,32,64,cars,1,128x128,32,1800,1661155,95151,1504989,61015,837.271,0.46515,2149.8,454.267,368.029,413.677,1.7901,1.2119,0.0001,5,0.000,0.059,6f3bc526f73ac844,12073136906654222322,0,46344,"data/citysim-bench run --city 128x128 --load-state data/M_rush_0730.state --duration 30m --backend balanced --cost cars --threads 32"
scaling,M,3,balanced,32,64,cars,1,128x128,32,1800,1661155,95151,1504989,61015,791.558,0.43975,2274.0,510.285,267.406,418.376,1.6032,1.1733,0.0001,5,0.000,0.061,6f3bc526f73ac844,12073136906654222322,0,46328,"data/citysim-bench run --city 128x128 --load-state data/M_rush_0730.state --duration 30m --backend balanced --cost cars --threads 32"
scaling,M,4,balanced,32,64,cars,1,128x128,32,1800,1661155,95151,1504989,61015,870.044,0.48336,2068.9,444.941,410.779,493.041,1.6314,1.1604,0.0001,5,0.000,0.068,6f3bc526f73ac844,12073136906654222322,0,46396,"data/citysim-bench run --city 128x128 --load-state data/M_rush_0730.state --duration 30m --backend balanced --cost cars --threads 32"
scaling,M,5,balanced,32,64,cars,1,128x128,32,1800,1661155,95151,1504989,61015,841.301,0.46739,2139.5,549.288,278.337,437.255,1.7224,1.1948,0.0001,5,0.000,0.061,6f3bc526f73ac844,12073136906654222322,0,46332,"data/citysim-bench run --city 128x128 --load-state data/M_rush_0730.state --duration 30m --backend balanced --cost cars --threads 32"
scaling,M,1,rayon,1,64,-,0,128x128,32,1800,1661155,95151,1504989,61015,5249.164,2.91620,342.9,2750.670,2497.269,24.263,1.0000,1.0000,0.0000,0,0.000,0.057,6f3bc526f73ac844,12073136906654222322,0,46368,"data/citysim-bench run --city 128x128 --load-state data/M_rush_0730.state --duration 30m --backend rayon --threads 1"
scaling,M,2,rayon,1,64,-,0,128x128,32,1800,1661155,95151,1504989,61015,5263.845,2.92436,342.0,2763.511,2499.060,23.438,1.0000,1.0000,0.0000,0,0.000,0.054,6f3bc526f73ac844,12073136906654222322,0,46396,"data/citysim-bench run --city 128x128 --load-state data/M_rush_0730.state --duration 30m --backend rayon --threads 1"
scaling,M,3,rayon,1,64,-,0,128x128,32,1800,1661155,95151,1504989,61015,5282.801,2.93489,340.7,2776.586,2504.820,23.993,1.0000,1.0000,0.0000,0,0.000,0.060,6f3bc526f73ac844,12073136906654222322,0,46396,"data/citysim-bench run --city 128x128 --load-state data/M_rush_0730.state --duration 30m --backend rayon --threads 1"
scaling,M,4,rayon,1,64,-,0,128x128,32,1800,1661155,95151,1504989,61015,5285.333,2.93630,340.6,2774.812,2509.241,23.278,1.0000,1.0000,0.0000,0,0.000,0.059,6f3bc526f73ac844,12073136906654222322,0,46396,"data/citysim-bench run --city 128x128 --load-state data/M_rush_0730.state --duration 30m --backend rayon --threads 1"
scaling,M,5,rayon,1,64,-,0,128x128,32,1800,1661155,95151,1504989,61015,5242.792,2.91266,343.3,2757.825,2483.653,23.396,1.0000,1.0000,0.0000,0,0.000,0.053,6f3bc526f73ac844,12073136906654222322,0,46396,"data/citysim-bench run --city 128x128 --load-state data/M_rush_0730.state --duration 30m --backend rayon --threads 1"
scaling,M,1,rayon,2,64,-,0,128x128,32,1800,1661155,95151,1504989,61015,2694.051,1.49669,668.1,1415.023,1277.759,61.551,1.0195,1.0091,0.0102,0,0.000,0.054,6f3bc526f73ac844,12073136906654222322,0,46280,"data/citysim-bench run --city 128x128 --load-state data/M_rush_0730.state --duration 30m --backend rayon --threads 2"
scaling,M,2,rayon,2,64,-,0,128x128,32,1800,1661155,95151,1504989,61015,2740.320,1.52240,656.9,1439.492,1298.947,65.731,1.0203,1.0084,0.0081,0,0.000,0.053,6f3bc526f73ac844,12073136906654222322,0,46324,"data/citysim-bench run --city 128x128 --load-state data/M_rush_0730.state --duration 30m --backend rayon --threads 2"
scaling,M,3,rayon,2,64,-,0,128x128,32,1800,1661155,95151,1504989,61015,2722.891,1.51272,661.1,1425.420,1296.154,67.215,1.0187,1.0021,0.0117,0,0.000,0.049,6f3bc526f73ac844,12073136906654222322,0,46344,"data/citysim-bench run --city 128x128 --load-state data/M_rush_0730.state --duration 30m --backend rayon --threads 2"
scaling,M,4,rayon,2,64,-,0,128x128,32,1800,1661155,95151,1504989,61015,2740.312,1.52240,656.9,1439.746,1299.121,61.863,1.0233,1.0145,0.0082,0,0.000,0.057,6f3bc526f73ac844,12073136906654222322,0,46396,"data/citysim-bench run --city 128x128 --load-state data/M_rush_0730.state --duration 30m --backend rayon --threads 2"
scaling,M,5,rayon,2,64,-,0,128x128,32,1800,1661155,95151,1504989,61015,2902.524,1.61251,620.1,1528.470,1372.469,77.328,1.0221,1.0077,0.0140,0,0.000,0.072,6f3bc526f73ac844,12073136906654222322,0,46396,"data/citysim-bench run --city 128x128 --load-state data/M_rush_0730.state --duration 30m --backend rayon --threads 2"
scaling,M,1,rayon,4,64,-,0,128x128,32,1800,1661155,95151,1504989,61015,1562.933,0.86830,1151.7,826.368,735.001,151.737,1.0234,1.0053,0.6192,0,0.000,0.072,6f3bc526f73ac844,12073136906654222322,0,46336,"data/citysim-bench run --city 128x128 --load-state data/M_rush_0730.state --duration 30m --backend rayon --threads 4"
scaling,M,2,rayon,4,64,-,0,128x128,32,1800,1661155,95151,1504989,61015,1586.087,0.88116,1134.9,839.812,744.807,151.662,1.0220,1.0054,0.6144,0,0.000,0.054,6f3bc526f73ac844,12073136906654222322,0,46396,"data/citysim-bench run --city 128x128 --load-state data/M_rush_0730.state --duration 30m --backend rayon --threads 4"
scaling,M,3,rayon,4,64,-,0,128x128,32,1800,1661155,95151,1504989,61015,1501.644,0.83425,1198.7,797.521,702.921,132.885,1.0198,1.0035,0.6150,0,0.000,0.046,6f3bc526f73ac844,12073136906654222322,0,46380,"data/citysim-bench run --city 128x128 --load-state data/M_rush_0730.state --duration 30m --backend rayon --threads 4"
scaling,M,4,rayon,4,64,-,0,128x128,32,1800,1661155,95151,1504989,61015,1510.178,0.83899,1191.9,795.208,713.706,142.065,1.0208,1.0039,0.6161,0,0.000,0.052,6f3bc526f73ac844,12073136906654222322,0,46356,"data/citysim-bench run --city 128x128 --load-state data/M_rush_0730.state --duration 30m --backend rayon --threads 4"
scaling,M,5,rayon,4,64,-,0,128x128,32,1800,1661155,95151,1504989,61015,1459.392,0.81077,1233.4,771.221,686.873,130.122,1.0205,1.0040,0.6226,0,0.000,0.050,6f3bc526f73ac844,12073136906654222322,0,46388,"data/citysim-bench run --city 128x128 --load-state data/M_rush_0730.state --duration 30m --backend rayon --threads 4"
scaling,M,1,rayon,6,64,-,0,128x128,32,1800,1661155,95151,1504989,61015,1236.943,0.68719,1455.2,678.752,556.861,251.664,1.0507,1.0337,0.7086,0,0.000,0.056,6f3bc526f73ac844,12073136906654222322,0,46372,"data/citysim-bench run --city 128x128 --load-state data/M_rush_0730.state --duration 30m --backend rayon --threads 6"
scaling,M,2,rayon,6,64,-,0,128x128,32,1800,1661155,95151,1504989,61015,1228.585,0.68255,1465.1,673.897,553.428,245.907,1.0498,1.0341,0.7099,0,0.000,0.053,6f3bc526f73ac844,12073136906654222322,0,46344,"data/citysim-bench run --city 128x128 --load-state data/M_rush_0730.state --duration 30m --backend rayon --threads 6"
scaling,M,3,rayon,6,64,-,0,128x128,32,1800,1661155,95151,1504989,61015,1226.357,0.68131,1467.8,670.209,554.879,244.298,1.0481,1.0312,0.7089,0,0.000,0.055,6f3bc526f73ac844,12073136906654222322,0,46396,"data/citysim-bench run --city 128x128 --load-state data/M_rush_0730.state --duration 30m --backend rayon --threads 6"
scaling,M,4,rayon,6,64,-,0,128x128,32,1800,1661155,95151,1504989,61015,1225.419,0.68079,1468.9,676.923,547.241,238.180,1.0493,1.0319,0.7068,0,0.000,0.051,6f3bc526f73ac844,12073136906654222322,0,46324,"data/citysim-bench run --city 128x128 --load-state data/M_rush_0730.state --duration 30m --backend rayon --threads 6"
scaling,M,5,rayon,6,64,-,0,128x128,32,1800,1661155,95151,1504989,61015,1213.715,0.67429,1483.0,668.468,544.034,237.590,1.0455,1.0301,0.7109,0,0.000,0.057,6f3bc526f73ac844,12073136906654222322,0,46396,"data/citysim-bench run --city 128x128 --load-state data/M_rush_0730.state --duration 30m --backend rayon --threads 6"
scaling,M,1,rayon,8,64,-,0,128x128,32,1800,1661155,95151,1504989,61015,1170.819,0.65045,1537.4,650.861,518.627,330.845,1.1004,1.0818,0.8016,0,0.000,0.054,6f3bc526f73ac844,12073136906654222322,0,46396,"data/citysim-bench run --city 128x128 --load-state data/M_rush_0730.state --duration 30m --backend rayon --threads 8"
scaling,M,2,rayon,8,64,-,0,128x128,32,1800,1661155,95151,1504989,61015,1146.491,0.63694,1570.0,643.678,501.528,316.865,1.1014,1.0826,0.8029,0,0.000,0.059,6f3bc526f73ac844,12073136906654222322,0,46360,"data/citysim-bench run --city 128x128 --load-state data/M_rush_0730.state --duration 30m --backend rayon --threads 8"
scaling,M,3,rayon,8,64,-,0,128x128,32,1800,1661155,95151,1504989,61015,1153.644,0.64091,1560.3,647.274,505.143,326.817,1.0992,1.0806,0.8014,0,0.000,0.055,6f3bc526f73ac844,12073136906654222322,0,46336,"data/citysim-bench run --city 128x128 --load-state data/M_rush_0730.state --duration 30m --backend rayon --threads 8"
scaling,M,4,rayon,8,64,-,0,128x128,32,1800,1661155,95151,1504989,61015,1158.542,0.64363,1553.7,649.645,507.624,325.950,1.1022,1.0841,0.8008,0,0.000,0.051,6f3bc526f73ac844,12073136906654222322,0,46396,"data/citysim-bench run --city 128x128 --load-state data/M_rush_0730.state --duration 30m --backend rayon --threads 8"
scaling,M,5,rayon,8,64,-,0,128x128,32,1800,1661155,95151,1504989,61015,1133.882,0.62993,1587.5,631.371,501.259,306.209,1.0986,1.0808,0.8024,0,0.000,0.051,6f3bc526f73ac844,12073136906654222322,0,46396,"data/citysim-bench run --city 128x128 --load-state data/M_rush_0730.state --duration 30m --backend rayon --threads 8"
scaling,M,1,rayon,10,64,-,0,128x128,32,1800,1661155,95151,1504989,61015,1369.656,0.76092,1314.2,745.846,622.188,554.728,1.1980,1.1751,0.8286,0,0.000,0.054,6f3bc526f73ac844,12073136906654222322,0,46396,"data/citysim-bench run --city 128x128 --load-state data/M_rush_0730.state --duration 30m --backend rayon --threads 10"
scaling,M,2,rayon,10,64,-,0,128x128,32,1800,1661155,95151,1504989,61015,1317.686,0.73205,1366.0,719.970,596.184,516.890,1.1930,1.1701,0.8286,0,0.000,0.053,6f3bc526f73ac844,12073136906654222322,0,46396,"data/citysim-bench run --city 128x128 --load-state data/M_rush_0730.state --duration 30m --backend rayon --threads 10"
scaling,M,3,rayon,10,64,-,0,128x128,32,1800,1661155,95151,1504989,61015,1337.468,0.74304,1345.8,737.069,598.851,528.917,1.2037,1.1795,0.8270,0,0.000,0.052,6f3bc526f73ac844,12073136906654222322,0,46396,"data/citysim-bench run --city 128x128 --load-state data/M_rush_0730.state --duration 30m --backend rayon --threads 10"
scaling,M,4,rayon,10,64,-,0,128x128,32,1800,1661155,95151,1504989,61015,1385.096,0.76950,1299.5,756.591,626.920,563.898,1.1998,1.1750,0.8267,0,0.000,0.077,6f3bc526f73ac844,12073136906654222322,0,46336,"data/citysim-bench run --city 128x128 --load-state data/M_rush_0730.state --duration 30m --backend rayon --threads 10"
scaling,M,5,rayon,10,64,-,0,128x128,32,1800,1661155,95151,1504989,61015,1348.638,0.74924,1334.7,735.258,611.817,532.216,1.2032,1.1762,0.8272,0,0.000,0.048,6f3bc526f73ac844,12073136906654222322,0,46268,"data/citysim-bench run --city 128x128 --load-state data/M_rush_0730.state --duration 30m --backend rayon --threads 10"
scaling,M,1,rayon,12,64,-,0,128x128,32,1800,1661155,95151,1504989,61015,1407.144,0.78175,1279.2,761.660,643.713,630.018,1.2951,1.2597,0.8461,0,0.000,0.056,6f3bc526f73ac844,12073136906654222322,0,46396,"data/citysim-bench run --city 128x128 --load-state data/M_rush_0730.state --duration 30m --backend rayon --threads 12"
scaling,M,2,rayon,12,64,-,0,128x128,32,1800,1661155,95151,1504989,61015,1382.221,0.76790,1302.3,747.562,632.925,609.919,1.2903,1.2540,0.8466,0,0.000,0.050,6f3bc526f73ac844,12073136906654222322,0,46360,"data/citysim-bench run --city 128x128 --load-state data/M_rush_0730.state --duration 30m --backend rayon --threads 12"
scaling,M,3,rayon,12,64,-,0,128x128,32,1800,1661155,95151,1504989,61015,1390.836,0.77269,1294.2,756.333,632.722,616.957,1.2946,1.2588,0.8466,0,0.000,0.055,6f3bc526f73ac844,12073136906654222322,0,46396,"data/citysim-bench run --city 128x128 --load-state data/M_rush_0730.state --duration 30m --backend rayon --threads 12"
scaling,M,4,rayon,12,64,-,0,128x128,32,1800,1661155,95151,1504989,61015,1377.619,0.76534,1306.6,749.168,626.669,607.787,1.2977,1.2637,0.8445,0,0.000,0.052,6f3bc526f73ac844,12073136906654222322,0,46396,"data/citysim-bench run --city 128x128 --load-state data/M_rush_0730.state --duration 30m --backend rayon --threads 12"
scaling,M,5,rayon,12,64,-,0,128x128,32,1800,1661155,95151,1504989,61015,1385.213,0.76956,1299.4,750.800,632.742,613.873,1.2987,1.2640,0.8436,0,0.000,0.053,6f3bc526f73ac844,12073136906654222322,0,46396,"data/citysim-bench run --city 128x128 --load-state data/M_rush_0730.state --duration 30m --backend rayon --threads 12"
scaling,M,1,rayon,14,64,-,0,128x128,32,1800,1661155,95151,1504989,61015,1521.422,0.84523,1183.1,824.208,695.150,786.918,1.3460,1.2911,0.8584,0,0.000,0.051,6f3bc526f73ac844,12073136906654222322,0,46396,"data/citysim-bench run --city 128x128 --load-state data/M_rush_0730.state --duration 30m --backend rayon --threads 14"
scaling,M,2,rayon,14,64,-,0,128x128,32,1800,1661155,95151,1504989,61015,1572.464,0.87359,1144.7,846.738,723.693,834.468,1.3753,1.3222,0.8568,0,0.000,0.050,6f3bc526f73ac844,12073136906654222322,0,46396,"data/citysim-bench run --city 128x128 --load-state data/M_rush_0730.state --duration 30m --backend rayon --threads 14"
scaling,M,3,rayon,14,64,-,0,128x128,32,1800,1661155,95151,1504989,61015,1405.425,0.78079,1280.8,760.476,642.877,683.935,1.3321,1.2831,0.8606,0,0.000,0.054,6f3bc526f73ac844,12073136906654222322,0,46396,"data/citysim-bench run --city 128x128 --load-state data/M_rush_0730.state --duration 30m --backend rayon --threads 14"
scaling,M,4,rayon,14,64,-,0,128x128,32,1800,1661155,95151,1504989,61015,1498.459,0.83248,1201.2,804.344,692.018,771.963,1.3528,1.2991,0.8578,0,0.000,0.049,6f3bc526f73ac844,12073136906654222322,0,46396,"data/citysim-bench run --city 128x128 --load-state data/M_rush_0730.state --duration 30m --backend rayon --threads 14"
scaling,M,5,rayon,14,64,-,0,128x128,32,1800,1661155,95151,1504989,61015,1426.410,0.79245,1261.9,774.644,649.727,706.324,1.3366,1.2858,0.8573,0,0.000,0.055,6f3bc526f73ac844,12073136906654222322,0,46396,"data/citysim-bench run --city 128x128 --load-state data/M_rush_0730.state --duration 30m --backend rayon --threads 14"
scaling,M,1,rayon,16,64,-,0,128x128,32,1800,1661155,95151,1504989,61015,1417.337,0.78741,1270.0,744.586,670.468,810.397,1.2356,1.1151,0.8968,0,0.000,0.055,6f3bc526f73ac844,12073136906654222322,0,46272,"data/citysim-bench run --city 128x128 --load-state data/M_rush_0730.state --duration 30m --backend rayon --threads 16"
scaling,M,2,rayon,16,64,-,0,128x128,32,1800,1661155,95151,1504989,61015,1418.311,0.78795,1269.1,754.694,661.266,806.711,1.2388,1.1181,0.8957,0,0.000,0.048,6f3bc526f73ac844,12073136906654222322,0,46396,"data/citysim-bench run --city 128x128 --load-state data/M_rush_0730.state --duration 30m --backend rayon --threads 16"
scaling,M,3,rayon,16,64,-,0,128x128,32,1800,1661155,95151,1504989,61015,1454.794,0.80822,1237.3,765.469,687.083,839.611,1.2400,1.1213,0.8963,0,0.000,0.055,6f3bc526f73ac844,12073136906654222322,0,46336,"data/citysim-bench run --city 128x128 --load-state data/M_rush_0730.state --duration 30m --backend rayon --threads 16"
scaling,M,4,rayon,16,64,-,0,128x128,32,1800,1661155,95151,1504989,61015,1476.235,0.82013,1219.3,783.257,690.731,858.291,1.2412,1.1152,0.8955,0,0.000,0.053,6f3bc526f73ac844,12073136906654222322,0,46344,"data/citysim-bench run --city 128x128 --load-state data/M_rush_0730.state --duration 30m --backend rayon --threads 16"
scaling,M,5,rayon,16,64,-,0,128x128,32,1800,1661155,95151,1504989,61015,1455.287,0.80849,1236.9,766.662,686.354,835.903,1.2421,1.1229,0.8956,0,0.000,0.048,6f3bc526f73ac844,12073136906654222322,0,46396,"data/citysim-bench run --city 128x128 --load-state data/M_rush_0730.state --duration 30m --backend rayon --threads 16"
scaling,M,1,rayon,20,64,-,0,128x128,32,1800,1661155,95151,1504989,61015,1789.421,0.99412,1005.9,907.301,879.504,1225.825,1.3517,1.1736,0.9136,0,0.000,0.056,6f3bc526f73ac844,12073136906654222322,0,46376,"data/citysim-bench run --city 128x128 --load-state data/M_rush_0730.state --duration 30m --backend rayon --threads 20"
scaling,M,2,rayon,20,64,-,0,128x128,32,1800,1661155,95151,1504989,61015,1816.842,1.00936,990.7,922.751,891.537,1254.767,1.3633,1.1778,0.9119,0,0.000,0.051,6f3bc526f73ac844,12073136906654222322,0,46328,"data/citysim-bench run --city 128x128 --load-state data/M_rush_0730.state --duration 30m --backend rayon --threads 20"
scaling,M,3,rayon,20,64,-,0,128x128,32,1800,1661155,95151,1504989,61015,1844.913,1.02495,975.7,932.298,910.055,1282.384,1.3700,1.1749,0.9122,0,0.000,0.054,6f3bc526f73ac844,12073136906654222322,0,46364,"data/citysim-bench run --city 128x128 --load-state data/M_rush_0730.state --duration 30m --backend rayon --threads 20"
scaling,M,4,rayon,20,64,-,0,128x128,32,1800,1661155,95151,1504989,61015,1758.787,0.97710,1023.4,885.045,871.156,1195.776,1.3472,1.1679,0.9136,0,0.000,0.052,6f3bc526f73ac844,12073136906654222322,0,46396,"data/citysim-bench run --city 128x128 --load-state data/M_rush_0730.state --duration 30m --backend rayon --threads 20"
scaling,M,5,rayon,20,64,-,0,128x128,32,1800,1661155,95151,1504989,61015,1777.573,0.98754,1012.6,888.985,885.937,1219.305,1.3535,1.1759,0.9115,0,0.000,0.052,6f3bc526f73ac844,12073136906654222322,0,46396,"data/citysim-bench run --city 128x128 --load-state data/M_rush_0730.state --duration 30m --backend rayon --threads 20"
scaling,M,1,rayon,24,64,-,0,128x128,32,1800,1661155,95151,1504989,61015,2870.756,1.59486,627.0,1414.862,1453.240,2317.988,1.5700,1.2711,0.9197,0,0.000,0.051,6f3bc526f73ac844,12073136906654222322,0,46396,"data/citysim-bench run --city 128x128 --load-state data/M_rush_0730.state --duration 30m --backend rayon --threads 24"
scaling,M,2,rayon,24,64,-,0,128x128,32,1800,1661155,95151,1504989,61015,2857.073,1.58726,630.0,1414.942,1439.633,2306.456,1.5808,1.2813,0.9198,0,0.000,0.049,6f3bc526f73ac844,12073136906654222322,0,46396,"data/citysim-bench run --city 128x128 --load-state data/M_rush_0730.state --duration 30m --backend rayon --threads 24"
scaling,M,3,rayon,24,64,-,0,128x128,32,1800,1661155,95151,1504989,61015,1964.739,1.09152,916.2,983.643,977.832,1410.803,1.3817,1.1821,0.9231,0,0.000,0.051,6f3bc526f73ac844,12073136906654222322,0,46380,"data/citysim-bench run --city 128x128 --load-state data/M_rush_0730.state --duration 30m --backend rayon --threads 24"
scaling,M,4,rayon,24,64,-,0,128x128,32,1800,1661155,95151,1504989,61015,1763.431,0.97968,1020.7,867.592,892.449,1237.427,1.3352,1.1646,0.9240,0,0.000,0.063,6f3bc526f73ac844,12073136906654222322,0,46364,"data/citysim-bench run --city 128x128 --load-state data/M_rush_0730.state --duration 30m --backend rayon --threads 24"
scaling,M,5,rayon,24,64,-,0,128x128,32,1800,1661155,95151,1504989,61015,1777.408,0.98745,1012.7,872.967,901.182,1253.502,1.3382,1.1439,0.9237,0,0.000,0.065,6f3bc526f73ac844,12073136906654222322,0,46396,"data/citysim-bench run --city 128x128 --load-state data/M_rush_0730.state --duration 30m --backend rayon --threads 24"
scaling,M,1,rayon,28,64,-,0,128x128,32,1800,1661155,95151,1504989,61015,2417.620,1.34312,744.5,1219.333,1195.050,1937.858,1.4919,1.2255,0.9301,0,0.000,0.077,6f3bc526f73ac844,12073136906654222322,0,46384,"data/citysim-bench run --city 128x128 --load-state data/M_rush_0730.state --duration 30m --backend rayon --threads 28"
scaling,M,2,rayon,28,64,-,0,128x128,32,1800,1661155,95151,1504989,61015,3034.103,1.68561,593.3,1514.274,1517.025,2529.822,1.6151,1.2836,0.9273,0,0.000,0.053,6f3bc526f73ac844,12073136906654222322,0,46396,"data/citysim-bench run --city 128x128 --load-state data/M_rush_0730.state --duration 30m --backend rayon --threads 28"
scaling,M,3,rayon,28,64,-,0,128x128,32,1800,1661155,95151,1504989,61015,1931.619,1.07312,931.9,953.171,975.345,1464.499,1.4208,1.1957,0.9296,0,0.000,0.051,6f3bc526f73ac844,12073136906654222322,0,46376,"data/citysim-bench run --city 128x128 --load-state data/M_rush_0730.state --duration 30m --backend rayon --threads 28"
scaling,M,4,rayon,28,64,-,0,128x128,32,1800,1661155,95151,1504989,61015,2441.892,1.35661,737.1,1218.793,1220.102,1946.264,1.5116,1.2419,0.9290,0,0.000,0.048,6f3bc526f73ac844,12073136906654222322,0,46396,"data/citysim-bench run --city 128x128 --load-state data/M_rush_0730.state --duration 30m --backend rayon --threads 28"
scaling,M,5,rayon,28,64,-,0,128x128,32,1800,1661155,95151,1504989,61015,2274.362,1.26353,791.4,1143.383,1127.931,1792.343,1.4626,1.2150,0.9298,0,0.000,0.050,6f3bc526f73ac844,12073136906654222322,0,46344,"data/citysim-bench run --city 128x128 --load-state data/M_rush_0730.state --duration 30m --backend rayon --threads 28"
scaling,M,1,rayon,32,64,-,0,128x128,32,1800,1661155,95151,1504989,61015,4961.888,2.75660,362.8,2463.165,2496.038,4435.204,1.9449,1.2559,0.9474,0,0.000,0.051,6f3bc526f73ac844,12073136906654222322,0,46580,"data/citysim-bench run --city 128x128 --load-state data/M_rush_0730.state --duration 30m --backend rayon --threads 32"
scaling,M,2,rayon,32,64,-,0,128x128,32,1800,1661155,95151,1504989,61015,2399.452,1.33303,750.2,1193.027,1203.221,1956.178,1.4700,1.1266,0.9492,0,0.000,0.054,6f3bc526f73ac844,12073136906654222322,0,46572,"data/citysim-bench run --city 128x128 --load-state data/M_rush_0730.state --duration 30m --backend rayon --threads 32"
scaling,M,3,rayon,32,64,-,0,128x128,32,1800,1661155,95151,1504989,61015,4309.772,2.39432,417.7,2162.469,2144.414,3801.005,1.8278,1.2350,0.9475,0,0.000,0.054,6f3bc526f73ac844,12073136906654222322,0,46612,"data/citysim-bench run --city 128x128 --load-state data/M_rush_0730.state --duration 30m --backend rayon --threads 32"
scaling,M,4,rayon,32,64,-,0,128x128,32,1800,1661155,95151,1504989,61015,4284.107,2.38006,420.2,2130.082,2151.138,3777.262,1.8078,1.1957,0.9477,0,0.000,0.053,6f3bc526f73ac844,12073136906654222322,0,46652,"data/citysim-bench run --city 128x128 --load-state data/M_rush_0730.state --duration 30m --backend rayon --threads 32"
scaling,M,5,rayon,32,64,-,0,128x128,32,1800,1661155,95151,1504989,61015,2456.671,1.36482,732.7,1227.520,1225.956,2007.979,1.4791,1.1177,0.9491,0,0.000,0.053,6f3bc526f73ac844,12073136906654222322,0,46556,"data/citysim-bench run --city 128x128 --load-state data/M_rush_0730.state --duration 30m --backend rayon --threads 32"
scaling,L,1,seq,1,64,-,0,512x512,32,600,21279169,296588,19948361,1034220,54577.806,90.96301,11.0,28620.387,25957.132,0.000,1.0000,1.0000,0.0000,0,0.000,1.852,43329a8f7e86b888,13611471131005200237,0,567336,"data/citysim-bench run --city 512x512 --load-state data/L_rush_0730.state --duration 10m --backend seq"
scaling,L,2,seq,1,64,-,0,512x512,32,600,21279169,296588,19948361,1034220,55101.303,91.83551,10.9,28879.898,26221.135,0.000,1.0000,1.0000,0.0000,0,0.000,1.804,43329a8f7e86b888,13611471131005200237,0,567356,"data/citysim-bench run --city 512x512 --load-state data/L_rush_0730.state --duration 10m --backend seq"
scaling,L,3,seq,1,64,-,0,512x512,32,600,21279169,296588,19948361,1034220,54469.209,90.78202,11.0,28575.391,25893.551,0.000,1.0000,1.0000,0.0000,0,0.000,1.946,43329a8f7e86b888,13611471131005200237,0,567288,"data/citysim-bench run --city 512x512 --load-state data/L_rush_0730.state --duration 10m --backend seq"
scaling,L,1,static,1,64,-,0,512x512,32,600,21279169,296588,19948361,1034220,54644.671,91.07445,11.0,28622.793,26021.667,105.102,1.0000,1.0000,0.0000,0,0.000,1.840,43329a8f7e86b888,13611471131005200237,0,567356,"data/citysim-bench run --city 512x512 --load-state data/L_rush_0730.state --duration 10m --backend static --threads 1"
scaling,L,2,static,1,64,-,0,512x512,32,600,21279169,296588,19948361,1034220,55637.173,92.72862,10.8,29119.772,26517.207,104.657,1.0000,1.0000,0.0000,0,0.000,1.888,43329a8f7e86b888,13611471131005200237,0,567300,"data/citysim-bench run --city 512x512 --load-state data/L_rush_0730.state --duration 10m --backend static --threads 1"
scaling,L,3,static,1,64,-,0,512x512,32,600,21279169,296588,19948361,1034220,55442.599,92.40433,10.8,28995.788,26446.625,104.484,1.0000,1.0000,0.0000,0,0.000,1.933,43329a8f7e86b888,13611471131005200237,0,567356,"data/citysim-bench run --city 512x512 --load-state data/L_rush_0730.state --duration 10m --backend static --threads 1"
scaling,L,1,static,2,64,-,0,512x512,32,600,21279169,296588,19948361,1034220,28258.304,47.09717,21.2,14797.570,13460.385,49.564,1.0198,1.0197,0.0000,0,0.000,1.755,43329a8f7e86b888,13611471131005200237,0,567320,"data/citysim-bench run --city 512x512 --load-state data/L_rush_0730.state --duration 10m --backend static --threads 2"
scaling,L,2,static,2,64,-,0,512x512,32,600,21279169,296588,19948361,1034220,28976.469,48.29412,20.7,15166.280,13809.811,51.765,1.0242,1.0240,0.0000,0,0.000,1.737,43329a8f7e86b888,13611471131005200237,0,567100,"data/citysim-bench run --city 512x512 --load-state data/L_rush_0730.state --duration 10m --backend static --threads 2"
scaling,L,3,static,2,64,-,0,512x512,32,600,21279169,296588,19948361,1034220,28434.962,47.39160,21.1,14890.566,13544.019,49.412,1.0208,1.0207,0.0000,0,0.000,1.860,43329a8f7e86b888,13611471131005200237,0,567356,"data/citysim-bench run --city 512x512 --load-state data/L_rush_0730.state --duration 10m --backend static --threads 2"
scaling,L,1,static,4,64,-,0,512x512,32,600,21279169,296588,19948361,1034220,16560.692,27.60115,36.2,9024.728,7535.458,27.604,1.1399,1.1313,0.0000,0,0.000,1.784,43329a8f7e86b888,13611471131005200237,0,567356,"data/citysim-bench run --city 512x512 --load-state data/L_rush_0730.state --duration 10m --backend static --threads 4"
scaling,L,2,static,4,64,-,0,512x512,32,600,21279169,296588,19948361,1034220,16076.677,26.79446,37.3,8788.239,7287.923,28.117,1.1372,1.1289,0.0000,0,0.000,1.788,43329a8f7e86b888,13611471131005200237,0,567356,"data/citysim-bench run --city 512x512 --load-state data/L_rush_0730.state --duration 10m --backend static --threads 4"
scaling,L,3,static,4,64,-,0,512x512,32,600,21279169,296588,19948361,1034220,16075.331,26.79222,37.3,8786.045,7288.617,27.323,1.1388,1.1333,0.0000,0,0.000,1.742,43329a8f7e86b888,13611471131005200237,0,567356,"data/citysim-bench run --city 512x512 --load-state data/L_rush_0730.state --duration 10m --backend static --threads 4"
scaling,L,1,static,8,64,-,0,512x512,32,600,21279169,296588,19948361,1034220,9058.318,15.09720,66.2,4980.222,4077.158,15.756,1.2286,1.1644,0.0000,0,0.000,1.743,43329a8f7e86b888,13611471131005200237,0,567296,"data/citysim-bench run --city 512x512 --load-state data/L_rush_0730.state --duration 10m --backend static --threads 8"
scaling,L,2,static,8,64,-,0,512x512,32,600,21279169,296588,19948361,1034220,9183.106,15.30518,65.3,5026.442,4155.391,16.035,1.2381,1.1639,0.0000,0,0.000,1.750,43329a8f7e86b888,13611471131005200237,0,567332,"data/citysim-bench run --city 512x512 --load-state data/L_rush_0730.state --duration 10m --backend static --threads 8"
scaling,L,3,static,8,64,-,0,512x512,32,600,21279169,296588,19948361,1034220,9185.696,15.30949,65.3,5036.751,4148.057,16.066,1.2320,1.1675,0.0000,0,0.000,1.782,43329a8f7e86b888,13611471131005200237,0,567324,"data/citysim-bench run --city 512x512 --load-state data/L_rush_0730.state --duration 10m --backend static --threads 8"
scaling,L,1,static,12,64,-,0,512x512,32,600,21279169,296588,19948361,1034220,9133.972,15.22329,65.7,4981.252,4151.500,16.648,1.4269,1.2280,0.0000,0,0.000,1.762,43329a8f7e86b888,13611471131005200237,0,567348,"data/citysim-bench run --city 512x512 --load-state data/L_rush_0730.state --duration 10m --backend static --threads 12"
scaling,L,2,static,12,64,-,0,512x512,32,600,21279169,296588,19948361,1034220,8583.812,14.30635,69.9,4680.922,3901.488,17.096,1.4439,1.2348,0.0000,0,0.000,1.820,43329a8f7e86b888,13611471131005200237,0,567296,"data/citysim-bench run --city 512x512 --load-state data/L_rush_0730.state --duration 10m --backend static --threads 12"
scaling,L,3,static,12,64,-,0,512x512,32,600,21279169,296588,19948361,1034220,8535.720,14.22620,70.3,4657.454,3876.899,15.991,1.4561,1.2312,0.0000,0,0.000,1.835,43329a8f7e86b888,13611471131005200237,0,567056,"data/citysim-bench run --city 512x512 --load-state data/L_rush_0730.state --duration 10m --backend static --threads 12"
scaling,L,1,static,16,64,-,0,512x512,32,600,21279169,296588,19948361,1034220,6893.299,11.48883,87.0,3809.306,3078.475,8.975,1.4103,1.2427,0.0000,0,0.000,1.780,43329a8f7e86b888,13611471131005200237,0,567356,"data/citysim-bench run --city 512x512 --load-state data/L_rush_0730.state --duration 10m --backend static --threads 16"
scaling,L,2,static,16,64,-,0,512x512,32,600,21279169,296588,19948361,1034220,7044.050,11.74008,85.2,3912.339,3128.403,11.826,1.4128,1.2496,0.0000,0,0.000,1.780,43329a8f7e86b888,13611471131005200237,0,567356,"data/citysim-bench run --city 512x512 --load-state data/L_rush_0730.state --duration 10m --backend static --threads 16"
scaling,L,3,static,16,64,-,0,512x512,32,600,21279169,296588,19948361,1034220,6936.081,11.56014,86.5,3842.786,3091.008,11.899,1.4122,1.2499,0.0000,0,0.000,1.844,43329a8f7e86b888,13611471131005200237,0,567356,"data/citysim-bench run --city 512x512 --load-state data/L_rush_0730.state --duration 10m --backend static --threads 16"
scaling,L,1,static,24,64,-,0,512x512,32,600,21279169,296588,19948361,1034220,5145.132,8.57522,116.6,2907.581,2230.464,9.637,1.3568,1.2484,0.0000,0,0.000,1.797,43329a8f7e86b888,13611471131005200237,0,567356,"data/citysim-bench run --city 512x512 --load-state data/L_rush_0730.state --duration 10m --backend static --threads 24"
scaling,L,2,static,24,64,-,0,512x512,32,600,21279169,296588,19948361,1034220,5124.687,8.54115,117.1,2892.517,2224.367,6.446,1.3553,1.2452,0.0000,0,0.000,1.813,43329a8f7e86b888,13611471131005200237,0,567356,"data/citysim-bench run --city 512x512 --load-state data/L_rush_0730.state --duration 10m --backend static --threads 24"
scaling,L,3,static,24,64,-,0,512x512,32,600,21279169,296588,19948361,1034220,5146.539,8.57757,116.6,2904.382,2233.384,8.172,1.3605,1.2494,0.0000,0,0.000,1.811,43329a8f7e86b888,13611471131005200237,0,567340,"data/citysim-bench run --city 512x512 --load-state data/L_rush_0730.state --duration 10m --backend static --threads 24"
scaling,L,1,static,32,64,-,0,512x512,32,600,21279169,296588,19948361,1034220,7523.790,12.53965,79.7,3765.528,3745.416,1168.428,1.9669,1.4109,0.0000,0,0.000,1.790,43329a8f7e86b888,13611471131005200237,0,567356,"data/citysim-bench run --city 512x512 --load-state data/L_rush_0730.state --duration 10m --backend static --threads 32"
scaling,L,2,static,32,64,-,0,512x512,32,600,21279169,296588,19948361,1034220,7758.041,12.93007,77.3,4105.206,3646.868,1894.597,1.7951,1.2929,0.0000,0,0.000,2.186,43329a8f7e86b888,13611471131005200237,0,567100,"data/citysim-bench run --city 512x512 --load-state data/L_rush_0730.state --duration 10m --backend static --threads 32"
scaling,L,3,static,32,64,-,0,512x512,32,600,21279169,296588,19948361,1034220,7782.006,12.97001,77.1,4029.668,3740.736,1608.394,1.8714,1.2665,0.0000,0,0.000,2.405,43329a8f7e86b888,13611471131005200237,0,567044,"data/citysim-bench run --city 512x512 --load-state data/L_rush_0730.state --duration 10m --backend static --threads 32"
scaling,L,1,balanced,1,64,cars,1,512x512,32,600,21279169,296588,19948361,1034220,59328.639,98.88106,10.1,30941.544,28385.937,103.848,1.0000,1.0000,0.0000,1,0.000,2.237,43329a8f7e86b888,13611471131005200237,0,567356,"data/citysim-bench run --city 512x512 --load-state data/L_rush_0730.state --duration 10m --backend balanced --cost cars --threads 1"
scaling,L,2,balanced,1,64,cars,1,512x512,32,600,21279169,296588,19948361,1034220,57820.840,96.36807,10.4,30145.396,27674.361,105.506,1.0000,1.0000,0.0000,1,0.000,1.894,43329a8f7e86b888,13611471131005200237,0,567304,"data/citysim-bench run --city 512x512 --load-state data/L_rush_0730.state --duration 10m --backend balanced --cost cars --threads 1"
scaling,L,3,balanced,1,64,cars,1,512x512,32,600,21279169,296588,19948361,1034220,57247.753,95.41292,10.5,29842.911,27403.750,105.391,1.0000,1.0000,0.0000,1,0.000,1.765,43329a8f7e86b888,13611471131005200237,0,567356,"data/citysim-bench run --city 512x512 --load-state data/L_rush_0730.state --duration 10m --backend balanced --cost cars --threads 1"
scaling,L,1,balanced,2,64,cars,1,512x512,32,600,21279169,296588,19948361,1034220,28470.677,47.45113,21.1,14920.411,13549.006,51.425,1.0206,1.0201,0.0000,1,0.000,1.753,43329a8f7e86b888,13611471131005200237,0,567356,"data/citysim-bench run --city 512x512 --load-state data/L_rush_0730.state --duration 10m --backend balanced --cost cars --threads 2"
scaling,L,2,balanced,2,64,cars,1,512x512,32,600,21279169,296588,19948361,1034220,28748.400,47.91400,20.9,15047.471,13699.684,50.257,1.0242,1.0241,0.0000,1,0.000,1.745,43329a8f7e86b888,13611471131005200237,0,567356,"data/citysim-bench run --city 512x512 --load-state data/L_rush_0730.state --duration 10m --backend balanced --cost cars --threads 2"
scaling,L,3,balanced,2,64,cars,1,512x512,32,600,21279169,296588,19948361,1034220,29477.531,49.12922,20.4,15431.280,14044.999,52.164,1.0269,1.0267,0.0000,1,0.000,1.759,43329a8f7e86b888,13611471131005200237,0,566996,"data/citysim-bench run --city 512x512 --load-state data/L_rush_0730.state --duration 10m --backend balanced --cost cars --threads 2"
scaling,L,1,balanced,4,64,cars,1,512x512,32,600,21279169,296588,19948361,1034220,15547.649,25.91275,38.6,7865.067,7681.192,30.397,1.0990,1.0981,0.0000,1,0.000,1.733,43329a8f7e86b888,13611471131005200237,0,567336,"data/citysim-bench run --city 512x512 --load-state data/L_rush_0730.state --duration 10m --backend balanced --cost cars --threads 4"
scaling,L,2,balanced,4,64,cars,1,512x512,32,600,21279169,296588,19948361,1034220,15919.948,26.53325,37.7,8075.486,7842.947,30.718,1.1125,1.1121,0.0000,1,0.000,1.843,43329a8f7e86b888,13611471131005200237,0,567056,"data/citysim-bench run --city 512x512 --load-state data/L_rush_0730.state --duration 10m --backend balanced --cost cars --threads 4"
scaling,L,3,balanced,4,64,cars,1,512x512,32,600,21279169,296588,19948361,1034220,16466.657,27.44443,36.4,8367.644,8097.471,30.492,1.1157,1.1139,0.0000,1,0.000,2.430,43329a8f7e86b888,13611471131005200237,0,567356,"data/citysim-bench run --city 512x512 --load-state data/L_rush_0730.state --duration 10m --backend balanced --cost cars --threads 4"
scaling,L,1,balanced,8,64,cars,1,512x512,32,600,21279169,296588,19948361,1034220,9239.515,15.39919,64.9,4870.317,4367.353,17.244,1.2328,1.1472,0.0000,1,0.000,1.697,43329a8f7e86b888,13611471131005200237,0,567320,"data/citysim-bench run --city 512x512 --load-state data/L_rush_0730.state --duration 10m --backend balanced --cost cars --threads 8"
scaling,L,2,balanced,8,64,cars,1,512x512,32,600,21279169,296588,19948361,1034220,9221.516,15.36919,65.1,4854.032,4365.618,17.321,1.2303,1.1486,0.0000,1,0.000,1.776,43329a8f7e86b888,13611471131005200237,0,567348,"data/citysim-bench run --city 512x512 --load-state data/L_rush_0730.state --duration 10m --backend balanced --cost cars --threads 8"
scaling,L,3,balanced,8,64,cars,1,512x512,32,600,21279169,296588,19948361,1034220,9459.137,15.76523,63.4,4955.593,4501.267,17.261,1.2376,1.1489,0.0000,1,0.000,1.794,43329a8f7e86b888,13611471131005200237,0,567348,"data/citysim-bench run --city 512x512 --load-state data/L_rush_0730.state --duration 10m --backend balanced --cost cars --threads 8"
scaling,L,1,balanced,12,64,cars,1,512x512,32,600,21279169,296588,19948361,1034220,7999.817,13.33303,75.0,4199.310,3797.729,19.611,1.3555,1.1198,0.0000,1,0.000,1.823,43329a8f7e86b888,13611471131005200237,0,567260,"data/citysim-bench run --city 512x512 --load-state data/L_rush_0730.state --duration 10m --backend balanced --cost cars --threads 12"
scaling,L,2,balanced,12,64,cars,1,512x512,32,600,21279169,296588,19948361,1034220,7999.668,13.33278,75.0,4209.472,3786.857,15.493,1.3566,1.0973,0.0000,1,0.000,1.959,43329a8f7e86b888,13611471131005200237,0,567316,"data/citysim-bench run --city 512x512 --load-state data/L_rush_0730.state --duration 10m --backend balanced --cost cars --threads 12"
scaling,L,3,balanced,12,64,cars,1,512x512,32,600,21279169,296588,19948361,1034220,7955.646,13.25941,75.4,4190.900,3761.009,17.198,1.3549,1.0992,0.0000,1,0.000,1.847,43329a8f7e86b888,13611471131005200237,0,567356,"data/citysim-bench run --city 512x512 --load-state data/L_rush_0730.state --duration 10m --backend balanced --cost cars --threads 12"
scaling,L,1,balanced,16,64,cars,1,512x512,32,600,21279169,296588,19948361,1034220,6962.200,11.60367,86.2,3740.639,3217.542,15.049,1.2924,1.1022,0.0000,1,0.000,2.286,43329a8f7e86b888,13611471131005200237,0,567356,"data/citysim-bench run --city 512x512 --load-state data/L_rush_0730.state --duration 10m --backend balanced --cost cars --threads 16"
scaling,L,2,balanced,16,64,cars,1,512x512,32,600,21279169,296588,19948361,1034220,6927.310,11.54552,86.6,3726.412,3197.352,13.023,1.2888,1.1169,0.0000,1,0.000,2.279,43329a8f7e86b888,13611471131005200237,0,567356,"data/citysim-bench run --city 512x512 --load-state data/L_rush_0730.state --duration 10m --backend balanced --cost cars --threads 16"
scaling,L,3,balanced,16,64,cars,1,512x512,32,600,21279169,296588,19948361,1034220,7017.029,11.69505,85.5,3772.403,3241.171,13.066,1.2800,1.1109,0.0000,1,0.000,1.975,43329a8f7e86b888,13611471131005200237,0,567100,"data/citysim-bench run --city 512x512 --load-state data/L_rush_0730.state --duration 10m --backend balanced --cost cars --threads 16"
scaling,L,1,balanced,24,64,cars,1,512x512,32,600,21279169,296588,19948361,1034220,5020.469,8.36745,119.5,2724.272,2289.193,9.051,1.2162,1.1089,0.0000,1,0.000,1.916,43329a8f7e86b888,13611471131005200237,0,567356,"data/citysim-bench run --city 512x512 --load-state data/L_rush_0730.state --duration 10m --backend balanced --cost cars --threads 24"
scaling,L,2,balanced,24,64,cars,1,512x512,32,600,21279169,296588,19948361,1034220,5114.341,8.52390,117.3,2786.245,2322.320,11.490,1.2088,1.1061,0.0000,1,0.000,1.742,43329a8f7e86b888,13611471131005200237,0,567356,"data/citysim-bench run --city 512x512 --load-state data/L_rush_0730.state --duration 10m --backend balanced --cost cars --threads 24"
scaling,L,3,balanced,24,64,cars,1,512x512,32,600,21279169,296588,19948361,1034220,4998.814,8.33136,120.0,2713.511,2277.174,15.447,1.2111,1.1049,0.0000,1,0.000,1.874,43329a8f7e86b888,13611471131005200237,0,567300,"data/citysim-bench run --city 512x512 --load-state data/L_rush_0730.state --duration 10m --backend balanced --cost cars --threads 24"
scaling,L,1,balanced,32,64,cars,1,512x512,32,600,21279169,296588,19948361,1034220,7097.133,11.82856,84.5,3718.109,3371.521,1828.074,1.5894,1.1667,0.0001,1,0.000,2.153,43329a8f7e86b888,13611471131005200237,0,567332,"data/citysim-bench run --city 512x512 --load-state data/L_rush_0730.state --duration 10m --backend balanced --cost cars --threads 32"
scaling,L,2,balanced,32,64,cars,1,512x512,32,600,21279169,296588,19948361,1034220,6621.197,11.03533,90.6,3443.614,3162.313,1137.488,1.6460,1.1747,0.0001,1,0.000,2.299,43329a8f7e86b888,13611471131005200237,0,567100,"data/citysim-bench run --city 512x512 --load-state data/L_rush_0730.state --duration 10m --backend balanced --cost cars --threads 32"
scaling,L,3,balanced,32,64,cars,1,512x512,32,600,21279169,296588,19948361,1034220,7227.635,12.04606,83.0,3698.894,3521.063,2132.136,1.5363,1.1661,0.0001,1,0.000,1.972,43329a8f7e86b888,13611471131005200237,0,567336,"data/citysim-bench run --city 512x512 --load-state data/L_rush_0730.state --duration 10m --backend balanced --cost cars --threads 32"
scaling,L,1,rayon,1,64,-,0,512x512,32,600,21279169,296588,19948361,1034220,58727.598,97.87933,10.2,30669.132,28056.986,126.078,1.0000,1.0000,0.0000,0,0.000,1.992,43329a8f7e86b888,13611471131005200237,0,567272,"data/citysim-bench run --city 512x512 --load-state data/L_rush_0730.state --duration 10m --backend rayon --threads 1"
scaling,L,2,rayon,1,64,-,0,512x512,32,600,21279169,296588,19948361,1034220,57048.231,95.08038,10.5,29733.856,27312.942,125.385,1.0000,1.0000,0.0000,0,0.000,1.684,43329a8f7e86b888,13611471131005200237,0,567296,"data/citysim-bench run --city 512x512 --load-state data/L_rush_0730.state --duration 10m --backend rayon --threads 1"
scaling,L,3,rayon,1,64,-,0,512x512,32,600,21279169,296588,19948361,1034220,57135.738,95.22623,10.5,29803.125,27331.243,125.425,1.0000,1.0000,0.0000,0,0.000,1.765,43329a8f7e86b888,13611471131005200237,0,567356,"data/citysim-bench run --city 512x512 --load-state data/L_rush_0730.state --duration 10m --backend rayon --threads 1"
scaling,L,1,rayon,2,64,-,0,512x512,32,600,21279169,296588,19948361,1034220,28763.000,47.93833,20.9,15060.221,13701.633,79.916,1.0240,1.0237,0.0002,0,0.000,1.872,43329a8f7e86b888,13611471131005200237,0,567288,"data/citysim-bench run --city 512x512 --load-state data/L_rush_0730.state --duration 10m --backend rayon --threads 2"
scaling,L,2,rayon,2,64,-,0,512x512,32,600,21279169,296588,19948361,1034220,28782.375,47.97062,20.8,15098.036,13683.239,79.490,1.0235,1.0234,0.0000,0,0.000,1.781,43329a8f7e86b888,13611471131005200237,0,567356,"data/citysim-bench run --city 512x512 --load-state data/L_rush_0730.state --duration 10m --backend rayon --threads 2"
scaling,L,3,rayon,2,64,-,0,512x512,32,600,21279169,296588,19948361,1034220,29714.372,49.52395,20.2,15561.356,14151.860,81.048,1.0285,1.0284,0.0001,0,0.000,1.742,43329a8f7e86b888,13611471131005200237,0,567356,"data/citysim-bench run --city 512x512 --load-state data/L_rush_0730.state --duration 10m --backend rayon --threads 2"
scaling,L,1,rayon,4,64,-,0,512x512,32,600,21279169,296588,19948361,1034220,14479.013,24.13169,41.4,7587.524,6890.441,132.011,1.0120,1.0017,0.6002,0,0.000,1.723,43329a8f7e86b888,13611471131005200237,0,567356,"data/citysim-bench run --city 512x512 --load-state data/L_rush_0730.state --duration 10m --backend rayon --threads 4"
scaling,L,2,rayon,4,64,-,0,512x512,32,600,21279169,296588,19948361,1034220,14558.798,24.26466,41.2,7621.924,6935.812,133.862,1.0120,1.0019,0.6028,0,0.000,1.748,43329a8f7e86b888,13611471131005200237,0,567356,"data/citysim-bench run --city 512x512 --load-state data/L_rush_0730.state --duration 10m --backend rayon --threads 4"
scaling,L,3,rayon,4,64,-,0,512x512,32,600,21279169,296588,19948361,1034220,15072.275,25.12046,39.8,7887.901,7183.290,136.438,1.0107,1.0014,0.5999,0,0.000,1.765,43329a8f7e86b888,13611471131005200237,0,567356,"data/citysim-bench run --city 512x512 --load-state data/L_rush_0730.state --duration 10m --backend rayon --threads 4"
scaling,L,1,rayon,8,64,-,0,512x512,32,600,21279169,296588,19948361,1034220,7995.428,13.32571,75.0,4263.173,3731.154,358.621,1.0089,1.0050,0.7867,0,0.000,1.785,43329a8f7e86b888,13611471131005200237,0,567356,"data/citysim-bench run --city 512x512 --load-state data/L_rush_0730.state --duration 10m --backend rayon --threads 8"
scaling,L,2,rayon,8,64,-,0,512x512,32,600,21279169,296588,19948361,1034220,7998.335,13.33056,75.0,4263.276,3733.937,346.509,1.0086,1.0056,0.7927,0,0.000,1.713,43329a8f7e86b888,13611471131005200237,0,567356,"data/citysim-bench run --city 512x512 --load-state data/L_rush_0730.state --duration 10m --backend rayon --threads 8"
scaling,L,3,rayon,8,64,-,0,512x512,32,600,21279169,296588,19948361,1034220,7910.221,13.18370,75.9,4214.912,3694.271,344.119,1.0093,1.0050,0.7910,0,0.000,1.756,43329a8f7e86b888,13611471131005200237,0,567356,"data/citysim-bench run --city 512x512 --load-state data/L_rush_0730.state --duration 10m --backend rayon --threads 8"
scaling,L,1,rayon,12,64,-,0,512x512,32,600,21279169,296588,19948361,1034220,6447.658,10.74610,93.1,3470.982,2975.164,526.362,1.0266,1.0219,0.8343,0,0.000,1.755,43329a8f7e86b888,13611471131005200237,0,567356,"data/citysim-bench run --city 512x512 --load-state data/L_rush_0730.state --duration 10m --backend rayon --threads 12"
scaling,L,2,rayon,12,64,-,0,512x512,32,600,21279169,296588,19948361,1034220,6483.047,10.80508,92.5,3489.446,2992.070,534.932,1.0262,1.0207,0.8337,0,0.000,1.816,43329a8f7e86b888,13611471131005200237,0,567356,"data/citysim-bench run --city 512x512 --load-state data/L_rush_0730.state --duration 10m --backend rayon --threads 12"
scaling,L,3,rayon,12,64,-,0,512x512,32,600,21279169,296588,19948361,1034220,6478.538,10.79756,92.6,3482.318,2994.582,547.666,1.0253,1.0206,0.8303,0,0.000,1.730,43329a8f7e86b888,13611471131005200237,0,567324,"data/citysim-bench run --city 512x512 --load-state data/L_rush_0730.state --duration 10m --backend rayon --threads 12"
scaling,L,1,rayon,16,64,-,0,512x512,32,600,21279169,296588,19948361,1034220,5825.912,9.70985,103.0,3143.195,2681.169,753.209,1.0240,1.0201,0.8873,0,0.000,1.772,43329a8f7e86b888,13611471131005200237,0,567356,"data/citysim-bench run --city 512x512 --load-state data/L_rush_0730.state --duration 10m --backend rayon --threads 16"
scaling,L,2,rayon,16,64,-,0,512x512,32,600,21279169,296588,19948361,1034220,5772.250,9.62042,103.9,3103.817,2666.806,756.917,1.0225,1.0177,0.8870,0,0.000,1.821,43329a8f7e86b888,13611471131005200237,0,567348,"data/citysim-bench run --city 512x512 --load-state data/L_rush_0730.state --duration 10m --backend rayon --threads 16"
scaling,L,3,rayon,16,64,-,0,512x512,32,600,21279169,296588,19948361,1034220,6334.903,10.55817,94.7,3410.341,2922.869,859.311,1.0241,1.0177,0.8944,0,0.000,1.878,43329a8f7e86b888,13611471131005200237,0,567356,"data/citysim-bench run --city 512x512 --load-state data/L_rush_0730.state --duration 10m --backend rayon --threads 16"
scaling,L,1,rayon,24,64,-,0,512x512,32,600,21279169,296588,19948361,1034220,4877.745,8.12958,123.0,2693.218,2182.657,749.891,1.0559,1.0498,0.9206,0,0.000,1.898,43329a8f7e86b888,13611471131005200237,0,567356,"data/citysim-bench run --city 512x512 --load-state data/L_rush_0730.state --duration 10m --backend rayon --threads 24"
scaling,L,2,rayon,24,64,-,0,512x512,32,600,21279169,296588,19948361,1034220,4722.310,7.87052,127.1,2607.324,2113.044,670.174,1.0535,1.0482,0.9208,0,0.000,1.873,43329a8f7e86b888,13611471131005200237,0,567308,"data/citysim-bench run --city 512x512 --load-state data/L_rush_0730.state --duration 10m --backend rayon --threads 24"
scaling,L,3,rayon,24,64,-,0,512x512,32,600,21279169,296588,19948361,1034220,4720.904,7.86817,127.1,2596.863,2122.157,669.759,1.0567,1.0503,0.9210,0,0.000,1.843,43329a8f7e86b888,13611471131005200237,0,567356,"data/citysim-bench run --city 512x512 --load-state data/L_rush_0730.state --duration 10m --backend rayon --threads 24"
scaling,L,1,rayon,32,64,-,0,512x512,32,600,21279169,296588,19948361,1034220,4315.670,7.19278,139.0,2324.473,1989.114,808.320,1.0841,1.0712,0.9476,0,0.000,1.909,43329a8f7e86b888,13611471131005200237,0,567312,"data/citysim-bench run --city 512x512 --load-state data/L_rush_0730.state --duration 10m --backend rayon --threads 32"
scaling,L,2,rayon,32,64,-,0,512x512,32,600,21279169,296588,19948361,1034220,4238.107,7.06351,141.6,2292.869,1943.198,750.151,1.0778,1.0687,0.9488,0,0.000,1.866,43329a8f7e86b888,13611471131005200237,0,567300,"data/citysim-bench run --city 512x512 --load-state data/L_rush_0730.state --duration 10m --backend rayon --threads 32"
scaling,L,3,rayon,32,64,-,0,512x512,32,600,21279169,296588,19948361,1034220,4332.298,7.22050,138.5,2343.852,1986.453,819.779,1.0851,1.0756,0.9476,0,0.000,1.948,43329a8f7e86b888,13611471131005200237,0,567356,"data/citysim-bench run --city 512x512 --load-state data/L_rush_0730.state --duration 10m --backend rayon --threads 32"
scaling,XL,1,seq,1,64,-,0,1024x1024,32,300,79734117,550633,75062980,4120504,112505.070,375.01690,2.7,58813.097,53691.812,0.000,1.0000,1.0000,0.0000,0,0.000,6.838,64ab7731653d7044,983297938725189583,0,2231272,"data/citysim-bench run --city 1024x1024 --load-state data/XL_rush_0730.state --duration 5m --backend seq"
scaling,XL,2,seq,1,64,-,0,1024x1024,32,300,79734117,550633,75062980,4120504,112496.439,374.98813,2.7,58818.710,53677.562,0.000,1.0000,1.0000,0.0000,0,0.000,6.780,64ab7731653d7044,983297938725189583,0,2231388,"data/citysim-bench run --city 1024x1024 --load-state data/XL_rush_0730.state --duration 5m --backend seq"
scaling,XL,3,seq,1,64,-,0,1024x1024,32,300,79734117,550633,75062980,4120504,112817.374,376.05791,2.7,58959.400,53857.815,0.000,1.0000,1.0000,0.0000,0,0.000,6.348,64ab7731653d7044,983297938725189583,0,2231088,"data/citysim-bench run --city 1024x1024 --load-state data/XL_rush_0730.state --duration 5m --backend seq"
scaling,XL,1,static,1,64,-,0,1024x1024,32,300,79734117,550633,75062980,4120504,113629.793,378.76598,2.6,59321.072,54308.531,205.265,1.0000,1.0000,0.0000,0,0.000,6.665,64ab7731653d7044,983297938725189583,0,2231636,"data/citysim-bench run --city 1024x1024 --load-state data/XL_rush_0730.state --duration 5m --backend static --threads 1"
scaling,XL,2,static,1,64,-,0,1024x1024,32,300,79734117,550633,75062980,4120504,113519.471,378.39824,2.6,59197.283,54322.024,206.076,1.0000,1.0000,0.0000,0,0.000,6.406,64ab7731653d7044,983297938725189583,0,2231644,"data/citysim-bench run --city 1024x1024 --load-state data/XL_rush_0730.state --duration 5m --backend static --threads 1"
scaling,XL,3,static,1,64,-,0,1024x1024,32,300,79734117,550633,75062980,4120504,113433.897,378.11299,2.6,59263.508,54170.283,203.446,1.0000,1.0000,0.0000,0,0.000,6.466,64ab7731653d7044,983297938725189583,0,2231536,"data/citysim-bench run --city 1024x1024 --load-state data/XL_rush_0730.state --duration 5m --backend static --threads 1"
scaling,XL,1,static,4,64,-,0,1024x1024,32,300,79734117,550633,75062980,4120504,32728.586,109.09529,9.2,17749.280,14979.023,55.038,1.1007,1.0982,0.0000,0,0.000,6.691,64ab7731653d7044,983297938725189583,0,2231352,"data/citysim-bench run --city 1024x1024 --load-state data/XL_rush_0730.state --duration 5m --backend static --threads 4"
scaling,XL,2,static,4,64,-,0,1024x1024,32,300,79734117,550633,75062980,4120504,32394.855,107.98285,9.3,17634.369,14760.195,54.567,1.1007,1.0985,0.0000,0,0.000,6.471,64ab7731653d7044,983297938725189583,0,2231388,"data/citysim-bench run --city 1024x1024 --load-state data/XL_rush_0730.state --duration 5m --backend static --threads 4"
scaling,XL,3,static,4,64,-,0,1024x1024,32,300,79734117,550633,75062980,4120504,32740.776,109.13592,9.2,17783.637,14956.888,55.214,1.1026,1.1004,0.0000,0,0.000,6.798,64ab7731653d7044,983297938725189583,0,2231512,"data/citysim-bench run --city 1024x1024 --load-state data/XL_rush_0730.state --duration 5m --backend static --threads 4"
scaling,XL,1,static,8,64,-,0,1024x1024,32,300,79734117,550633,75062980,4120504,18242.481,60.80827,16.4,10017.803,8224.161,29.070,1.1550,1.1193,0.0000,0,0.000,6.694,64ab7731653d7044,983297938725189583,0,2231324,"data/citysim-bench run --city 1024x1024 --load-state data/XL_rush_0730.state --duration 5m --backend static --threads 8"
scaling,XL,2,static,8,64,-,0,1024x1024,32,300,79734117,550633,75062980,4120504,18769.046,62.56349,16.0,10303.529,8465.021,31.156,1.1645,1.1213,0.0000,0,0.000,7.301,64ab7731653d7044,983297938725189583,0,2231324,"data/citysim-bench run --city 1024x1024 --load-state data/XL_rush_0730.state --duration 5m --backend static --threads 8"
scaling,XL,3,static,8,64,-,0,1024x1024,32,300,79734117,550633,75062980,4120504,18138.243,60.46081,16.5,9952.102,8185.583,27.837,1.1511,1.1146,0.0000,0,0.000,6.674,64ab7731653d7044,983297938725189583,0,2231388,"data/citysim-bench run --city 1024x1024 --load-state data/XL_rush_0730.state --duration 5m --backend static --threads 8"
scaling,XL,1,static,16,64,-,0,1024x1024,32,300,79734117,550633,75062980,4120504,14463.444,48.21148,20.7,8046.749,6415.273,24.257,1.3533,1.1694,0.0000,0,0.000,7.205,64ab7731653d7044,983297938725189583,0,2231324,"data/citysim-bench run --city 1024x1024 --load-state data/XL_rush_0730.state --duration 5m --backend static --threads 16"
scaling,XL,2,static,16,64,-,0,1024x1024,32,300,79734117,550633,75062980,4120504,14471.622,48.23874,20.7,8063.770,6405.526,28.508,1.3520,1.1854,0.0000,0,0.000,6.812,64ab7731653d7044,983297938725189583,0,2231116,"data/citysim-bench run --city 1024x1024 --load-state data/XL_rush_0730.state --duration 5m --backend static --threads 16"
scaling,XL,3,static,16,64,-,0,1024x1024,32,300,79734117,550633,75062980,4120504,14514.819,48.38273,20.7,8055.952,6453.848,26.836,1.3438,1.1820,0.0000,0,0.000,8.941,64ab7731653d7044,983297938725189583,0,2231232,"data/citysim-bench run --city 1024x1024 --load-state data/XL_rush_0730.state --duration 5m --backend static --threads 16"
scaling,XL,1,static,32,64,-,0,1024x1024,32,300,79734117,550633,75062980,4120504,11772.843,39.24281,25.5,6324.347,5444.072,339.793,1.5943,1.2471,0.0000,0,0.000,7.386,64ab7731653d7044,983297938725189583,0,2231004,"data/citysim-bench run --city 1024x1024 --load-state data/XL_rush_0730.state --duration 5m --backend static --threads 32"
scaling,XL,2,static,32,64,-,0,1024x1024,32,300,79734117,550633,75062980,4120504,16578.636,55.26212,18.1,9247.490,7327.987,1415.907,1.9021,1.3186,0.0000,0,0.000,10.333,64ab7731653d7044,983297938725189583,0,2231048,"data/citysim-bench run --city 1024x1024 --load-state data/XL_rush_0730.state --duration 5m --backend static --threads 32"
scaling,XL,3,static,32,64,-,0,1024x1024,32,300,79734117,550633,75062980,4120504,15167.280,50.55760,19.8,8559.832,6601.093,832.361,1.8335,1.2555,0.0000,0,0.000,8.440,64ab7731653d7044,983297938725189583,0,2231112,"data/citysim-bench run --city 1024x1024 --load-state data/XL_rush_0730.state --duration 5m --backend static --threads 32"
scaling,XL,1,balanced,1,64,cars,1,1024x1024,32,300,79734117,550633,75062980,4120504,114602.331,382.00777,2.6,59725.068,54874.997,204.136,1.0000,1.0000,0.0000,0,0.000,7.952,64ab7731653d7044,983297938725189583,0,2231368,"data/citysim-bench run --city 1024x1024 --load-state data/XL_rush_0730.state --duration 5m --backend balanced --cost cars --threads 1"
scaling,XL,2,balanced,1,64,cars,1,1024x1024,32,300,79734117,550633,75062980,4120504,113086.954,376.95651,2.7,58995.563,54088.831,204.143,1.0000,1.0000,0.0000,0,0.000,6.686,64ab7731653d7044,983297938725189583,0,2231108,"data/citysim-bench run --city 1024x1024 --load-state data/XL_rush_0730.state --duration 5m --backend balanced --cost cars --threads 1"
scaling,XL,3,balanced,1,64,cars,1,1024x1024,32,300,79734117,550633,75062980,4120504,113962.079,379.87360,2.6,59515.681,54443.725,208.288,1.0000,1.0000,0.0000,0,0.000,6.852,64ab7731653d7044,983297938725189583,0,2231368,"data/citysim-bench run --city 1024x1024 --load-state data/XL_rush_0730.state --duration 5m --backend balanced --cost cars --threads 1"
scaling,XL,1,balanced,4,64,cars,1,1024x1024,32,300,79734117,550633,75062980,4120504,35349.011,117.83004,8.5,17972.927,17373.882,64.039,1.1570,1.1567,0.0000,0,0.000,6.594,64ab7731653d7044,983297938725189583,0,2231304,"data/citysim-bench run --city 1024x1024 --load-state data/XL_rush_0730.state --duration 5m --backend balanced --cost cars --threads 4"
scaling,XL,2,balanced,4,64,cars,1,1024x1024,32,300,79734117,550633,75062980,4120504,34864.311,116.21437,8.6,17752.572,17109.508,61.141,1.1570,1.1569,0.0000,0,0.000,6.602,64ab7731653d7044,983297938725189583,0,2231564,"data/citysim-bench run --city 1024x1024 --load-state data/XL_rush_0730.state --duration 5m --backend balanced --cost cars --threads 4"
scaling,XL,3,balanced,4,64,cars,1,1024x1024,32,300,79734117,550633,75062980,4120504,35800.216,119.33405,8.4,18190.804,17606.986,62.377,1.1546,1.1546,0.0000,0,0.000,7.261,64ab7731653d7044,983297938725189583,0,2231260,"data/citysim-bench run --city 1024x1024 --load-state data/XL_rush_0730.state --duration 5m --backend balanced --cost cars --threads 4"
scaling,XL,1,balanced,8,64,cars,1,1024x1024,32,300,79734117,550633,75062980,4120504,20294.796,67.64932,14.8,10460.302,9832.040,37.498,1.1801,1.1309,0.0000,0,0.000,6.880,64ab7731653d7044,983297938725189583,0,2231548,"data/citysim-bench run --city 1024x1024 --load-state data/XL_rush_0730.state --duration 5m --backend balanced --cost cars --threads 8"
scaling,XL,2,balanced,8,64,cars,1,1024x1024,32,300,79734117,550633,75062980,4120504,20164.947,67.21649,14.9,10415.904,9746.540,35.867,1.1758,1.1251,0.0000,0,0.000,6.814,64ab7731653d7044,983297938725189583,0,2231328,"data/citysim-bench run --city 1024x1024 --load-state data/XL_rush_0730.state --duration 5m --backend balanced --cost cars --threads 8"
scaling,XL,3,balanced,8,64,cars,1,1024x1024,32,300,79734117,550633,75062980,4120504,21124.979,70.41660,14.2,10925.331,10197.115,39.825,1.1808,1.1298,0.0000,0,0.000,6.933,64ab7731653d7044,983297938725189583,0,2231296,"data/citysim-bench run --city 1024x1024 --load-state data/XL_rush_0730.state --duration 5m --backend balanced --cost cars --threads 8"
scaling,XL,1,balanced,16,64,cars,1,1024x1024,32,300,79734117,550633,75062980,4120504,13719.608,45.73203,21.9,7334.316,6381.616,25.279,1.2428,1.1068,0.0000,0,0.000,6.886,64ab7731653d7044,983297938725189583,0,2231328,"data/citysim-bench run --city 1024x1024 --load-state data/XL_rush_0730.state --duration 5m --backend balanced --cost cars --threads 16"
scaling,XL,2,balanced,16,64,cars,1,1024x1024,32,300,79734117,550633,75062980,4120504,13731.587,45.77196,21.8,7331.798,6396.379,25.713,1.2409,1.1098,0.0000,0,0.000,7.430,64ab7731653d7044,983297938725189583,0,2231340,"data/citysim-bench run --city 1024x1024 --load-state data/XL_rush_0730.state --duration 5m --backend balanced --cost cars --threads 16"
scaling,XL,3,balanced,16,64,cars,1,1024x1024,32,300,79734117,550633,75062980,4120504,13782.338,45.94113,21.8,7361.318,6417.743,26.318,1.2460,1.1145,0.0000,0,0.000,6.744,64ab7731653d7044,983297938725189583,0,2231256,"data/citysim-bench run --city 1024x1024 --load-state data/XL_rush_0730.state --duration 5m --backend balanced --cost cars --threads 16"
scaling,XL,1,balanced,32,64,cars,1,1024x1024,32,300,79734117,550633,75062980,4120504,13111.447,43.70482,22.9,6923.886,6182.075,835.644,1.5618,1.1710,0.0000,0,0.000,11.225,64ab7731653d7044,983297938725189583,0,2231632,"data/citysim-bench run --city 1024x1024 --load-state data/XL_rush_0730.state --duration 5m --backend balanced --cost cars --threads 32"
scaling,XL,2,balanced,32,64,cars,1,1024x1024,32,300,79734117,550633,75062980,4120504,12859.109,42.86370,23.3,6994.515,5858.983,590.586,1.5533,1.1212,0.0000,0,0.000,7.400,64ab7731653d7044,983297938725189583,0,2231536,"data/citysim-bench run --city 1024x1024 --load-state data/XL_rush_0730.state --duration 5m --backend balanced --cost cars --threads 32"
scaling,XL,3,balanced,32,64,cars,1,1024x1024,32,300,79734117,550633,75062980,4120504,14537.776,48.45925,20.6,7648.313,6883.264,1358.727,1.6955,1.1463,0.0000,0,0.000,8.852,64ab7731653d7044,983297938725189583,0,2231648,"data/citysim-bench run --city 1024x1024 --load-state data/XL_rush_0730.state --duration 5m --backend balanced --cost cars --threads 32"
scaling,XL,1,rayon,1,64,-,0,1024x1024,32,300,79734117,550633,75062980,4120504,121882.667,406.27556,2.5,63176.020,58705.765,267.243,1.0000,1.0000,0.0000,0,0.000,7.091,64ab7731653d7044,983297938725189583,0,2231300,"data/citysim-bench run --city 1024x1024 --load-state data/XL_rush_0730.state --duration 5m --backend rayon --threads 1"
scaling,XL,2,rayon,1,64,-,0,1024x1024,32,300,79734117,550633,75062980,4120504,116664.421,388.88140,2.6,60551.555,56111.961,257.338,1.0000,1.0000,0.0000,0,0.000,8.000,64ab7731653d7044,983297938725189583,0,2231352,"data/citysim-bench run --city 1024x1024 --load-state data/XL_rush_0730.state --duration 5m --backend rayon --threads 1"
scaling,XL,3,rayon,1,64,-,0,1024x1024,32,300,79734117,550633,75062980,4120504,113519.483,378.39828,2.6,58969.325,54549.285,268.298,1.0000,1.0000,0.0000,0,0.000,6.928,64ab7731653d7044,983297938725189583,0,2231344,"data/citysim-bench run --city 1024x1024 --load-state data/XL_rush_0730.state --duration 5m --backend rayon --threads 1"
scaling,XL,1,rayon,4,64,-,0,1024x1024,32,300,79734117,550633,75062980,4120504,31928.998,106.42999,9.4,16603.689,15324.514,132.875,1.0112,1.0002,0.5840,0,0.000,6.809,64ab7731653d7044,983297938725189583,0,2231220,"data/citysim-bench run --city 1024x1024 --load-state data/XL_rush_0730.state --duration 5m --backend rayon --threads 4"
scaling,XL,2,rayon,4,64,-,0,1024x1024,32,300,79734117,550633,75062980,4120504,31395.192,104.65064,9.6,16361.031,15033.382,132.717,1.0094,1.0008,0.6039,0,0.000,7.213,64ab7731653d7044,983297938725189583,0,2231564,"data/citysim-bench run --city 1024x1024 --load-state data/XL_rush_0730.state --duration 5m --backend rayon --threads 4"
scaling,XL,3,rayon,4,64,-,0,1024x1024,32,300,79734117,550633,75062980,4120504,32544.118,108.48039,9.2,16931.567,15611.757,135.539,1.0099,1.0009,0.6040,0,0.000,7.388,64ab7731653d7044,983297938725189583,0,2231372,"data/citysim-bench run --city 1024x1024 --load-state data/XL_rush_0730.state --duration 5m --backend rayon --threads 4"
scaling,XL,1,rayon,8,64,-,0,1024x1024,32,300,79734117,550633,75062980,4120504,18028.504,60.09501,16.6,9581.188,8446.506,276.857,1.0051,1.0012,0.7936,0,0.000,7.113,64ab7731653d7044,983297938725189583,0,2231280,"data/citysim-bench run --city 1024x1024 --load-state data/XL_rush_0730.state --duration 5m --backend rayon --threads 8"
scaling,XL,2,rayon,8,64,-,0,1024x1024,32,300,79734117,550633,75062980,4120504,17384.338,57.94779,17.3,9244.449,8139.135,228.813,1.0048,1.0012,0.7945,0,0.000,7.014,64ab7731653d7044,983297938725189583,0,2231616,"data/citysim-bench run --city 1024x1024 --load-state data/XL_rush_0730.state --duration 5m --backend rayon --threads 8"
scaling,XL,3,rayon,8,64,-,0,1024x1024,32,300,79734117,550633,75062980,4120504,17334.529,57.78176,17.3,9226.604,8107.128,248.490,1.0053,1.0014,0.7908,0,0.000,9.375,64ab7731653d7044,983297938725189583,0,2231332,"data/citysim-bench run --city 1024x1024 --load-state data/XL_rush_0730.state --duration 5m --backend rayon --threads 8"
scaling,XL,1,rayon,16,64,-,0,1024x1024,32,300,79734117,550633,75062980,4120504,11871.096,39.57032,25.3,6464.909,5405.307,520.719,1.0062,1.0043,0.8939,0,0.000,6.854,64ab7731653d7044,983297938725189583,0,2231264,"data/citysim-bench run --city 1024x1024 --load-state data/XL_rush_0730.state --duration 5m --backend rayon --threads 16"
scaling,XL,2,rayon,16,64,-,0,1024x1024,32,300,79734117,550633,75062980,4120504,11870.167,39.56722,25.3,6477.701,5391.565,528.868,1.0073,1.0040,0.8945,0,0.000,7.310,64ab7731653d7044,983297938725189583,0,2231320,"data/citysim-bench run --city 1024x1024 --load-state data/XL_rush_0730.state --duration 5m --backend rayon --threads 16"
scaling,XL,3,rayon,16,64,-,0,1024x1024,32,300,79734117,550633,75062980,4120504,11628.411,38.76137,25.8,6348.479,5279.030,491.564,1.0072,1.0046,0.8910,0,0.000,7.023,64ab7731653d7044,983297938725189583,0,2231364,"data/citysim-bench run --city 1024x1024 --load-state data/XL_rush_0730.state --duration 5m --backend rayon --threads 16"
scaling,XL,1,rayon,32,64,-,0,1024x1024,32,300,79734117,550633,75062980,4120504,8899.707,29.66569,33.7,4928.985,3969.673,1001.316,1.0322,1.0260,0.9439,0,0.000,7.334,64ab7731653d7044,983297938725189583,0,2231468,"data/citysim-bench run --city 1024x1024 --load-state data/XL_rush_0730.state --duration 5m --backend rayon --threads 32"
scaling,XL,2,rayon,32,64,-,0,1024x1024,32,300,79734117,550633,75062980,4120504,8825.214,29.41738,34.0,4900.286,3923.949,957.890,1.0315,1.0246,0.9451,0,0.000,7.740,64ab7731653d7044,983297938725189583,0,2231588,"data/citysim-bench run --city 1024x1024 --load-state data/XL_rush_0730.state --duration 5m --backend rayon --threads 32"
scaling,XL,3,rayon,32,64,-,0,1024x1024,32,300,79734117,550633,75062980,4120504,9131.026,30.43675,32.9,5041.275,4088.779,1087.834,1.0480,1.0322,0.9455,0,0.000,8.862,64ab7731653d7044,983297938725189583,0,2231456,"data/citysim-bench run --city 1024x1024 --load-state data/XL_rush_0730.state --duration 5m --backend rayon --threads 32"
balance,M_rush,1,static,8,64,-,0,128x128,32,7200,2740106,159409,2504446,76251,5006.284,0.69532,1438.2,2782.193,2211.734,29.272,1.6255,1.2534,0.0000,0,0.000,0.466,742918d2b495a5ea,1074683736261648151,0,46296,"data/citysim-bench run --city 128x128 --load-state data/M_rush_0700.state --duration 2h  --backend static --threads 8 --window-log data/windows_M_rush_static_8.log"
balance,M_rush,2,static,8,64,-,0,128x128,32,7200,2740106,159409,2504446,76251,4370.253,0.60698,1647.5,2428.395,1931.216,23.289,1.5631,1.2733,0.0000,0,0.000,0.492,742918d2b495a5ea,1074683736261648151,0,46300,"data/citysim-bench run --city 128x128 --load-state data/M_rush_0700.state --duration 2h  --backend static --threads 8 --window-log data/windows_M_rush_static_8.log"
balance,M_rush,3,static,8,64,-,0,128x128,32,7200,2740106,159409,2504446,76251,4622.267,0.64198,1557.7,2576.505,2034.437,22.823,1.5825,1.2642,0.0000,0,0.000,0.493,742918d2b495a5ea,1074683736261648151,0,46296,"data/citysim-bench run --city 128x128 --load-state data/M_rush_0700.state --duration 2h  --backend static --threads 8 --window-log data/windows_M_rush_static_8.log"
balance,M_rush,1,balanced,8,64,cars,1,128x128,32,7200,2740106,159409,2504446,76251,4128.710,0.57343,1743.9,2107.927,2010.748,24.028,1.5293,1.1771,0.0000,23,0.000,0.483,742918d2b495a5ea,1074683736261648151,0,46332,"data/citysim-bench run --city 128x128 --load-state data/M_rush_0700.state --duration 2h  --backend balanced --cost cars --rebalance-every 1 --threads 8 --window-log data/windows_M_rush_balanced-cars-every1_8.log"
balance,M_rush,2,balanced,8,64,cars,1,128x128,32,7200,2740106,159409,2504446,76251,4568.662,0.63454,1576.0,2339.289,2217.130,24.886,1.5431,1.1652,0.0000,23,0.000,0.517,742918d2b495a5ea,1074683736261648151,0,46356,"data/citysim-bench run --city 128x128 --load-state data/M_rush_0700.state --duration 2h  --backend balanced --cost cars --rebalance-every 1 --threads 8 --window-log data/windows_M_rush_balanced-cars-every1_8.log"
balance,M_rush,3,balanced,8,64,cars,1,128x128,32,7200,2740106,159409,2504446,76251,4215.065,0.58543,1708.2,2160.023,2044.215,24.470,1.5265,1.1759,0.0000,23,0.000,0.506,742918d2b495a5ea,1074683736261648151,0,46388,"data/citysim-bench run --city 128x128 --load-state data/M_rush_0700.state --duration 2h  --backend balanced --cost cars --rebalance-every 1 --threads 8 --window-log data/windows_M_rush_balanced-cars-every1_8.log"
balance,M_rush,1,balanced,8,64,cars,0,128x128,32,7200,2740106,159409,2504446,76251,4450.436,0.61812,1617.8,2346.673,2092.404,23.854,1.5153,1.1241,0.0000,0,0.000,0.467,742918d2b495a5ea,1074683736261648151,0,46072,"data/citysim-bench run --city 128x128 --load-state data/M_rush_0700.state --duration 2h  --backend balanced --cost cars --rebalance-every 0 --threads 8 --window-log data/windows_M_rush_balanced-cars-every0_8.log"
balance,M_rush,2,balanced,8,64,cars,0,128x128,32,7200,2740106,159409,2504446,76251,3996.940,0.55513,1801.4,2108.942,1877.813,23.064,1.4998,1.1253,0.0000,0,0.000,0.518,742918d2b495a5ea,1074683736261648151,0,46388,"data/citysim-bench run --city 128x128 --load-state data/M_rush_0700.state --duration 2h  --backend balanced --cost cars --rebalance-every 0 --threads 8 --window-log data/windows_M_rush_balanced-cars-every0_8.log"
balance,M_rush,3,balanced,8,64,cars,0,128x128,32,7200,2740106,159409,2504446,76251,4563.892,0.63387,1577.6,2411.870,2141.086,24.981,1.5141,1.1307,0.0000,0,0.000,0.493,742918d2b495a5ea,1074683736261648151,0,46316,"data/citysim-bench run --city 128x128 --load-state data/M_rush_0700.state --duration 2h  --backend balanced --cost cars --rebalance-every 0 --threads 8 --window-log data/windows_M_rush_balanced-cars-every0_8.log"
balance,M_rush,1,balanced,8,64,time,1,128x128,32,7200,2740106,159409,2504446,76251,4162.996,0.57819,1729.5,2161.147,1991.191,25.585,1.5001,1.1248,0.0001,23,0.000,0.465,742918d2b495a5ea,1074683736261648151,0,46268,"data/citysim-bench run --city 128x128 --load-state data/M_rush_0700.state --duration 2h  --backend balanced --cost time --rebalance-every 1 --threads 8 --window-log data/windows_M_rush_balanced-time-every1_8.log"
balance,M_rush,2,balanced,8,64,time,1,128x128,32,7200,2740106,159409,2504446,76251,4417.019,0.61347,1630.1,2288.461,2117.418,25.647,1.5217,1.1240,0.0002,23,0.000,0.481,742918d2b495a5ea,1074683736261648151,0,46296,"data/citysim-bench run --city 128x128 --load-state data/M_rush_0700.state --duration 2h  --backend balanced --cost time --rebalance-every 1 --threads 8 --window-log data/windows_M_rush_balanced-time-every1_8.log"
balance,M_rush,3,balanced,8,64,time,1,128x128,32,7200,2740106,159409,2504446,76251,4396.375,0.61061,1637.7,2284.918,2100.481,24.632,1.5134,1.1198,0.0002,23,0.000,0.512,742918d2b495a5ea,1074683736261648151,0,46372,"data/citysim-bench run --city 128x128 --load-state data/M_rush_0700.state --duration 2h  --backend balanced --cost time --rebalance-every 1 --threads 8 --window-log data/windows_M_rush_balanced-time-every1_8.log"
balance,M_rush,1,balanced,8,64,time,12,128x128,32,7200,2740106,159409,2504446,76251,3745.003,0.52014,1922.6,1964.260,1770.669,24.731,1.4623,1.1136,0.0000,1,0.000,0.473,742918d2b495a5ea,1074683736261648151,0,46388,"data/citysim-bench run --city 128x128 --load-state data/M_rush_0700.state --duration 2h  --backend balanced --cost time --rebalance-every 12 --threads 8 --window-log data/windows_M_rush_balanced-time-every12_8.log"
balance,M_rush,2,balanced,8,64,time,12,128x128,32,7200,2740106,159409,2504446,76251,4477.170,0.62183,1608.2,2342.243,2123.946,26.896,1.5215,1.1168,0.0000,1,0.000,0.505,742918d2b495a5ea,1074683736261648151,0,46364,"data/citysim-bench run --city 128x128 --load-state data/M_rush_0700.state --duration 2h  --backend balanced --cost time --rebalance-every 12 --threads 8 --window-log data/windows_M_rush_balanced-time-every12_8.log"
balance,M_rush,3,balanced,8,64,time,12,128x128,32,7200,2740106,159409,2504446,76251,4266.856,0.59262,1687.4,2238.287,2017.632,23.595,1.5167,1.1567,0.0000,1,0.000,0.512,742918d2b495a5ea,1074683736261648151,0,46372,"data/citysim-bench run --city 128x128 --load-state data/M_rush_0700.state --duration 2h  --backend balanced --cost time --rebalance-every 12 --threads 8 --window-log data/windows_M_rush_balanced-time-every12_8.log"
balance,M_rush,1,rayon,8,64,-,0,128x128,32,7200,2740106,159409,2504446,76251,5333.573,0.74077,1349.9,2941.001,2386.740,1719.809,1.1073,1.0872,0.8022,0,0.000,0.459,742918d2b495a5ea,1074683736261648151,0,46268,"data/citysim-bench run --city 128x128 --load-state data/M_rush_0700.state --duration 2h  --backend rayon --threads 8 --window-log data/windows_M_rush_rayon_8.log"
balance,M_rush,2,rayon,8,64,-,0,128x128,32,7200,2740106,159409,2504446,76251,6690.210,0.92920,1076.2,3615.489,3067.050,2564.421,1.1150,1.0918,0.8013,0,0.000,0.697,742918d2b495a5ea,1074683736261648151,0,46268,"data/citysim-bench run --city 128x128 --load-state data/M_rush_0700.state --duration 2h  --backend rayon --threads 8 --window-log data/windows_M_rush_rayon_8.log"
balance,M_rush,3,rayon,8,64,-,0,128x128,32,7200,2740106,159409,2504446,76251,5356.030,0.74389,1344.3,2953.595,2395.930,1784.062,1.1111,1.0887,0.8008,0,0.000,0.497,742918d2b495a5ea,1074683736261648151,0,46364,"data/citysim-bench run --city 128x128 --load-state data/M_rush_0700.state --duration 2h  --backend rayon --threads 8 --window-log data/windows_M_rush_rayon_8.log"
balance,M_rush,1,static,16,64,-,0,128x128,32,7200,2740106,159409,2504446,76251,2645.895,0.36749,2721.2,1547.416,1076.018,17.237,1.6259,1.3438,0.0000,0,0.000,0.669,742918d2b495a5ea,1074683736261648151,0,46332,"data/citysim-bench run --city 128x128 --load-state data/M_rush_0700.state --duration 2h  --backend static --threads 16 --window-log data/windows_M_rush_static_16.log"
balance,M_rush,2,static,16,64,-,0,128x128,32,7200,2740106,159409,2504446,76251,2649.574,0.36800,2717.4,1559.751,1068.912,18.205,1.6375,1.3599,0.0000,0,0.000,0.488,742918d2b495a5ea,1074683736261648151,0,46276,"data/citysim-bench run --city 128x128 --load-state data/M_rush_0700.state --duration 2h  --backend static --threads 16 --window-log data/windows_M_rush_static_16.log"
balance,M_rush,3,static,16,64,-,0,128x128,32,7200,2740106,159409,2504446,76251,2660.323,0.36949,2706.4,1569.860,1070.745,18.230,1.6325,1.3485,0.0000,0,0.000,0.492,742918d2b495a5ea,1074683736261648151,0,46268,"data/citysim-bench run --city 128x128 --load-state data/M_rush_0700.state --duration 2h  --backend static --threads 16 --window-log data/windows_M_rush_static_16.log"
balance,M_rush,1,balanced,16,64,cars,1,128x128,32,7200,2740106,159409,2504446,76251,2517.854,0.34970,2859.6,1296.190,1200.425,21.839,1.5186,1.1823,0.0001,23,0.000,0.743,742918d2b495a5ea,1074683736261648151,0,46320,"data/citysim-bench run --city 128x128 --load-state data/M_rush_0700.state --duration 2h  --backend balanced --cost cars --rebalance-every 1 --threads 16 --window-log data/windows_M_rush_balanced-cars-every1_16.log"
balance,M_rush,2,balanced,16,64,cars,1,128x128,32,7200,2740106,159409,2504446,76251,2608.266,0.36226,2760.5,1361.415,1224.185,62.095,1.4967,1.1639,0.0001,23,0.000,0.532,742918d2b495a5ea,1074683736261648151,0,46332,"data/citysim-bench run --city 128x128 --load-state data/M_rush_0700.state --duration 2h  --backend balanced --cost cars --rebalance-every 1 --threads 16 --window-log data/windows_M_rush_balanced-cars-every1_16.log"
balance,M_rush,3,balanced,16,64,cars,1,128x128,32,7200,2740106,159409,2504446,76251,2629.121,0.36516,2738.6,1351.430,1252.849,25.410,1.4922,1.1598,0.0001,23,0.000,0.498,742918d2b495a5ea,1074683736261648151,0,46268,"data/citysim-bench run --city 128x128 --load-state data/M_rush_0700.state --duration 2h  --backend balanced --cost cars --rebalance-every 1 --threads 16 --window-log data/windows_M_rush_balanced-cars-every1_16.log"
balance,M_rush,1,balanced,16,64,cars,0,128x128,32,7200,2740106,159409,2504446,76251,2698.780,0.37483,2667.9,1479.638,1195.803,29.695,1.5169,1.1657,0.0000,0,0.000,0.523,742918d2b495a5ea,1074683736261648151,0,46376,"data/citysim-bench run --city 128x128 --load-state data/M_rush_0700.state --duration 2h  --backend balanced --cost cars --rebalance-every 0 --threads 16 --window-log data/windows_M_rush_balanced-cars-every0_16.log"
balance,M_rush,2,balanced,16,64,cars,0,128x128,32,7200,2740106,159409,2504446,76251,2874.266,0.39920,2505.0,1570.048,1282.993,62.768,1.5998,1.1788,0.0000,0,0.000,0.516,742918d2b495a5ea,1074683736261648151,0,46364,"data/citysim-bench run --city 128x128 --load-state data/M_rush_0700.state --duration 2h  --backend balanced --cost cars --rebalance-every 0 --threads 16 --window-log data/windows_M_rush_balanced-cars-every0_16.log"
balance,M_rush,3,balanced,16,64,cars,0,128x128,32,7200,2740106,159409,2504446,76251,2607.941,0.36221,2760.8,1431.236,1153.846,23.989,1.5001,1.1559,0.0000,0,0.000,0.566,742918d2b495a5ea,1074683736261648151,0,46368,"data/citysim-bench run --city 128x128 --load-state data/M_rush_0700.state --duration 2h  --backend balanced --cost cars --rebalance-every 0 --threads 16 --window-log data/windows_M_rush_balanced-cars-every0_16.log"
balance,M_rush,1,balanced,16,64,time,1,128x128,32,7200,2740106,159409,2504446,76251,2645.240,0.36739,2721.9,1383.395,1238.717,24.564,1.5103,1.1494,0.0003,23,0.000,0.515,742918d2b495a5ea,1074683736261648151,0,46312,"data/citysim-bench run --city 128x128 --load-state data/M_rush_0700.state --duration 2h  --backend balanced --cost time --rebalance-every 1 --threads 16 --window-log data/windows_M_rush_balanced-time-every1_16.log"
balance,M_rush,2,balanced,16,64,time,1,128x128,32,7200,2740106,159409,2504446,76251,2599.016,0.36097,2770.3,1349.883,1227.391,25.355,1.5156,1.1602,0.0003,23,0.000,0.596,742918d2b495a5ea,1074683736261648151,0,46388,"data/citysim-bench run --city 128x128 --load-state data/M_rush_0700.state --duration 2h  --backend balanced --cost time --rebalance-every 1 --threads 16 --window-log data/windows_M_rush_balanced-time-every1_16.log"
balance,M_rush,3,balanced,16,64,time,1,128x128,32,7200,2740106,159409,2504446,76251,2598.720,0.36093,2770.6,1352.050,1224.202,22.496,1.5303,1.1435,0.0003,23,0.000,0.556,742918d2b495a5ea,1074683736261648151,0,46332,"data/citysim-bench run --city 128x128 --load-state data/M_rush_0700.state --duration 2h  --backend balanced --cost time --rebalance-every 1 --threads 16 --window-log data/windows_M_rush_balanced-time-every1_16.log"
balance,M_rush,1,balanced,16,64,time,12,128x128,32,7200,2740106,159409,2504446,76251,2616.912,0.36346,2751.3,1383.719,1208.994,22.701,1.5077,1.1759,0.0000,1,0.000,0.532,742918d2b495a5ea,1074683736261648151,0,46388,"data/citysim-bench run --city 128x128 --load-state data/M_rush_0700.state --duration 2h  --backend balanced --cost time --rebalance-every 12 --threads 16 --window-log data/windows_M_rush_balanced-time-every12_16.log"
balance,M_rush,2,balanced,16,64,time,12,128x128,32,7200,2740106,159409,2504446,76251,2569.735,0.35691,2801.8,1375.771,1171.937,24.586,1.4863,1.1787,0.0000,1,0.000,0.514,742918d2b495a5ea,1074683736261648151,0,46268,"data/citysim-bench run --city 128x128 --load-state data/M_rush_0700.state --duration 2h  --backend balanced --cost time --rebalance-every 12 --threads 16 --window-log data/windows_M_rush_balanced-time-every12_16.log"
balance,M_rush,3,balanced,16,64,time,12,128x128,32,7200,2740106,159409,2504446,76251,2545.973,0.35361,2828.0,1369.279,1154.967,22.319,1.5136,1.2060,0.0000,1,0.000,0.506,742918d2b495a5ea,1074683736261648151,0,46236,"data/citysim-bench run --city 128x128 --load-state data/M_rush_0700.state --duration 2h  --backend balanced --cost time --rebalance-every 12 --threads 16 --window-log data/windows_M_rush_balanced-time-every12_16.log"
balance,M_rush,1,rayon,16,64,-,0,128x128,32,7200,2740106,159409,2504446,76251,7130.770,0.99038,1009.7,3830.201,3288.008,4278.398,1.2318,1.1050,0.8999,0,0.000,0.526,742918d2b495a5ea,1074683736261648151,0,46356,"data/citysim-bench run --city 128x128 --load-state data/M_rush_0700.state --duration 2h  --backend rayon --threads 16 --window-log data/windows_M_rush_rayon_16.log"
balance,M_rush,2,rayon,16,64,-,0,128x128,32,7200,2740106,159409,2504446,76251,6582.318,0.91421,1093.8,3517.750,3052.950,3901.568,1.2376,1.1076,0.8991,0,0.000,0.499,742918d2b495a5ea,1074683736261648151,0,46356,"data/citysim-bench run --city 128x128 --load-state data/M_rush_0700.state --duration 2h  --backend rayon --threads 16 --window-log data/windows_M_rush_rayon_16.log"
balance,M_rush,3,rayon,16,64,-,0,128x128,32,7200,2740106,159409,2504446,76251,6564.217,0.91170,1096.9,3529.142,3022.198,3877.732,1.2386,1.1081,0.8990,0,0.000,0.461,742918d2b495a5ea,1074683736261648151,0,46372,"data/citysim-bench run --city 128x128 --load-state data/M_rush_0700.state --duration 2h  --backend rayon --threads 16 --window-log data/windows_M_rush_rayon_16.log"
balance,M_rush,1,static,24,64,-,0,128x128,32,7200,2740106,159409,2504446,76251,2162.018,0.30028,3330.2,1241.876,884.150,69.808,1.6803,1.4021,0.0000,0,0.000,0.479,742918d2b495a5ea,1074683736261648151,0,46332,"data/citysim-bench run --city 128x128 --load-state data/M_rush_0700.state --duration 2h  --backend static --threads 24 --window-log data/windows_M_rush_static_24.log"
balance,M_rush,2,static,24,64,-,0,128x128,32,7200,2740106,159409,2504446,76251,2117.957,0.29416,3399.5,1217.307,864.658,50.521,1.6665,1.3845,0.0000,0,0.000,0.482,742918d2b495a5ea,1074683736261648151,0,46356,"data/citysim-bench run --city 128x128 --load-state data/M_rush_0700.state --duration 2h  --backend static --threads 24 --window-log data/windows_M_rush_static_24.log"
balance,M_rush,3,static,24,64,-,0,128x128,32,7200,2740106,159409,2504446,76251,2127.185,0.29544,3384.8,1230.446,862.222,88.434,1.6562,1.3819,0.0000,0,0.000,0.542,742918d2b495a5ea,1074683736261648151,0,46332,"data/citysim-bench run --city 128x128 --load-state data/M_rush_0700.state --duration 2h  --backend static --threads 24 --window-log data/windows_M_rush_static_24.log"
balance,M_rush,1,balanced,24,64,cars,1,128x128,32,7200,2740106,159409,2504446,76251,1820.817,0.25289,3954.3,931.819,854.163,27.945,1.4946,1.1915,0.0001,23,0.000,0.458,742918d2b495a5ea,1074683736261648151,0,46332,"data/citysim-bench run --city 128x128 --load-state data/M_rush_0700.state --duration 2h  --backend balanced --cost cars --rebalance-every 1 --threads 24 --window-log data/windows_M_rush_balanced-cars-every1_24.log"
balance,M_rush,2,balanced,24,64,cars,1,128x128,32,7200,2740106,159409,2504446,76251,1887.874,0.26220,3813.8,961.830,891.783,30.045,1.5245,1.1789,0.0001,23,0.000,0.484,742918d2b495a5ea,1074683736261648151,0,46392,"data/citysim-bench run --city 128x128 --load-state data/M_rush_0700.state --duration 2h  --backend balanced --cost cars --rebalance-every 1 --threads 24 --window-log data/windows_M_rush_balanced-cars-every1_24.log"
balance,M_rush,3,balanced,24,64,cars,1,128x128,32,7200,2740106,159409,2504446,76251,2113.493,0.29354,3406.7,1080.248,996.181,185.714,1.5462,1.1603,0.0001,23,0.000,0.499,742918d2b495a5ea,1074683736261648151,0,46376,"data/citysim-bench run --city 128x128 --load-state data/M_rush_0700.state --duration 2h  --backend balanced --cost cars --rebalance-every 1 --threads 24 --window-log data/windows_M_rush_balanced-cars-every1_24.log"
balance,M_rush,1,balanced,24,64,cars,0,128x128,32,7200,2740106,159409,2504446,76251,2060.751,0.28622,3493.9,1112.949,910.625,57.845,1.5884,1.1696,0.0000,0,0.000,0.536,742918d2b495a5ea,1074683736261648151,0,46320,"data/citysim-bench run --city 128x128 --load-state data/M_rush_0700.state --duration 2h  --backend balanced --cost cars --rebalance-every 0 --threads 24 --window-log data/windows_M_rush_balanced-cars-every0_24.log"
balance,M_rush,2,balanced,24,64,cars,0,128x128,32,7200,2740106,159409,2504446,76251,2062.682,0.28648,3490.6,1110.170,914.324,77.395,1.5727,1.1612,0.0000,0,0.000,0.486,742918d2b495a5ea,1074683736261648151,0,46372,"data/citysim-bench run --city 128x128 --load-state data/M_rush_0700.state --duration 2h  --backend balanced --cost cars --rebalance-every 0 --threads 24 --window-log data/windows_M_rush_balanced-cars-every0_24.log"
balance,M_rush,3,balanced,24,64,cars,0,128x128,32,7200,2740106,159409,2504446,76251,1989.546,0.27633,3618.9,1072.993,880.058,52.009,1.5601,1.1751,0.0000,0,0.000,0.540,742918d2b495a5ea,1074683736261648151,0,46332,"data/citysim-bench run --city 128x128 --load-state data/M_rush_0700.state --duration 2h  --backend balanced --cost cars --rebalance-every 0 --threads 24 --window-log data/windows_M_rush_balanced-cars-every0_24.log"
balance,M_rush,1,balanced,24,64,time,1,128x128,32,7200,2740106,159409,2504446,76251,1959.946,0.27221,3673.6,1004.219,920.774,34.279,1.5641,1.1580,0.0004,23,0.000,0.476,742918d2b495a5ea,1074683736261648151,0,46252,"data/citysim-bench run --city 128x128 --load-state data/M_rush_0700.state --duration 2h  --backend balanced --cost time --rebalance-every 1 --threads 24 --window-log data/windows_M_rush_balanced-time-every1_24.log"
balance,M_rush,2,balanced,24,64,time,1,128x128,32,7200,2740106,159409,2504446,76251,2060.309,0.28615,3494.6,1060.183,959.292,111.754,1.5639,1.1704,0.0003,23,0.000,0.555,742918d2b495a5ea,1074683736261648151,0,46332,"data/citysim-bench run --city 128x128 --load-state data/M_rush_0700.state --duration 2h  --backend balanced --cost time --rebalance-every 1 --threads 24 --window-log data/windows_M_rush_balanced-time-every1_24.log"
balance,M_rush,3,balanced,24,64,time,1,128x128,32,7200,2740106,159409,2504446,76251,2200.083,0.30557,3272.6,1133.343,1030.568,235.588,1.5752,1.1563,0.0004,23,0.000,0.474,742918d2b495a5ea,1074683736261648151,0,46300,"data/citysim-bench run --city 128x128 --load-state data/M_rush_0700.state --duration 2h  --backend balanced --cost time --rebalance-every 1 --threads 24 --window-log data/windows_M_rush_balanced-time-every1_24.log"
balance,M_rush,1,balanced,24,64,time,12,128x128,32,7200,2740106,159409,2504446,76251,2097.052,0.29126,3433.4,1103.463,957.320,131.117,1.5788,1.1807,0.0000,1,0.000,0.575,742918d2b495a5ea,1074683736261648151,0,46268,"data/citysim-bench run --city 128x128 --load-state data/M_rush_0700.state --duration 2h  --backend balanced --cost time --rebalance-every 12 --threads 24 --window-log data/windows_M_rush_balanced-time-every12_24.log"
balance,M_rush,2,balanced,24,64,time,12,128x128,32,7200,2740106,159409,2504446,76251,2072.766,0.28788,3473.6,1103.157,934.911,113.161,1.5747,1.1799,0.0000,1,0.000,0.515,742918d2b495a5ea,1074683736261648151,0,46380,"data/citysim-bench run --city 128x128 --load-state data/M_rush_0700.state --duration 2h  --backend balanced --cost time --rebalance-every 12 --threads 24 --window-log data/windows_M_rush_balanced-time-every12_24.log"
balance,M_rush,3,balanced,24,64,time,12,128x128,32,7200,2740106,159409,2504446,76251,1842.587,0.25591,3907.5,972.127,834.742,23.056,1.5091,1.1670,0.0000,1,0.000,0.511,742918d2b495a5ea,1074683736261648151,0,46388,"data/citysim-bench run --city 128x128 --load-state data/M_rush_0700.state --duration 2h  --backend balanced --cost time --rebalance-every 12 --threads 24 --window-log data/windows_M_rush_balanced-time-every12_24.log"
balance,M_rush,1,rayon,24,64,-,0,128x128,32,7200,2740106,159409,2504446,76251,7504.311,1.04227,959.4,3724.813,3763.207,5234.385,1.3376,1.1594,0.9246,0,0.000,0.498,742918d2b495a5ea,1074683736261648151,0,46324,"data/citysim-bench run --city 128x128 --load-state data/M_rush_0700.state --duration 2h  --backend rayon --threads 24 --window-log data/windows_M_rush_rayon_24.log"
balance,M_rush,2,rayon,24,64,-,0,128x128,32,7200,2740106,159409,2504446,76251,7618.659,1.05815,945.0,3788.766,3815.212,5335.646,1.3462,1.1635,0.9245,0,0.000,0.476,742918d2b495a5ea,1074683736261648151,0,46320,"data/citysim-bench run --city 128x128 --load-state data/M_rush_0700.state --duration 2h  --backend rayon --threads 24 --window-log data/windows_M_rush_rayon_24.log"
balance,M_rush,3,rayon,24,64,-,0,128x128,32,7200,2740106,159409,2504446,76251,7847.889,1.08998,917.4,3892.165,3941.081,5585.883,1.3612,1.1722,0.9247,0,0.000,0.480,742918d2b495a5ea,1074683736261648151,0,46332,"data/citysim-bench run --city 128x128 --load-state data/M_rush_0700.state --duration 2h  --backend rayon --threads 24 --window-log data/windows_M_rush_rayon_24.log"
balance,M_rush,1,static,32,64,-,0,128x128,32,7200,2740106,159409,2504446,76251,9816.054,1.36334,733.5,4853.678,4891.731,6399.730,3.0933,1.4942,0.0000,0,0.000,0.477,742918d2b495a5ea,1074683736261648151,0,46200,"data/citysim-bench run --city 128x128 --load-state data/M_rush_0700.state --duration 2h  --backend static --threads 32 --window-log data/windows_M_rush_static_32.log"
balance,M_rush,2,static,32,64,-,0,128x128,32,7200,2740106,159409,2504446,76251,7830.975,1.08764,919.4,3937.005,3816.775,4958.170,2.7176,1.4126,0.0000,0,0.000,0.493,742918d2b495a5ea,1074683736261648151,0,46332,"data/citysim-bench run --city 128x128 --load-state data/M_rush_0700.state --duration 2h  --backend static --threads 32 --window-log data/windows_M_rush_static_32.log"
balance,M_rush,3,static,32,64,-,0,128x128,32,7200,2740106,159409,2504446,76251,6840.800,0.95011,1052.5,3390.546,3382.739,4035.935,2.6988,1.4760,0.0000,0,0.000,0.481,742918d2b495a5ea,1074683736261648151,0,46324,"data/citysim-bench run --city 128x128 --load-state data/M_rush_0700.state --duration 2h  --backend static --threads 32 --window-log data/windows_M_rush_static_32.log"
balance,M_rush,1,balanced,32,64,cars,1,128x128,32,7200,2740106,159409,2504446,76251,8811.194,1.22378,817.1,4421.856,4315.728,5827.537,2.7526,1.2052,0.0001,23,0.000,0.546,742918d2b495a5ea,1074683736261648151,0,46392,"data/citysim-bench run --city 128x128 --load-state data/M_rush_0700.state --duration 2h  --backend balanced --cost cars --rebalance-every 1 --threads 32 --window-log data/windows_M_rush_balanced-cars-every1_32.log"
balance,M_rush,2,balanced,32,64,cars,1,128x128,32,7200,2740106,159409,2504446,76251,6499.352,0.90269,1107.8,3254.635,3184.228,4115.794,2.3169,1.1744,0.0001,23,0.000,0.498,742918d2b495a5ea,1074683736261648151,0,46324,"data/citysim-bench run --city 128x128 --load-state data/M_rush_0700.state --duration 2h  --backend balanced --cost cars --rebalance-every 1 --threads 32 --window-log data/windows_M_rush_balanced-cars-every1_32.log"
balance,M_rush,3,balanced,32,64,cars,1,128x128,32,7200,2740106,159409,2504446,76251,7518.262,1.04420,957.7,3806.574,3649.064,4654.453,2.7216,1.3519,0.0001,23,0.000,0.476,742918d2b495a5ea,1074683736261648151,0,46236,"data/citysim-bench run --city 128x128 --load-state data/M_rush_0700.state --duration 2h  --backend balanced --cost cars --rebalance-every 1 --threads 32 --window-log data/windows_M_rush_balanced-cars-every1_32.log"
balance,M_rush,1,balanced,32,64,cars,0,128x128,32,7200,2740106,159409,2504446,76251,8723.896,1.21165,825.3,4442.831,4209.293,5880.067,2.6425,1.2288,0.0000,0,0.000,0.508,742918d2b495a5ea,1074683736261648151,0,46372,"data/citysim-bench run --city 128x128 --load-state data/M_rush_0700.state --duration 2h  --backend balanced --cost cars --rebalance-every 0 --threads 32 --window-log data/windows_M_rush_balanced-cars-every0_32.log"
balance,M_rush,2,balanced,32,64,cars,0,128x128,32,7200,2740106,159409,2504446,76251,13964.710,1.93954,515.6,7102.113,6783.502,9417.330,3.7877,1.3429,0.0000,0,0.000,0.708,742918d2b495a5ea,1074683736261648151,0,46380,"data/citysim-bench run --city 128x128 --load-state data/M_rush_0700.state --duration 2h  --backend balanced --cost cars --rebalance-every 0 --threads 32 --window-log data/windows_M_rush_balanced-cars-every0_32.log"
balance,M_rush,3,balanced,32,64,cars,0,128x128,32,7200,2740106,159409,2504446,76251,11137.059,1.54681,646.5,5551.587,5523.267,7388.819,3.3322,1.3130,0.0000,0,0.000,0.502,742918d2b495a5ea,1074683736261648151,0,46356,"data/citysim-bench run --city 128x128 --load-state data/M_rush_0700.state --duration 2h  --backend balanced --cost cars --rebalance-every 0 --threads 32 --window-log data/windows_M_rush_balanced-cars-every0_32.log"
balance,M_rush,1,balanced,32,64,time,1,128x128,32,7200,2740106,159409,2504446,76251,7476.946,1.03846,963.0,3766.163,3624.372,4993.128,2.3482,1.1827,0.0004,23,0.000,0.481,742918d2b495a5ea,1074683736261648151,0,46376,"data/citysim-bench run --city 128x128 --load-state data/M_rush_0700.state --duration 2h  --backend balanced --cost time --rebalance-every 1 --threads 32 --window-log data/windows_M_rush_balanced-time-every1_32.log"
balance,M_rush,2,balanced,32,64,time,1,128x128,32,7200,2740106,159409,2504446,76251,6543.086,0.90876,1100.4,3208.788,3274.198,3972.998,2.4695,1.2870,0.0005,23,0.000,0.510,742918d2b495a5ea,1074683736261648151,0,46348,"data/citysim-bench run --city 128x128 --load-state data/M_rush_0700.state --duration 2h  --backend balanced --cost time --rebalance-every 1 --threads 32 --window-log data/windows_M_rush_balanced-time-every1_32.log"
balance,M_rush,3,balanced,32,64,time,1,128x128,32,7200,2740106,159409,2504446,76251,11664.596,1.62008,617.3,5846.302,5750.378,7940.154,3.3017,1.2862,0.0005,23,0.000,0.487,742918d2b495a5ea,1074683736261648151,0,46268,"data/citysim-bench run --city 128x128 --load-state data/M_rush_0700.state --duration 2h  --backend balanced --cost time --rebalance-every 1 --threads 32 --window-log data/windows_M_rush_balanced-time-every1_32.log"
balance,M_rush,1,balanced,32,64,time,12,128x128,32,7200,2740106,159409,2504446,76251,15106.968,2.09819,476.6,7678.547,7362.774,10733.728,3.7519,1.4383,0.0000,1,0.000,0.513,742918d2b495a5ea,1074683736261648151,0,46332,"data/citysim-bench run --city 128x128 --load-state data/M_rush_0700.state --duration 2h  --backend balanced --cost time --rebalance-every 12 --threads 32 --window-log data/windows_M_rush_balanced-time-every12_32.log"
balance,M_rush,2,balanced,32,64,time,12,128x128,32,7200,2740106,159409,2504446,76251,8246.858,1.14540,873.1,4126.595,4055.589,5342.609,2.6995,1.2727,0.0000,1,0.000,0.459,742918d2b495a5ea,1074683736261648151,0,46324,"data/citysim-bench run --city 128x128 --load-state data/M_rush_0700.state --duration 2h  --backend balanced --cost time --rebalance-every 12 --threads 32 --window-log data/windows_M_rush_balanced-time-every12_32.log"
balance,M_rush,3,balanced,32,64,time,12,128x128,32,7200,2740106,159409,2504446,76251,11158.912,1.54985,645.2,5499.743,5581.546,7718.161,3.0531,1.2237,0.0000,1,0.000,0.485,742918d2b495a5ea,1074683736261648151,0,46332,"data/citysim-bench run --city 128x128 --load-state data/M_rush_0700.state --duration 2h  --backend balanced --cost time --rebalance-every 12 --threads 32 --window-log data/windows_M_rush_balanced-time-every12_32.log"
balance,M_rush,1,rayon,32,64,-,0,128x128,32,7200,2740106,159409,2504446,76251,14499.294,2.01379,496.6,7157.558,7325.957,12330.915,1.6832,1.1934,0.9491,0,0.000,0.450,742918d2b495a5ea,1074683736261648151,0,46612,"data/citysim-bench run --city 128x128 --load-state data/M_rush_0700.state --duration 2h  --backend rayon --threads 32 --window-log data/windows_M_rush_rayon_32.log"
balance,M_rush,2,rayon,32,64,-,0,128x128,32,7200,2740106,159409,2504446,76251,13644.712,1.89510,527.7,6748.394,6879.134,11516.766,1.6543,1.1826,0.9492,0,0.000,0.527,742918d2b495a5ea,1074683736261648151,0,46612,"data/citysim-bench run --city 128x128 --load-state data/M_rush_0700.state --duration 2h  --backend rayon --threads 32 --window-log data/windows_M_rush_rayon_32.log"
balance,M_rush,3,rayon,32,64,-,0,128x128,32,7200,2740106,159409,2504446,76251,12306.532,1.70924,585.1,6068.553,6222.803,10178.899,1.5991,1.1758,0.9492,0,0.000,0.474,742918d2b495a5ea,1074683736261648151,0,46568,"data/citysim-bench run --city 128x128 --load-state data/M_rush_0700.state --duration 2h  --backend rayon --threads 32 --window-log data/windows_M_rush_rayon_32.log"
balance,M_event,1,static,8,64,-,0,128x128,32,7200,3068759,176411,2750784,141564,5377.510,0.74688,1338.9,3080.457,2285.774,30.415,1.5691,1.2434,0.0000,0,0.000,0.539,12d72e96b85d454e,13068427966187912454,0,46348,"data/citysim-bench run --city 128x128 --load-state data/M_rush_0700.state --duration 2h --event 96,96,08:00,60 --backend static --threads 8 --window-log data/windows_M_event_static_8.log"
balance,M_event,2,static,8,64,-,0,128x128,32,7200,3068759,176411,2750784,141564,4679.562,0.64994,1538.6,2654.785,2014.846,40.893,1.5445,1.2502,0.0000,0,0.000,0.507,12d72e96b85d454e,13068427966187912454,0,46324,"data/citysim-bench run --city 128x128 --load-state data/M_rush_0700.state --duration 2h --event 96,96,08:00,60 --backend static --threads 8 --window-log data/windows_M_event_static_8.log"
balance,M_event,3,static,8,64,-,0,128x128,32,7200,3068759,176411,2750784,141564,5023.138,0.69766,1433.4,2865.545,2146.128,23.929,1.5429,1.2371,0.0000,0,0.000,0.474,12d72e96b85d454e,13068427966187912454,0,46268,"data/citysim-bench run --city 128x128 --load-state data/M_rush_0700.state --duration 2h --event 96,96,08:00,60 --backend static --threads 8 --window-log data/windows_M_event_static_8.log"
balance,M_event,1,balanced,8,64,cars,1,128x128,32,7200,3068759,176411,2750784,141564,5072.402,0.70450,1419.4,2630.548,2429.562,24.242,1.5649,1.2475,0.0001,23,0.000,0.502,12d72e96b85d454e,13068427966187912454,0,46392,"data/citysim-bench run --city 128x128 --load-state data/M_rush_0700.state --duration 2h --event 96,96,08:00,60 --backend balanced --cost cars --rebalance-every 1 --threads 8 --window-log data/windows_M_event_balanced-cars-every1_8.log"
balance,M_event,2,balanced,8,64,cars,1,128x128,32,7200,3068759,176411,2750784,141564,4404.742,0.61177,1634.6,2282.669,2110.947,23.899,1.5275,1.2498,0.0001,23,0.000,0.543,12d72e96b85d454e,13068427966187912454,0,46348,"data/citysim-bench run --city 128x128 --load-state data/M_rush_0700.state --duration 2h --event 96,96,08:00,60 --backend balanced --cost cars --rebalance-every 1 --threads 8 --window-log data/windows_M_event_balanced-cars-every1_8.log"
balance,M_event,3,balanced,8,64,cars,1,128x128,32,7200,3068759,176411,2750784,141564,5048.755,0.70122,1426.1,2624.408,2413.074,25.975,1.5649,1.2474,0.0001,23,0.000,0.480,12d72e96b85d454e,13068427966187912454,0,46324,"data/citysim-bench run --city 128x128 --load-state data/M_rush_0700.state --duration 2h --event 96,96,08:00,60 --backend balanced --cost cars --rebalance-every 1 --threads 8 --window-log data/windows_M_event_balanced-cars-every1_8.log"
balance,M_event,1,balanced,8,64,cars,0,128x128,32,7200,3068759,176411,2750784,141564,5074.963,0.70486,1418.7,2785.506,2278.903,24.856,1.5353,1.2092,0.0000,0,0.000,0.496,12d72e96b85d454e,13068427966187912454,0,46332,"data/citysim-bench run --city 128x128 --load-state data/M_rush_0700.state --duration 2h --event 96,96,08:00,60 --backend balanced --cost cars --rebalance-every 0 --threads 8 --window-log data/windows_M_event_balanced-cars-every0_8.log"
balance,M_event,2,balanced,8,64,cars,0,128x128,32,7200,3068759,176411,2750784,141564,4269.975,0.59305,1686.2,2351.695,1907.512,23.543,1.4913,1.2194,0.0000,0,0.000,0.470,12d72e96b85d454e,13068427966187912454,0,46324,"data/citysim-bench run --city 128x128 --load-state data/M_rush_0700.state --duration 2h --event 96,96,08:00,60 --backend balanced --cost cars --rebalance-every 0 --threads 8 --window-log data/windows_M_event_balanced-cars-every0_8.log"
balance,M_event,3,balanced,8,64,cars,0,128x128,32,7200,3068759,176411,2750784,141564,4276.956,0.59402,1683.4,2358.417,1908.097,24.938,1.4909,1.2046,0.0000,0,0.000,0.488,12d72e96b85d454e,13068427966187912454,0,46260,"data/citysim-bench run --city 128x128 --load-state data/M_rush_0700.state --duration 2h --event 96,96,08:00,60 --backend balanced --cost cars --rebalance-every 0 --threads 8 --window-log data/windows_M_event_balanced-cars-every0_8.log"
balance,M_event,1,balanced,8,64,time,1,128x128,32,7200,3068759,176411,2750784,141564,4236.055,0.58834,1699.7,2250.277,1975.402,24.517,1.4685,1.1094,0.0002,23,0.000,0.486,12d72e96b85d454e,13068427966187912454,0,46388,"data/citysim-bench run --city 128x128 --load-state data/M_rush_0700.state --duration 2h --event 96,96,08:00,60 --backend balanced --cost time --rebalance-every 1 --threads 8 --window-log data/windows_M_event_balanced-time-every1_8.log"
balance,M_event,2,balanced,8,64,time,1,128x128,32,7200,3068759,176411,2750784,141564,5103.324,0.70880,1410.8,2718.005,2373.974,25.559,1.5108,1.1244,0.0002,23,0.000,0.536,12d72e96b85d454e,13068427966187912454,0,46268,"data/citysim-bench run --city 128x128 --load-state data/M_rush_0700.state --duration 2h --event 96,96,08:00,60 --backend balanced --cost time --rebalance-every 1 --threads 8 --window-log data/windows_M_event_balanced-time-every1_8.log"
balance,M_event,3,balanced,8,64,time,1,128x128,32,7200,3068759,176411,2750784,141564,4808.906,0.66790,1497.2,2563.695,2233.969,28.273,1.5066,1.1202,0.0001,23,0.000,0.526,12d72e96b85d454e,13068427966187912454,0,46240,"data/citysim-bench run --city 128x128 --load-state data/M_rush_0700.state --duration 2h --event 96,96,08:00,60 --backend balanced --cost time --rebalance-every 1 --threads 8 --window-log data/windows_M_event_balanced-time-every1_8.log"
balance,M_event,1,balanced,8,64,time,12,128x128,32,7200,3068759,176411,2750784,141564,4470.596,0.62092,1610.5,2458.979,2000.423,24.384,1.5290,1.2615,0.0000,1,0.000,0.485,12d72e96b85d454e,13068427966187912454,0,46076,"data/citysim-bench run --city 128x128 --load-state data/M_rush_0700.state --duration 2h --event 96,96,08:00,60 --backend balanced --cost time --rebalance-every 12 --threads 8 --window-log data/windows_M_event_balanced-time-every12_8.log"
balance,M_event,2,balanced,8,64,time,12,128x128,32,7200,3068759,176411,2750784,141564,4338.004,0.60250,1659.7,2357.918,1969.175,23.853,1.4997,1.2026,0.0000,1,0.000,0.486,12d72e96b85d454e,13068427966187912454,0,46296,"data/citysim-bench run --city 128x128 --load-state data/M_rush_0700.state --duration 2h --event 96,96,08:00,60 --backend balanced --cost time --rebalance-every 12 --threads 8 --window-log data/windows_M_event_balanced-time-every12_8.log"
balance,M_event,3,balanced,8,64,time,12,128x128,32,7200,3068759,176411,2750784,141564,4429.717,0.61524,1625.4,2435.076,1982.972,25.629,1.5138,1.2353,0.0000,1,0.000,0.495,12d72e96b85d454e,13068427966187912454,0,46364,"data/citysim-bench run --city 128x128 --load-state data/M_rush_0700.state --duration 2h --event 96,96,08:00,60 --backend balanced --cost time --rebalance-every 12 --threads 8 --window-log data/windows_M_event_balanced-time-every12_8.log"
balance,M_event,1,rayon,8,64,-,0,128x128,32,7200,3068759,176411,2750784,141564,6112.622,0.84898,1177.9,3440.895,2665.269,2156.904,1.1127,1.0944,0.8002,0,0.000,0.466,12d72e96b85d454e,13068427966187912454,0,46268,"data/citysim-bench run --city 128x128 --load-state data/M_rush_0700.state --duration 2h --event 96,96,08:00,60 --backend rayon --threads 8 --window-log data/windows_M_event_rayon_8.log"
balance,M_event,2,rayon,8,64,-,0,128x128,32,7200,3068759,176411,2750784,141564,6618.546,0.91924,1087.9,3707.332,2904.229,2484.794,1.1140,1.0940,0.8003,0,0.000,0.491,12d72e96b85d454e,13068427966187912454,0,46332,"data/citysim-bench run --city 128x128 --load-state data/M_rush_0700.state --duration 2h --event 96,96,08:00,60 --backend rayon --threads 8 --window-log data/windows_M_event_rayon_8.log"
balance,M_event,3,rayon,8,64,-,0,128x128,32,7200,3068759,176411,2750784,141564,7171.490,0.99604,1004.0,3985.684,3178.079,2907.917,1.1175,1.0936,0.8004,0,0.000,0.467,12d72e96b85d454e,13068427966187912454,0,46380,"data/citysim-bench run --city 128x128 --load-state data/M_rush_0700.state --duration 2h --event 96,96,08:00,60 --backend rayon --threads 8 --window-log data/windows_M_event_rayon_8.log"
balance,M_event,1,static,16,64,-,0,128x128,32,7200,3068759,176411,2750784,141564,2910.838,0.40428,2473.5,1743.616,1145.434,19.384,1.5994,1.3340,0.0000,0,0.000,0.480,12d72e96b85d454e,13068427966187912454,0,46332,"data/citysim-bench run --city 128x128 --load-state data/M_rush_0700.state --duration 2h --event 96,96,08:00,60 --backend static --threads 16 --window-log data/windows_M_event_static_16.log"
balance,M_event,2,static,16,64,-,0,128x128,32,7200,3068759,176411,2750784,141564,2934.598,0.40758,2453.5,1751.825,1161.069,37.552,1.6154,1.3388,0.0000,0,0.000,0.514,12d72e96b85d454e,13068427966187912454,0,46364,"data/citysim-bench run --city 128x128 --load-state data/M_rush_0700.state --duration 2h --event 96,96,08:00,60 --backend static --threads 16 --window-log data/windows_M_event_static_16.log"
balance,M_event,3,static,16,64,-,0,128x128,32,7200,3068759,176411,2750784,141564,2978.499,0.41368,2417.3,1785.688,1171.533,20.058,1.6202,1.3260,0.0000,0,0.000,0.523,12d72e96b85d454e,13068427966187912454,0,46332,"data/citysim-bench run --city 128x128 --load-state data/M_rush_0700.state --duration 2h --event 96,96,08:00,60 --backend static --threads 16 --window-log data/windows_M_event_static_16.log"
balance,M_event,1,balanced,16,64,cars,1,128x128,32,7200,3068759,176411,2750784,141564,2943.063,0.40876,2446.4,1516.505,1403.507,21.196,1.5993,1.2491,0.0002,23,0.000,0.500,12d72e96b85d454e,13068427966187912454,0,46388,"data/citysim-bench run --city 128x128 --load-state data/M_rush_0700.state --duration 2h --event 96,96,08:00,60 --backend balanced --cost cars --rebalance-every 1 --threads 16 --window-log data/windows_M_event_balanced-cars-every1_16.log"
balance,M_event,2,balanced,16,64,cars,1,128x128,32,7200,3068759,176411,2750784,141564,2933.290,0.40740,2454.6,1513.281,1398.690,22.503,1.6034,1.2328,0.0002,23,0.000,0.510,12d72e96b85d454e,13068427966187912454,0,46292,"data/citysim-bench run --city 128x128 --load-state data/M_rush_0700.state --duration 2h --event 96,96,08:00,60 --backend balanced --cost cars --rebalance-every 1 --threads 16 --window-log data/windows_M_event_balanced-cars-every1_16.log"
balance,M_event,3,balanced,16,64,cars,1,128x128,32,7200,3068759,176411,2750784,141564,2948.308,0.40949,2442.1,1519.715,1406.514,21.905,1.5984,1.2244,0.0002,23,0.000,0.504,12d72e96b85d454e,13068427966187912454,0,46268,"data/citysim-bench run --city 128x128 --load-state data/M_rush_0700.state --duration 2h --event 96,96,08:00,60 --backend balanced --cost cars --rebalance-every 1 --threads 16 --window-log data/windows_M_event_balanced-cars-every1_16.log"
balance,M_event,1,balanced,16,64,cars,0,128x128,32,7200,3068759,176411,2750784,141564,2874.181,0.39919,2505.1,1642.630,1210.763,22.102,1.5627,1.2441,0.0000,0,0.000,0.503,12d72e96b85d454e,13068427966187912454,0,46372,"data/citysim-bench run --city 128x128 --load-state data/M_rush_0700.state --duration 2h --event 96,96,08:00,60 --backend balanced --cost cars --rebalance-every 0 --threads 16 --window-log data/windows_M_event_balanced-cars-every0_16.log"
balance,M_event,2,balanced,16,64,cars,0,128x128,32,7200,3068759,176411,2750784,141564,2878.037,0.39973,2501.7,1645.523,1209.970,20.041,1.5572,1.2394,0.0000,0,0.000,0.490,12d72e96b85d454e,13068427966187912454,0,46240,"data/citysim-bench run --city 128x128 --load-state data/M_rush_0700.state --duration 2h --event 96,96,08:00,60 --backend balanced --cost cars --rebalance-every 0 --threads 16 --window-log data/windows_M_event_balanced-cars-every0_16.log"
balance,M_event,3,balanced,16,64,cars,0,128x128,32,7200,3068759,176411,2750784,141564,2858.891,0.39707,2518.5,1627.940,1196.563,20.260,1.5547,1.2336,0.0000,0,0.000,0.494,12d72e96b85d454e,13068427966187912454,0,46332,"data/citysim-bench run --city 128x128 --load-state data/M_rush_0700.state --duration 2h --event 96,96,08:00,60 --backend balanced --cost cars --rebalance-every 0 --threads 16 --window-log data/windows_M_event_balanced-cars-every0_16.log"
balance,M_event,1,balanced,16,64,time,1,128x128,32,7200,3068759,176411,2750784,141564,2793.766,0.38802,2577.2,1491.125,1280.872,20.457,1.5456,1.1659,0.0004,23,0.000,0.497,12d72e96b85d454e,13068427966187912454,0,46320,"data/citysim-bench run --city 128x128 --load-state data/M_rush_0700.state --duration 2h --event 96,96,08:00,60 --backend balanced --cost time --rebalance-every 1 --threads 16 --window-log data/windows_M_event_balanced-time-every1_16.log"
balance,M_event,2,balanced,16,64,time,1,128x128,32,7200,3068759,176411,2750784,141564,2783.119,0.38654,2587.0,1484.998,1277.241,20.651,1.5487,1.1848,0.0005,23,0.000,0.485,12d72e96b85d454e,13068427966187912454,0,46376,"data/citysim-bench run --city 128x128 --load-state data/M_rush_0700.state --duration 2h --event 96,96,08:00,60 --backend balanced --cost time --rebalance-every 1 --threads 16 --window-log data/windows_M_event_balanced-time-every1_16.log"
balance,M_event,3,balanced,16,64,time,1,128x128,32,7200,3068759,176411,2750784,141564,2846.579,0.39536,2529.4,1521.024,1304.123,29.865,1.5712,1.1810,0.0003,23,0.000,0.502,12d72e96b85d454e,13068427966187912454,0,46332,"data/citysim-bench run --city 128x128 --load-state data/M_rush_0700.state --duration 2h --event 96,96,08:00,60 --backend balanced --cost time --rebalance-every 1 --threads 16 --window-log data/windows_M_event_balanced-time-every1_16.log"
balance,M_event,1,balanced,16,64,time,12,128x128,32,7200,3068759,176411,2750784,141564,2870.936,0.39874,2507.9,1610.113,1239.181,20.039,1.5975,1.2555,0.0000,1,0.000,0.550,12d72e96b85d454e,13068427966187912454,0,46364,"data/citysim-bench run --city 128x128 --load-state data/M_rush_0700.state --duration 2h --event 96,96,08:00,60 --backend balanced --cost time --rebalance-every 12 --threads 16 --window-log data/windows_M_event_balanced-time-every12_16.log"
balance,M_event,2,balanced,16,64,time,12,128x128,32,7200,3068759,176411,2750784,141564,2924.239,0.40614,2462.2,1661.056,1240.262,20.081,1.6238,1.3363,0.0000,1,0.000,0.502,12d72e96b85d454e,13068427966187912454,0,46332,"data/citysim-bench run --city 128x128 --load-state data/M_rush_0700.state --duration 2h --event 96,96,08:00,60 --backend balanced --cost time --rebalance-every 12 --threads 16 --window-log data/windows_M_event_balanced-time-every12_16.log"
balance,M_event,3,balanced,16,64,time,12,128x128,32,7200,3068759,176411,2750784,141564,2891.485,0.40160,2490.1,1641.026,1229.898,19.966,1.5977,1.2984,0.0000,1,0.000,0.491,12d72e96b85d454e,13068427966187912454,0,46376,"data/citysim-bench run --city 128x128 --load-state data/M_rush_0700.state --duration 2h --event 96,96,08:00,60 --backend balanced --cost time --rebalance-every 12 --threads 16 --window-log data/windows_M_event_balanced-time-every12_16.log"
balance,M_event,1,rayon,16,64,-,0,128x128,32,7200,3068759,176411,2750784,141564,7320.827,1.01678,983.5,4041.077,3268.875,4454.313,1.2424,1.1209,0.8967,0,0.000,0.470,12d72e96b85d454e,13068427966187912454,0,46380,"data/citysim-bench run --city 128x128 --load-state data/M_rush_0700.state --duration 2h --event 96,96,08:00,60 --backend rayon --threads 16 --window-log data/windows_M_event_rayon_16.log"
balance,M_event,2,rayon,16,64,-,0,128x128,32,7200,3068759,176411,2750784,141564,7638.711,1.06093,942.6,4198.401,3428.724,4743.501,1.2376,1.1066,0.8987,0,0.000,0.484,12d72e96b85d454e,13068427966187912454,0,46348,"data/citysim-bench run --city 128x128 --load-state data/M_rush_0700.state --duration 2h --event 96,96,08:00,60 --backend rayon --threads 16 --window-log data/windows_M_event_rayon_16.log"
balance,M_event,3,rayon,16,64,-,0,128x128,32,7200,3068759,176411,2750784,141564,7099.757,0.98608,1014.1,3897.725,3191.693,4282.423,1.2390,1.1202,0.8968,0,0.000,0.485,12d72e96b85d454e,13068427966187912454,0,46272,"data/citysim-bench run --city 128x128 --load-state data/M_rush_0700.state --duration 2h --event 96,96,08:00,60 --backend rayon --threads 16 --window-log data/windows_M_event_rayon_16.log"
balance,M_event,1,static,24,64,-,0,128x128,32,7200,3068759,176411,2750784,141564,2147.537,0.29827,3352.7,1277.763,835.661,22.312,1.6131,1.3649,0.0000,0,0.000,0.461,12d72e96b85d454e,13068427966187912454,0,46308,"data/citysim-bench run --city 128x128 --load-state data/M_rush_0700.state --duration 2h --event 96,96,08:00,60 --backend static --threads 24 --window-log data/windows_M_event_static_24.log"
balance,M_event,2,static,24,64,-,0,128x128,32,7200,3068759,176411,2750784,141564,2142.798,0.29761,3360.1,1273.693,833.236,22.835,1.6113,1.3689,0.0000,0,0.000,0.493,12d72e96b85d454e,13068427966187912454,0,46332,"data/citysim-bench run --city 128x128 --load-state data/M_rush_0700.state --duration 2h --event 96,96,08:00,60 --backend static --threads 24 --window-log data/windows_M_event_static_24.log"
balance,M_event,3,static,24,64,-,0,128x128,32,7200,3068759,176411,2750784,141564,2187.963,0.30388,3290.7,1288.029,867.067,68.498,1.6124,1.3487,0.0000,0,0.000,0.488,12d72e96b85d454e,13068427966187912454,0,46356,"data/citysim-bench run --city 128x128 --load-state data/M_rush_0700.state --duration 2h --event 96,96,08:00,60 --backend static --threads 24 --window-log data/windows_M_event_static_24.log"
balance,M_event,1,balanced,24,64,cars,1,128x128,32,7200,3068759,176411,2750784,141564,2090.851,0.29040,3443.6,1071.741,984.094,28.003,1.5729,1.2432,0.0003,23,0.000,0.517,12d72e96b85d454e,13068427966187912454,0,46348,"data/citysim-bench run --city 128x128 --load-state data/M_rush_0700.state --duration 2h --event 96,96,08:00,60 --backend balanced --cost cars --rebalance-every 1 --threads 24 --window-log data/windows_M_event_balanced-cars-every1_24.log"
balance,M_event,2,balanced,24,64,cars,1,128x128,32,7200,3068759,176411,2750784,141564,2096.917,0.29124,3433.6,1065.472,997.121,25.535,1.5788,1.2527,0.0003,23,0.000,0.529,12d72e96b85d454e,13068427966187912454,0,46388,"data/citysim-bench run --city 128x128 --load-state data/M_rush_0700.state --duration 2h --event 96,96,08:00,60 --backend balanced --cost cars --rebalance-every 1 --threads 24 --window-log data/windows_M_event_balanced-cars-every1_24.log"
balance,M_event,3,balanced,24,64,cars,1,128x128,32,7200,3068759,176411,2750784,141564,2099.590,0.29161,3429.2,1068.127,996.288,26.805,1.5739,1.2329,0.0003,23,0.000,0.496,12d72e96b85d454e,13068427966187912454,0,46320,"data/citysim-bench run --city 128x128 --load-state data/M_rush_0700.state --duration 2h --event 96,96,08:00,60 --backend balanced --cost cars --rebalance-every 1 --threads 24 --window-log data/windows_M_event_balanced-cars-every1_24.log"
balance,M_event,1,balanced,24,64,cars,0,128x128,32,7200,3068759,176411,2750784,141564,2085.205,0.28961,3452.9,1190.853,859.198,27.528,1.5579,1.2688,0.0000,0,0.000,0.515,12d72e96b85d454e,13068427966187912454,0,46332,"data/citysim-bench run --city 128x128 --load-state data/M_rush_0700.state --duration 2h --event 96,96,08:00,60 --backend balanced --cost cars --rebalance-every 0 --threads 24 --window-log data/windows_M_event_balanced-cars-every0_24.log"
balance,M_event,2,balanced,24,64,cars,0,128x128,32,7200,3068759,176411,2750784,141564,1997.727,0.27746,3604.1,1139.878,824.271,18.107,1.5128,1.2585,0.0000,0,0.000,0.463,12d72e96b85d454e,13068427966187912454,0,46316,"data/citysim-bench run --city 128x128 --load-state data/M_rush_0700.state --duration 2h --event 96,96,08:00,60 --backend balanced --cost cars --rebalance-every 0 --threads 24 --window-log data/windows_M_event_balanced-cars-every0_24.log"
balance,M_event,3,balanced,24,64,cars,0,128x128,32,7200,3068759,176411,2750784,141564,2032.970,0.28236,3541.6,1166.290,831.585,20.541,1.5294,1.2832,0.0000,0,0.000,0.508,12d72e96b85d454e,13068427966187912454,0,46332,"data/citysim-bench run --city 128x128 --load-state data/M_rush_0700.state --duration 2h --event 96,96,08:00,60 --backend balanced --cost cars --rebalance-every 0 --threads 24 --window-log data/windows_M_event_balanced-cars-every0_24.log"
balance,M_event,1,balanced,24,64,time,1,128x128,32,7200,3068759,176411,2750784,141564,2018.176,0.28030,3567.6,1059.779,924.012,20.669,1.5252,1.1879,0.0005,23,0.000,0.532,12d72e96b85d454e,13068427966187912454,0,46356,"data/citysim-bench run --city 128x128 --load-state data/M_rush_0700.state --duration 2h --event 96,96,08:00,60 --backend balanced --cost time --rebalance-every 1 --threads 24 --window-log data/windows_M_event_balanced-time-every1_24.log"
balance,M_event,2,balanced,24,64,time,1,128x128,32,7200,3068759,176411,2750784,141564,2020.947,0.28069,3562.7,1058.181,927.466,20.335,1.5095,1.1705,0.0004,23,0.000,0.510,12d72e96b85d454e,13068427966187912454,0,46372,"data/citysim-bench run --city 128x128 --load-state data/M_rush_0700.state --duration 2h --event 96,96,08:00,60 --backend balanced --cost time --rebalance-every 1 --threads 24 --window-log data/windows_M_event_balanced-time-every1_24.log"
balance,M_event,3,balanced,24,64,time,1,128x128,32,7200,3068759,176411,2750784,141564,2041.525,0.28355,3526.8,1069.896,935.396,19.858,1.5313,1.1917,0.0005,23,0.000,0.486,12d72e96b85d454e,13068427966187912454,0,46308,"data/citysim-bench run --city 128x128 --load-state data/M_rush_0700.state --duration 2h --event 96,96,08:00,60 --backend balanced --cost time --rebalance-every 1 --threads 24 --window-log data/windows_M_event_balanced-time-every1_24.log"
balance,M_event,1,balanced,24,64,time,12,128x128,32,7200,3068759,176411,2750784,141564,2094.583,0.29091,3437.4,1166.369,893.119,21.362,1.5728,1.2917,0.0000,1,0.000,0.494,12d72e96b85d454e,13068427966187912454,0,46268,"data/citysim-bench run --city 128x128 --load-state data/M_rush_0700.state --duration 2h --event 96,96,08:00,60 --backend balanced --cost time --rebalance-every 12 --threads 24 --window-log data/windows_M_event_balanced-time-every12_24.log"
balance,M_event,2,balanced,24,64,time,12,128x128,32,7200,3068759,176411,2750784,141564,2101.356,0.29185,3426.4,1157.579,910.275,21.741,1.5719,1.2352,0.0000,1,0.000,0.520,12d72e96b85d454e,13068427966187912454,0,46348,"data/citysim-bench run --city 128x128 --load-state data/M_rush_0700.state --duration 2h --event 96,96,08:00,60 --backend balanced --cost time --rebalance-every 12 --threads 24 --window-log data/windows_M_event_balanced-time-every12_24.log"
balance,M_event,3,balanced,24,64,time,12,128x128,32,7200,3068759,176411,2750784,141564,2130.757,0.29594,3379.1,1198.870,898.330,22.183,1.6025,1.2873,0.0000,1,0.000,0.490,12d72e96b85d454e,13068427966187912454,0,46356,"data/citysim-bench run --city 128x128 --load-state data/M_rush_0700.state --duration 2h --event 96,96,08:00,60 --backend balanced --cost time --rebalance-every 12 --threads 24 --window-log data/windows_M_event_balanced-time-every12_24.log"
balance,M_event,1,rayon,24,64,-,0,128x128,32,7200,3068759,176411,2750784,141564,8843.410,1.22825,814.2,4435.811,4394.260,6471.570,1.4139,1.2041,0.9234,0,0.000,0.465,12d72e96b85d454e,13068427966187912454,0,46348,"data/citysim-bench run --city 128x128 --load-state data/M_rush_0700.state --duration 2h --event 96,96,08:00,60 --backend rayon --threads 24 --window-log data/windows_M_event_rayon_24.log"
balance,M_event,2,rayon,24,64,-,0,128x128,32,7200,3068759,176411,2750784,141564,8775.865,1.21887,820.4,4403.172,4359.598,6412.854,1.4061,1.2041,0.9233,0,0.000,0.474,12d72e96b85d454e,13068427966187912454,0,46392,"data/citysim-bench run --city 128x128 --load-state data/M_rush_0700.state --duration 2h --event 96,96,08:00,60 --backend rayon --threads 24 --window-log data/windows_M_event_rayon_24.log"
balance,M_event,3,rayon,24,64,-,0,128x128,32,7200,3068759,176411,2750784,141564,8895.552,1.23549,809.4,4488.947,4391.408,6378.618,1.3741,1.1853,0.9243,0,0.000,0.507,12d72e96b85d454e,13068427966187912454,0,46332,"data/citysim-bench run --city 128x128 --load-state data/M_rush_0700.state --duration 2h --event 96,96,08:00,60 --backend rayon --threads 24 --window-log data/windows_M_event_rayon_24.log"
balance,M_event,1,static,32,64,-,0,128x128,32,7200,3068759,176411,2750784,141564,5854.093,0.81307,1229.9,2998.494,2797.467,3227.410,2.3172,1.3364,0.0000,0,0.000,0.492,12d72e96b85d454e,13068427966187912454,0,46360,"data/citysim-bench run --city 128x128 --load-state data/M_rush_0700.state --duration 2h --event 96,96,08:00,60 --backend static --threads 32 --window-log data/windows_M_event_static_32.log"
balance,M_event,2,static,32,64,-,0,128x128,32,7200,3068759,176411,2750784,141564,4816.531,0.66896,1494.9,2500.033,2259.466,2441.450,2.1497,1.3554,0.0000,0,0.000,0.490,12d72e96b85d454e,13068427966187912454,0,46376,"data/citysim-bench run --city 128x128 --load-state data/M_rush_0700.state --duration 2h --event 96,96,08:00,60 --backend static --threads 32 --window-log data/windows_M_event_static_32.log"
balance,M_event,3,static,32,64,-,0,128x128,32,7200,3068759,176411,2750784,141564,4759.187,0.66100,1512.9,2380.999,2319.448,2382.149,2.1470,1.3309,0.0000,0,0.000,0.503,12d72e96b85d454e,13068427966187912454,0,46236,"data/citysim-bench run --city 128x128 --load-state data/M_rush_0700.state --duration 2h --event 96,96,08:00,60 --backend static --threads 32 --window-log data/windows_M_event_static_32.log"
balance,M_event,1,balanced,32,64,cars,1,128x128,32,7200,3068759,176411,2750784,141564,5477.979,0.76083,1314.4,2665.217,2756.034,2973.886,2.2147,1.2408,0.0003,23,0.000,0.528,12d72e96b85d454e,13068427966187912454,0,46348,"data/citysim-bench run --city 128x128 --load-state data/M_rush_0700.state --duration 2h --event 96,96,08:00,60 --backend balanced --cost cars --rebalance-every 1 --threads 32 --window-log data/windows_M_event_balanced-cars-every1_32.log"
balance,M_event,2,balanced,32,64,cars,1,128x128,32,7200,3068759,176411,2750784,141564,6013.817,0.83525,1197.2,3001.091,2954.989,3400.221,2.3034,1.2458,0.0003,23,0.000,0.494,12d72e96b85d454e,13068427966187912454,0,46316,"data/citysim-bench run --city 128x128 --load-state data/M_rush_0700.state --duration 2h --event 96,96,08:00,60 --backend balanced --cost cars --rebalance-every 1 --threads 32 --window-log data/windows_M_event_balanced-cars-every1_32.log"
balance,M_event,3,balanced,32,64,cars,1,128x128,32,7200,3068759,176411,2750784,141564,5479.021,0.76098,1314.1,2671.599,2747.568,2942.701,2.2434,1.2420,0.0003,23,0.000,0.489,12d72e96b85d454e,13068427966187912454,0,46316,"data/citysim-bench run --city 128x128 --load-state data/M_rush_0700.state --duration 2h --event 96,96,08:00,60 --backend balanced --cost cars --rebalance-every 1 --threads 32 --window-log data/windows_M_event_balanced-cars-every1_32.log"
balance,M_event,1,balanced,32,64,cars,0,128x128,32,7200,3068759,176411,2750784,141564,5905.156,0.82016,1219.3,2966.790,2881.072,3363.318,2.2499,1.2727,0.0000,0,0.000,0.571,12d72e96b85d454e,13068427966187912454,0,46364,"data/citysim-bench run --city 128x128 --load-state data/M_rush_0700.state --duration 2h --event 96,96,08:00,60 --backend balanced --cost cars --rebalance-every 0 --threads 32 --window-log data/windows_M_event_balanced-cars-every0_32.log"
balance,M_event,2,balanced,32,64,cars,0,128x128,32,7200,3068759,176411,2750784,141564,4872.249,0.67670,1477.8,2550.520,2264.987,2471.282,2.1535,1.2798,0.0000,0,0.000,0.496,12d72e96b85d454e,13068427966187912454,0,46372,"data/citysim-bench run --city 128x128 --load-state data/M_rush_0700.state --duration 2h --event 96,96,08:00,60 --backend balanced --cost cars --rebalance-every 0 --threads 32 --window-log data/windows_M_event_balanced-cars-every0_32.log"
balance,M_event,3,balanced,32,64,cars,0,128x128,32,7200,3068759,176411,2750784,141564,5531.340,0.76824,1301.7,2846.074,2627.132,3018.938,2.2358,1.2495,0.0000,0,0.000,0.499,12d72e96b85d454e,13068427966187912454,0,46364,"data/citysim-bench run --city 128x128 --load-state data/M_rush_0700.state --duration 2h --event 96,96,08:00,60 --backend balanced --cost cars --rebalance-every 0 --threads 32 --window-log data/windows_M_event_balanced-cars-every0_32.log"
balance,M_event,1,balanced,32,64,time,1,128x128,32,7200,3068759,176411,2750784,141564,4617.334,0.64130,1559.3,2317.739,2240.570,2386.889,2.0168,1.1654,0.0004,23,0.000,0.485,12d72e96b85d454e,13068427966187912454,0,46332,"data/citysim-bench run --city 128x128 --load-state data/M_rush_0700.state --duration 2h --event 96,96,08:00,60 --backend balanced --cost time --rebalance-every 1 --threads 32 --window-log data/windows_M_event_balanced-time-every1_32.log"
balance,M_event,2,balanced,32,64,time,1,128x128,32,7200,3068759,176411,2750784,141564,5896.616,0.81897,1221.0,2897.983,2941.389,3454.755,2.1856,1.2038,0.0005,23,0.000,0.487,12d72e96b85d454e,13068427966187912454,0,46380,"data/citysim-bench run --city 128x128 --load-state data/M_rush_0700.state --duration 2h --event 96,96,08:00,60 --backend balanced --cost time --rebalance-every 1 --threads 32 --window-log data/windows_M_event_balanced-time-every1_32.log"
balance,M_event,3,balanced,32,64,time,1,128x128,32,7200,3068759,176411,2750784,141564,7323.608,1.01717,983.1,3607.719,3647.630,4432.585,2.4681,1.2247,0.0005,23,0.000,0.532,12d72e96b85d454e,13068427966187912454,0,46332,"data/citysim-bench run --city 128x128 --load-state data/M_rush_0700.state --duration 2h --event 96,96,08:00,60 --backend balanced --cost time --rebalance-every 1 --threads 32 --window-log data/windows_M_event_balanced-time-every1_32.log"
balance,M_event,1,balanced,32,64,time,12,128x128,32,7200,3068759,176411,2750784,141564,9573.531,1.32966,752.1,4883.154,4606.147,6386.375,2.7168,1.3285,0.0000,1,0.000,0.545,12d72e96b85d454e,13068427966187912454,0,46332,"data/citysim-bench run --city 128x128 --load-state data/M_rush_0700.state --duration 2h --event 96,96,08:00,60 --backend balanced --cost time --rebalance-every 12 --threads 32 --window-log data/windows_M_event_balanced-time-every12_32.log"
balance,M_event,2,balanced,32,64,time,12,128x128,32,7200,3068759,176411,2750784,141564,12520.031,1.73889,575.1,6431.917,6022.809,8145.302,3.5002,1.4944,0.0000,1,0.000,0.512,12d72e96b85d454e,13068427966187912454,0,46348,"data/citysim-bench run --city 128x128 --load-state data/M_rush_0700.state --duration 2h --event 96,96,08:00,60 --backend balanced --cost time --rebalance-every 12 --threads 32 --window-log data/windows_M_event_balanced-time-every12_32.log"
balance,M_event,3,balanced,32,64,time,12,128x128,32,7200,3068759,176411,2750784,141564,11532.467,1.60173,624.3,5522.273,5940.456,7444.980,3.3099,1.5537,0.0000,1,0.000,0.523,12d72e96b85d454e,13068427966187912454,0,46392,"data/citysim-bench run --city 128x128 --load-state data/M_rush_0700.state --duration 2h --event 96,96,08:00,60 --backend balanced --cost time --rebalance-every 12 --threads 32 --window-log data/windows_M_event_balanced-time-every12_32.log"
balance,M_event,1,rayon,32,64,-,0,128x128,32,7200,3068759,176411,2750784,141564,17158.826,2.38317,419.6,8539.616,8600.928,14672.476,1.7292,1.2248,0.9487,0,0.000,0.533,12d72e96b85d454e,13068427966187912454,0,46548,"data/citysim-bench run --city 128x128 --load-state data/M_rush_0700.state --duration 2h --event 96,96,08:00,60 --backend rayon --threads 32 --window-log data/windows_M_event_rayon_32.log"
balance,M_event,2,rayon,32,64,-,0,128x128,32,7200,3068759,176411,2750784,141564,14594.410,2.02700,493.3,7293.041,7284.969,12220.908,1.6635,1.1886,0.9492,0,0.000,0.449,12d72e96b85d454e,13068427966187912454,0,46620,"data/citysim-bench run --city 128x128 --load-state data/M_rush_0700.state --duration 2h --event 96,96,08:00,60 --backend rayon --threads 32 --window-log data/windows_M_event_rayon_32.log"
balance,M_event,3,rayon,32,64,-,0,128x128,32,7200,3068759,176411,2750784,141564,13075.322,1.81602,550.7,6510.993,6548.821,10742.431,1.6034,1.1763,0.9495,0,0.000,0.491,12d72e96b85d454e,13068427966187912454,0,46524,"data/citysim-bench run --city 128x128 --load-state data/M_rush_0700.state --duration 2h --event 96,96,08:00,60 --backend rayon --threads 32 --window-log data/windows_M_event_rayon_32.log"
balance,M_uniform,1,static,8,64,-,0,128x128,32,7200,2226431,209504,1973828,43099,3997.897,0.55526,1800.9,1923.083,2064.670,25.709,1.4388,1.0902,0.0000,0,0.000,0.548,60a8e001da9a7f7c,17772953456538336080,0,46324,"data/citysim-bench run --city 128x128 --load-state data/M_uniform_0700.state --duration 2h --peak 0 --floor 0.004 --edge 0 --backend static --threads 8 --window-log data/windows_M_uniform_static_8.log"
balance,M_uniform,2,static,8,64,-,0,128x128,32,7200,2226431,209504,1973828,43099,3601.923,0.50027,1998.9,1722.930,1868.007,23.688,1.4200,1.0806,0.0000,0,0.000,0.495,60a8e001da9a7f7c,17772953456538336080,0,46308,"data/citysim-bench run --city 128x128 --load-state data/M_uniform_0700.state --duration 2h --peak 0 --floor 0.004 --edge 0 --backend static --threads 8 --window-log data/windows_M_uniform_static_8.log"
balance,M_uniform,3,static,8,64,-,0,128x128,32,7200,2226431,209504,1973828,43099,3372.965,0.46847,2134.6,1620.127,1742.622,22.340,1.4039,1.0890,0.0000,0,0.000,0.483,60a8e001da9a7f7c,17772953456538336080,0,46268,"data/citysim-bench run --city 128x128 --load-state data/M_uniform_0700.state --duration 2h --peak 0 --floor 0.004 --edge 0 --backend static --threads 8 --window-log data/windows_M_uniform_static_8.log"
balance,M_uniform,1,balanced,8,64,cars,1,128x128,32,7200,2226431,209504,1973828,43099,3904.517,0.54229,1844.0,1869.837,2023.220,23.971,1.4456,1.0677,0.0000,23,0.000,0.570,60a8e001da9a7f7c,17772953456538336080,0,46392,"data/citysim-bench run --city 128x128 --load-state data/M_uniform_0700.state --duration 2h --peak 0 --floor 0.004 --edge 0 --backend balanced --cost cars --rebalance-every 1 --threads 8 --window-log data/windows_M_uniform_balanced-cars-every1_8.log"
balance,M_uniform,2,balanced,8,64,cars,1,128x128,32,7200,2226431,209504,1973828,43099,3861.096,0.53626,1864.8,1845.854,2002.980,24.500,1.4333,1.0819,0.0000,23,0.000,0.718,60a8e001da9a7f7c,17772953456538336080,0,46332,"data/citysim-bench run --city 128x128 --load-state data/M_uniform_0700.state --duration 2h --peak 0 --floor 0.004 --edge 0 --backend balanced --cost cars --rebalance-every 1 --threads 8 --window-log data/windows_M_uniform_balanced-cars-every1_8.log"
balance,M_uniform,3,balanced,8,64,cars,1,128x128,32,7200,2226431,209504,1973828,43099,3424.255,0.47559,2102.6,1642.797,1770.587,21.939,1.4279,1.0746,0.0000,23,0.000,0.542,60a8e001da9a7f7c,17772953456538336080,0,46392,"data/citysim-bench run --city 128x128 --load-state data/M_uniform_0700.state --duration 2h --peak 0 --floor 0.004 --edge 0 --backend balanced --cost cars --rebalance-every 1 --threads 8 --window-log data/windows_M_uniform_balanced-cars-every1_8.log"
balance,M_uniform,1,balanced,8,64,cars,0,128x128,32,7200,2226431,209504,1973828,43099,3430.278,0.47643,2099.0,1648.699,1771.245,21.968,1.4248,1.0655,0.0000,0,0.000,0.491,60a8e001da9a7f7c,17772953456538336080,0,46380,"data/citysim-bench run --city 128x128 --load-state data/M_uniform_0700.state --duration 2h --peak 0 --floor 0.004 --edge 0 --backend balanced --cost cars --rebalance-every 0 --threads 8 --window-log data/windows_M_uniform_balanced-cars-every0_8.log"
balance,M_uniform,2,balanced,8,64,cars,0,128x128,32,7200,2226431,209504,1973828,43099,3854.662,0.53537,1867.9,1847.850,1995.374,43.777,1.4655,1.0815,0.0000,0,0.000,0.491,60a8e001da9a7f7c,17772953456538336080,0,46324,"data/citysim-bench run --city 128x128 --load-state data/M_uniform_0700.state --duration 2h --peak 0 --floor 0.004 --edge 0 --backend balanced --cost cars --rebalance-every 0 --threads 8 --window-log data/windows_M_uniform_balanced-cars-every0_8.log"
balance,M_uniform,3,balanced,8,64,cars,0,128x128,32,7200,2226431,209504,1973828,43099,3906.249,0.54253,1843.2,1875.675,2020.468,24.182,1.4467,1.0836,0.0000,0,0.000,0.477,60a8e001da9a7f7c,17772953456538336080,0,46388,"data/citysim-bench run --city 128x128 --load-state data/M_uniform_0700.state --duration 2h --peak 0 --floor 0.004 --edge 0 --backend balanced --cost cars --rebalance-every 0 --threads 8 --window-log data/windows_M_uniform_balanced-cars-every0_8.log"
balance,M_uniform,1,balanced,8,64,time,1,128x128,32,7200,2226431,209504,1973828,43099,3582.342,0.49755,2009.9,1712.258,1858.506,24.185,1.4913,1.1139,0.0002,23,0.000,0.831,60a8e001da9a7f7c,17772953456538336080,0,46380,"data/citysim-bench run --city 128x128 --load-state data/M_uniform_0700.state --duration 2h --peak 0 --floor 0.004 --edge 0 --backend balanced --cost time --rebalance-every 1 --threads 8 --window-log data/windows_M_uniform_balanced-time-every1_8.log"
balance,M_uniform,2,balanced,8,64,time,1,128x128,32,7200,2226431,209504,1973828,43099,3763.524,0.52271,1913.1,1794.935,1957.663,23.327,1.5626,1.1013,0.0002,23,0.000,0.496,60a8e001da9a7f7c,17772953456538336080,0,46364,"data/citysim-bench run --city 128x128 --load-state data/M_uniform_0700.state --duration 2h --peak 0 --floor 0.004 --edge 0 --backend balanced --cost time --rebalance-every 1 --threads 8 --window-log data/windows_M_uniform_balanced-time-every1_8.log"
balance,M_uniform,3,balanced,8,64,time,1,128x128,32,7200,2226431,209504,1973828,43099,3724.012,0.51722,1933.4,1777.981,1935.683,24.646,1.5523,1.0978,0.0001,23,0.000,0.490,60a8e001da9a7f7c,17772953456538336080,0,46372,"data/citysim-bench run --city 128x128 --load-state data/M_uniform_0700.state --duration 2h --peak 0 --floor 0.004 --edge 0 --backend balanced --cost time --rebalance-every 1 --threads 8 --window-log data/windows_M_uniform_balanced-time-every1_8.log"
balance,M_uniform,1,balanced,8,64,time,12,128x128,32,7200,2226431,209504,1973828,43099,3389.159,0.47072,2124.4,1628.603,1750.611,21.759,1.4488,1.0855,0.0000,1,0.000,0.522,60a8e001da9a7f7c,17772953456538336080,0,46372,"data/citysim-bench run --city 128x128 --load-state data/M_uniform_0700.state --duration 2h --peak 0 --floor 0.004 --edge 0 --backend balanced --cost time --rebalance-every 12 --threads 8 --window-log data/windows_M_uniform_balanced-time-every12_8.log"
balance,M_uniform,2,balanced,8,64,time,12,128x128,32,7200,2226431,209504,1973828,43099,3903.575,0.54216,1844.5,1866.193,2025.851,26.334,1.4683,1.0903,0.0000,1,0.000,0.793,60a8e001da9a7f7c,17772953456538336080,0,46372,"data/citysim-bench run --city 128x128 --load-state data/M_uniform_0700.state --duration 2h --peak 0 --floor 0.004 --edge 0 --backend balanced --cost time --rebalance-every 12 --threads 8 --window-log data/windows_M_uniform_balanced-time-every12_8.log"
balance,M_uniform,3,balanced,8,64,time,12,128x128,32,7200,2226431,209504,1973828,43099,3707.031,0.51487,1942.3,1770.244,1926.386,23.532,1.4543,1.1161,0.0000,1,0.000,0.541,60a8e001da9a7f7c,17772953456538336080,0,46376,"data/citysim-bench run --city 128x128 --load-state data/M_uniform_0700.state --duration 2h --peak 0 --floor 0.004 --edge 0 --backend balanced --cost time --rebalance-every 12 --threads 8 --window-log data/windows_M_uniform_balanced-time-every12_8.log"
balance,M_uniform,1,rayon,8,64,-,0,128x128,32,7200,2226431,209504,1973828,43099,4460.826,0.61956,1614.1,2205.625,2249.325,1108.193,1.0905,1.0683,0.8054,0,0.000,0.458,60a8e001da9a7f7c,17772953456538336080,0,46332,"data/citysim-bench run --city 128x128 --load-state data/M_uniform_0700.state --duration 2h --peak 0 --floor 0.004 --edge 0 --backend rayon --threads 8 --window-log data/windows_M_uniform_rayon_8.log"
balance,M_uniform,2,rayon,8,64,-,0,128x128,32,7200,2226431,209504,1973828,43099,4503.764,0.62552,1598.7,2240.860,2257.124,1150.783,1.0920,1.0705,0.8050,0,0.000,0.586,60a8e001da9a7f7c,17772953456538336080,0,46392,"data/citysim-bench run --city 128x128 --load-state data/M_uniform_0700.state --duration 2h --peak 0 --floor 0.004 --edge 0 --backend rayon --threads 8 --window-log data/windows_M_uniform_rayon_8.log"
balance,M_uniform,3,rayon,8,64,-,0,128x128,32,7200,2226431,209504,1973828,43099,4362.697,0.60593,1650.4,2158.087,2199.077,1059.380,1.0901,1.0683,0.8043,0,0.000,0.474,60a8e001da9a7f7c,17772953456538336080,0,46348,"data/citysim-bench run --city 128x128 --load-state data/M_uniform_0700.state --duration 2h --peak 0 --floor 0.004 --edge 0 --backend rayon --threads 8 --window-log data/windows_M_uniform_rayon_8.log"
balance,M_uniform,1,static,16,64,-,0,128x128,32,7200,2226431,209504,1973828,43099,2032.737,0.28232,3542.0,976.279,1036.582,20.648,1.3844,1.1623,0.0000,0,0.000,0.544,60a8e001da9a7f7c,17772953456538336080,0,46204,"data/citysim-bench run --city 128x128 --load-state data/M_uniform_0700.state --duration 2h --peak 0 --floor 0.004 --edge 0 --backend static --threads 16 --window-log data/windows_M_uniform_static_16.log"
balance,M_uniform,2,static,16,64,-,0,128x128,32,7200,2226431,209504,1973828,43099,2031.846,0.28220,3543.6,973.768,1037.723,19.836,1.3838,1.1528,0.0000,0,0.000,0.479,60a8e001da9a7f7c,17772953456538336080,0,46308,"data/citysim-bench run --city 128x128 --load-state data/M_uniform_0700.state --duration 2h --peak 0 --floor 0.004 --edge 0 --backend static --threads 16 --window-log data/windows_M_uniform_static_16.log"
balance,M_uniform,3,static,16,64,-,0,128x128,32,7200,2226431,209504,1973828,43099,2038.439,0.28312,3532.1,980.177,1037.958,20.687,1.3853,1.1603,0.0000,0,0.000,0.529,60a8e001da9a7f7c,17772953456538336080,0,46364,"data/citysim-bench run --city 128x128 --load-state data/M_uniform_0700.state --duration 2h --peak 0 --floor 0.004 --edge 0 --backend static --threads 16 --window-log data/windows_M_uniform_static_16.log"
balance,M_uniform,1,balanced,16,64,cars,1,128x128,32,7200,2226431,209504,1973828,43099,2029.894,0.28193,3547.0,972.809,1036.853,21.196,1.3812,1.1571,0.0001,23,0.000,0.596,60a8e001da9a7f7c,17772953456538336080,0,46268,"data/citysim-bench run --city 128x128 --load-state data/M_uniform_0700.state --duration 2h --peak 0 --floor 0.004 --edge 0 --backend balanced --cost cars --rebalance-every 1 --threads 16 --window-log data/windows_M_uniform_balanced-cars-every1_16.log"
balance,M_uniform,2,balanced,16,64,cars,1,128x128,32,7200,2226431,209504,1973828,43099,2029.309,0.28185,3548.0,971.244,1036.375,20.055,1.3804,1.1473,0.0001,23,0.000,0.489,60a8e001da9a7f7c,17772953456538336080,0,46316,"data/citysim-bench run --city 128x128 --load-state data/M_uniform_0700.state --duration 2h --peak 0 --floor 0.004 --edge 0 --backend balanced --cost cars --rebalance-every 1 --threads 16 --window-log data/windows_M_uniform_balanced-cars-every1_16.log"
balance,M_uniform,3,balanced,16,64,cars,1,128x128,32,7200,2226431,209504,1973828,43099,2060.301,0.28615,3494.6,986.175,1053.751,21.216,1.3831,1.1329,0.0001,23,0.000,0.524,60a8e001da9a7f7c,17772953456538336080,0,46096,"data/citysim-bench run --city 128x128 --load-state data/M_uniform_0700.state --duration 2h --peak 0 --floor 0.004 --edge 0 --backend balanced --cost cars --rebalance-every 1 --threads 16 --window-log data/windows_M_uniform_balanced-cars-every1_16.log"
balance,M_uniform,1,balanced,16,64,cars,0,128x128,32,7200,2226431,209504,1973828,43099,2130.067,0.29584,3380.2,1024.314,1084.539,24.335,1.3705,1.1179,0.0000,0,0.000,0.585,60a8e001da9a7f7c,17772953456538336080,0,46300,"data/citysim-bench run --city 128x128 --load-state data/M_uniform_0700.state --duration 2h --peak 0 --floor 0.004 --edge 0 --backend balanced --cost cars --rebalance-every 0 --threads 16 --window-log data/windows_M_uniform_balanced-cars-every0_16.log"
balance,M_uniform,2,balanced,16,64,cars,0,128x128,32,7200,2226431,209504,1973828,43099,2128.070,0.29557,3383.3,1019.044,1085.412,23.593,1.3545,1.1051,0.0000,0,0.000,0.524,60a8e001da9a7f7c,17772953456538336080,0,46388,"data/citysim-bench run --city 128x128 --load-state data/M_uniform_0700.state --duration 2h --peak 0 --floor 0.004 --edge 0 --backend balanced --cost cars --rebalance-every 0 --threads 16 --window-log data/windows_M_uniform_balanced-cars-every0_16.log"
balance,M_uniform,3,balanced,16,64,cars,0,128x128,32,7200,2226431,209504,1973828,43099,2092.415,0.29061,3441.0,1000.133,1071.405,22.980,1.3355,1.1191,0.0000,0,0.000,0.610,60a8e001da9a7f7c,17772953456538336080,0,46268,"data/citysim-bench run --city 128x128 --load-state data/M_uniform_0700.state --duration 2h --peak 0 --floor 0.004 --edge 0 --backend balanced --cost cars --rebalance-every 0 --threads 16 --window-log data/windows_M_uniform_balanced-cars-every0_16.log"
balance,M_uniform,1,balanced,16,64,time,1,128x128,32,7200,2226431,209504,1973828,43099,2123.115,0.29488,3391.2,1006.436,1093.589,20.725,1.3883,1.1719,0.0003,23,0.000,0.645,60a8e001da9a7f7c,17772953456538336080,0,46232,"data/citysim-bench run --city 128x128 --load-state data/M_uniform_0700.state --duration 2h --peak 0 --floor 0.004 --edge 0 --backend balanced --cost time --rebalance-every 1 --threads 16 --window-log data/windows_M_uniform_balanced-time-every1_16.log"
balance,M_uniform,2,balanced,16,64,time,1,128x128,32,7200,2226431,209504,1973828,43099,2101.869,0.29193,3425.5,998.529,1082.027,19.700,1.4274,1.1818,0.0004,23,0.000,0.504,60a8e001da9a7f7c,17772953456538336080,0,46268,"data/citysim-bench run --city 128x128 --load-state data/M_uniform_0700.state --duration 2h --peak 0 --floor 0.004 --edge 0 --backend balanced --cost time --rebalance-every 1 --threads 16 --window-log data/windows_M_uniform_balanced-time-every1_16.log"
balance,M_uniform,3,balanced,16,64,time,1,128x128,32,7200,2226431,209504,1973828,43099,2092.151,0.29058,3441.4,994.297,1077.423,19.696,1.4072,1.1696,0.0004,23,0.000,0.478,60a8e001da9a7f7c,17772953456538336080,0,46376,"data/citysim-bench run --city 128x128 --load-state data/M_uniform_0700.state --duration 2h --peak 0 --floor 0.004 --edge 0 --backend balanced --cost time --rebalance-every 1 --threads 16 --window-log data/windows_M_uniform_balanced-time-every1_16.log"
balance,M_uniform,1,balanced,16,64,time,12,128x128,32,7200,2226431,209504,1973828,43099,2077.501,0.28854,3465.7,991.391,1065.763,21.135,1.4050,1.1580,0.0000,1,0.000,0.495,60a8e001da9a7f7c,17772953456538336080,0,46376,"data/citysim-bench run --city 128x128 --load-state data/M_uniform_0700.state --duration 2h --peak 0 --floor 0.004 --edge 0 --backend balanced --cost time --rebalance-every 12 --threads 16 --window-log data/windows_M_uniform_balanced-time-every12_16.log"
balance,M_uniform,2,balanced,16,64,time,12,128x128,32,7200,2226431,209504,1973828,43099,2097.979,0.29139,3431.9,998.336,1079.046,20.384,1.4278,1.2141,0.0000,1,0.000,0.528,60a8e001da9a7f7c,17772953456538336080,0,46348,"data/citysim-bench run --city 128x128 --load-state data/M_uniform_0700.state --duration 2h --peak 0 --floor 0.004 --edge 0 --backend balanced --cost time --rebalance-every 12 --threads 16 --window-log data/windows_M_uniform_balanced-time-every12_16.log"
balance,M_uniform,3,balanced,16,64,time,12,128x128,32,7200,2226431,209504,1973828,43099,2093.702,0.29079,3438.9,999.453,1074.070,20.669,1.4199,1.1770,0.0000,1,0.000,0.492,60a8e001da9a7f7c,17772953456538336080,0,46300,"data/citysim-bench run --city 128x128 --load-state data/M_uniform_0700.state --duration 2h --peak 0 --floor 0.004 --edge 0 --backend balanced --cost time --rebalance-every 12 --threads 16 --window-log data/windows_M_uniform_balanced-time-every12_16.log"
balance,M_uniform,1,rayon,16,64,-,0,128x128,32,7200,2226431,209504,1973828,43099,4637.338,0.64407,1552.6,2349.880,2277.322,2285.534,1.2006,1.1012,0.8990,0,0.000,0.469,60a8e001da9a7f7c,17772953456538336080,0,46348,"data/citysim-bench run --city 128x128 --load-state data/M_uniform_0700.state --duration 2h --peak 0 --floor 0.004 --edge 0 --backend rayon --threads 16 --window-log data/windows_M_uniform_rayon_16.log"
balance,M_uniform,2,rayon,16,64,-,0,128x128,32,7200,2226431,209504,1973828,43099,4709.236,0.65406,1528.9,2395.824,2303.147,2352.036,1.1992,1.0991,0.8994,0,0.000,0.469,60a8e001da9a7f7c,17772953456538336080,0,46392,"data/citysim-bench run --city 128x128 --load-state data/M_uniform_0700.state --duration 2h --peak 0 --floor 0.004 --edge 0 --backend rayon --threads 16 --window-log data/windows_M_uniform_rayon_16.log"
balance,M_uniform,3,rayon,16,64,-,0,128x128,32,7200,2226431,209504,1973828,43099,4593.700,0.63801,1567.4,2315.388,2268.261,2250.446,1.1956,1.0976,0.8987,0,0.000,0.491,60a8e001da9a7f7c,17772953456538336080,0,46372,"data/citysim-bench run --city 128x128 --load-state data/M_uniform_0700.state --duration 2h --peak 0 --floor 0.004 --edge 0 --backend rayon --threads 16 --window-log data/windows_M_uniform_rayon_16.log"
balance,M_uniform,1,static,24,64,-,0,128x128,32,7200,2226431,209504,1973828,43099,1485.044,0.20626,4848.3,700.355,750.867,22.119,1.3553,1.1620,0.0000,0,0.000,0.520,60a8e001da9a7f7c,17772953456538336080,0,46388,"data/citysim-bench run --city 128x128 --load-state data/M_uniform_0700.state --duration 2h --peak 0 --floor 0.004 --edge 0 --backend static --threads 24 --window-log data/windows_M_uniform_static_24.log"
balance,M_uniform,2,static,24,64,-,0,128x128,32,7200,2226431,209504,1973828,43099,1481.649,0.20578,4859.5,700.635,747.518,20.272,1.3572,1.1615,0.0000,0,0.000,0.484,60a8e001da9a7f7c,17772953456538336080,0,46392,"data/citysim-bench run --city 128x128 --load-state data/M_uniform_0700.state --duration 2h --peak 0 --floor 0.004 --edge 0 --backend static --threads 24 --window-log data/windows_M_uniform_static_24.log"
balance,M_uniform,3,static,24,64,-,0,128x128,32,7200,2226431,209504,1973828,43099,1493.681,0.20746,4820.3,703.162,756.276,22.106,1.3610,1.1624,0.0000,0,0.000,0.487,60a8e001da9a7f7c,17772953456538336080,0,46356,"data/citysim-bench run --city 128x128 --load-state data/M_uniform_0700.state --duration 2h --peak 0 --floor 0.004 --edge 0 --backend static --threads 24 --window-log data/windows_M_uniform_static_24.log"
balance,M_uniform,1,balanced,24,64,cars,1,128x128,32,7200,2226431,209504,1973828,43099,1498.583,0.20814,4804.5,705.688,759.135,30.501,1.3581,1.1475,0.0001,23,0.000,0.505,60a8e001da9a7f7c,17772953456538336080,0,46092,"data/citysim-bench run --city 128x128 --load-state data/M_uniform_0700.state --duration 2h --peak 0 --floor 0.004 --edge 0 --backend balanced --cost cars --rebalance-every 1 --threads 24 --window-log data/windows_M_uniform_balanced-cars-every1_24.log"
balance,M_uniform,2,balanced,24,64,cars,1,128x128,32,7200,2226431,209504,1973828,43099,1470.910,0.20429,4894.9,690.193,745.526,19.655,1.3453,1.1547,0.0001,23,0.000,0.541,60a8e001da9a7f7c,17772953456538336080,0,46348,"data/citysim-bench run --city 128x128 --load-state data/M_uniform_0700.state --duration 2h --peak 0 --floor 0.004 --edge 0 --backend balanced --cost cars --rebalance-every 1 --threads 24 --window-log data/windows_M_uniform_balanced-cars-every1_24.log"
balance,M_uniform,3,balanced,24,64,cars,1,128x128,32,7200,2226431,209504,1973828,43099,1465.771,0.20358,4912.1,690.664,740.866,20.744,1.3413,1.1553,0.0001,23,0.000,0.508,60a8e001da9a7f7c,17772953456538336080,0,46316,"data/citysim-bench run --city 128x128 --load-state data/M_uniform_0700.state --duration 2h --peak 0 --floor 0.004 --edge 0 --backend balanced --cost cars --rebalance-every 1 --threads 24 --window-log data/windows_M_uniform_balanced-cars-every1_24.log"
balance,M_uniform,1,balanced,24,64,cars,0,128x128,32,7200,2226431,209504,1973828,43099,1490.757,0.20705,4829.8,702.408,753.959,21.849,1.3481,1.1457,0.0000,0,0.000,0.503,60a8e001da9a7f7c,17772953456538336080,0,46308,"data/citysim-bench run --city 128x128 --load-state data/M_uniform_0700.state --duration 2h --peak 0 --floor 0.004 --edge 0 --backend balanced --cost cars --rebalance-every 0 --threads 24 --window-log data/windows_M_uniform_balanced-cars-every0_24.log"
balance,M_uniform,2,balanced,24,64,cars,0,128x128,32,7200,2226431,209504,1973828,43099,1469.264,0.20406,4900.4,694.517,740.952,21.529,1.3458,1.1531,0.0000,0,0.000,0.490,60a8e001da9a7f7c,17772953456538336080,0,46332,"data/citysim-bench run --city 128x128 --load-state data/M_uniform_0700.state --duration 2h --peak 0 --floor 0.004 --edge 0 --backend balanced --cost cars --rebalance-every 0 --threads 24 --window-log data/windows_M_uniform_balanced-cars-every0_24.log"
balance,M_uniform,3,balanced,24,64,cars,0,128x128,32,7200,2226431,209504,1973828,43099,1481.135,0.20571,4861.1,698.261,749.806,23.402,1.3526,1.1540,0.0000,0,0.000,0.534,60a8e001da9a7f7c,17772953456538336080,0,46328,"data/citysim-bench run --city 128x128 --load-state data/M_uniform_0700.state --duration 2h --peak 0 --floor 0.004 --edge 0 --backend balanced --cost cars --rebalance-every 0 --threads 24 --window-log data/windows_M_uniform_balanced-cars-every0_24.log"
balance,M_uniform,1,balanced,24,64,time,1,128x128,32,7200,2226431,209504,1973828,43099,1526.011,0.21195,4718.2,716.220,775.773,23.598,1.3879,1.1617,0.0004,23,0.000,0.485,60a8e001da9a7f7c,17772953456538336080,0,46388,"data/citysim-bench run --city 128x128 --load-state data/M_uniform_0700.state --duration 2h --peak 0 --floor 0.004 --edge 0 --backend balanced --cost time --rebalance-every 1 --threads 24 --window-log data/windows_M_uniform_balanced-time-every1_24.log"
balance,M_uniform,2,balanced,24,64,time,1,128x128,32,7200,2226431,209504,1973828,43099,1510.605,0.20981,4766.3,707.857,769.216,19.491,1.3882,1.1842,0.0004,23,0.000,0.748,60a8e001da9a7f7c,17772953456538336080,0,46376,"data/citysim-bench run --city 128x128 --load-state data/M_uniform_0700.state --duration 2h --peak 0 --floor 0.004 --edge 0 --backend balanced --cost time --rebalance-every 1 --threads 24 --window-log data/windows_M_uniform_balanced-time-every1_24.log"
balance,M_uniform,3,balanced,24,64,time,1,128x128,32,7200,2226431,209504,1973828,43099,1519.758,0.21108,4737.6,712.938,773.290,19.758,1.3946,1.2114,0.0005,23,0.000,0.496,60a8e001da9a7f7c,17772953456538336080,0,46388,"data/citysim-bench run --city 128x128 --load-state data/M_uniform_0700.state --duration 2h --peak 0 --floor 0.004 --edge 0 --backend balanced --cost time --rebalance-every 1 --threads 24 --window-log data/windows_M_uniform_balanced-time-every1_24.log"
balance,M_uniform,1,balanced,24,64,time,12,128x128,32,7200,2226431,209504,1973828,43099,1497.662,0.20801,4807.5,707.561,756.774,20.358,1.3700,1.1774,0.0000,1,0.000,0.501,60a8e001da9a7f7c,17772953456538336080,0,46240,"data/citysim-bench run --city 128x128 --load-state data/M_uniform_0700.state --duration 2h --peak 0 --floor 0.004 --edge 0 --backend balanced --cost time --rebalance-every 12 --threads 24 --window-log data/windows_M_uniform_balanced-time-every12_24.log"
balance,M_uniform,2,balanced,24,64,time,12,128x128,32,7200,2226431,209504,1973828,43099,1489.527,0.20688,4833.7,701.298,754.130,20.244,1.3655,1.1615,0.0000,1,0.000,0.482,60a8e001da9a7f7c,17772953456538336080,0,46076,"data/citysim-bench run --city 128x128 --load-state data/M_uniform_0700.state --duration 2h --peak 0 --floor 0.004 --edge 0 --backend balanced --cost time --rebalance-every 12 --threads 24 --window-log data/windows_M_uniform_balanced-time-every12_24.log"
balance,M_uniform,3,balanced,24,64,time,12,128x128,32,7200,2226431,209504,1973828,43099,1474.265,0.20476,4883.8,696.496,744.241,20.025,1.3511,1.1560,0.0000,1,0.000,0.493,60a8e001da9a7f7c,17772953456538336080,0,46352,"data/citysim-bench run --city 128x128 --load-state data/M_uniform_0700.state --duration 2h --peak 0 --floor 0.004 --edge 0 --backend balanced --cost time --rebalance-every 12 --threads 24 --window-log data/windows_M_uniform_balanced-time-every12_24.log"
balance,M_uniform,1,rayon,24,64,-,0,128x128,32,7200,2226431,209504,1973828,43099,6961.664,0.96690,1034.2,3510.036,3438.312,4910.507,1.3682,1.1993,0.9246,0,0.000,0.462,60a8e001da9a7f7c,17772953456538336080,0,46268,"data/citysim-bench run --city 128x128 --load-state data/M_uniform_0700.state --duration 2h --peak 0 --floor 0.004 --edge 0 --backend rayon --threads 24 --window-log data/windows_M_uniform_rayon_24.log"
balance,M_uniform,2,rayon,24,64,-,0,128x128,32,7200,2226431,209504,1973828,43099,6918.813,0.96095,1040.6,3481.936,3423.350,4869.764,1.3619,1.1936,0.9246,0,0.000,0.485,60a8e001da9a7f7c,17772953456538336080,0,46332,"data/citysim-bench run --city 128x128 --load-state data/M_uniform_0700.state --duration 2h --peak 0 --floor 0.004 --edge 0 --backend rayon --threads 24 --window-log data/windows_M_uniform_rayon_24.log"
balance,M_uniform,3,rayon,24,64,-,0,128x128,32,7200,2226431,209504,1973828,43099,6915.574,0.96050,1041.1,3455.362,3447.703,4923.333,1.3783,1.2042,0.9240,0,0.000,0.474,60a8e001da9a7f7c,17772953456538336080,0,46312,"data/citysim-bench run --city 128x128 --load-state data/M_uniform_0700.state --duration 2h --peak 0 --floor 0.004 --edge 0 --backend rayon --threads 24 --window-log data/windows_M_uniform_rayon_24.log"
balance,M_uniform,1,static,32,64,-,0,128x128,32,7200,2226431,209504,1973828,43099,10651.248,1.47934,676.0,5277.587,5310.705,7189.653,3.2487,1.1394,0.0000,0,0.000,0.465,60a8e001da9a7f7c,17772953456538336080,0,46324,"data/citysim-bench run --city 128x128 --load-state data/M_uniform_0700.state --duration 2h --peak 0 --floor 0.004 --edge 0 --backend static --threads 32 --window-log data/windows_M_uniform_static_32.log"
balance,M_uniform,2,static,32,64,-,0,128x128,32,7200,2226431,209504,1973828,43099,8118.682,1.12759,886.8,3967.765,4092.194,5163.541,2.8839,1.1388,0.0000,0,0.000,0.457,60a8e001da9a7f7c,17772953456538336080,0,46388,"data/citysim-bench run --city 128x128 --load-state data/M_uniform_0700.state --duration 2h --peak 0 --floor 0.004 --edge 0 --backend static --threads 32 --window-log data/windows_M_uniform_static_32.log"
balance,M_uniform,3,static,32,64,-,0,128x128,32,7200,2226431,209504,1973828,43099,10479.704,1.45551,687.0,5286.735,5131.354,7039.139,3.2676,1.1492,0.0000,0,0.000,0.493,60a8e001da9a7f7c,17772953456538336080,0,46372,"data/citysim-bench run --city 128x128 --load-state data/M_uniform_0700.state --duration 2h --peak 0 --floor 0.004 --edge 0 --backend static --threads 32 --window-log data/windows_M_uniform_static_32.log"
balance,M_uniform,1,balanced,32,64,cars,1,128x128,32,7200,2226431,209504,1973828,43099,7333.098,1.01849,981.8,3549.099,3724.047,4611.613,2.7236,1.1355,0.0001,23,0.000,0.486,60a8e001da9a7f7c,17772953456538336080,0,46108,"data/citysim-bench run --city 128x128 --load-state data/M_uniform_0700.state --duration 2h --peak 0 --floor 0.004 --edge 0 --backend balanced --cost cars --rebalance-every 1 --threads 32 --window-log data/windows_M_uniform_balanced-cars-every1_32.log"
balance,M_uniform,2,balanced,32,64,cars,1,128x128,32,7200,2226431,209504,1973828,43099,6302.470,0.87534,1142.4,3062.104,3180.502,3834.750,2.5275,1.1347,0.0001,23,0.000,0.506,60a8e001da9a7f7c,17772953456538336080,0,46268,"data/citysim-bench run --city 128x128 --load-state data/M_uniform_0700.state --duration 2h --peak 0 --floor 0.004 --edge 0 --backend balanced --cost cars --rebalance-every 1 --threads 32 --window-log data/windows_M_uniform_balanced-cars-every1_32.log"
balance,M_uniform,3,balanced,32,64,cars,1,128x128,32,7200,2226431,209504,1973828,43099,4661.199,0.64739,1544.7,2203.753,2398.316,2574.624,2.2360,1.1301,0.0001,23,0.000,0.495,60a8e001da9a7f7c,17772953456538336080,0,46332,"data/citysim-bench run --city 128x128 --load-state data/M_uniform_0700.state --duration 2h --peak 0 --floor 0.004 --edge 0 --backend balanced --cost cars --rebalance-every 1 --threads 32 --window-log data/windows_M_uniform_balanced-cars-every1_32.log"
balance,M_uniform,1,balanced,32,64,cars,0,128x128,32,7200,2226431,209504,1973828,43099,8175.448,1.13548,880.7,4118.283,3997.492,5231.260,2.9567,1.3006,0.0000,0,0.000,0.501,60a8e001da9a7f7c,17772953456538336080,0,46332,"data/citysim-bench run --city 128x128 --load-state data/M_uniform_0700.state --duration 2h --peak 0 --floor 0.004 --edge 0 --backend balanced --cost cars --rebalance-every 0 --threads 32 --window-log data/windows_M_uniform_balanced-cars-every0_32.log"
balance,M_uniform,2,balanced,32,64,cars,0,128x128,32,7200,2226431,209504,1973828,43099,9112.500,1.26562,790.1,4300.268,4739.642,6106.281,2.9800,1.2228,0.0000,0,0.000,0.537,60a8e001da9a7f7c,17772953456538336080,0,46360,"data/citysim-bench run --city 128x128 --load-state data/M_uniform_0700.state --duration 2h --peak 0 --floor 0.004 --edge 0 --backend balanced --cost cars --rebalance-every 0 --threads 32 --window-log data/windows_M_uniform_balanced-cars-every0_32.log"
balance,M_uniform,3,balanced,32,64,cars,0,128x128,32,7200,2226431,209504,1973828,43099,7074.677,0.98259,1017.7,3583.967,3425.737,4419.728,2.7324,1.2050,0.0000,0,0.000,0.520,60a8e001da9a7f7c,17772953456538336080,0,46392,"data/citysim-bench run --city 128x128 --load-state data/M_uniform_0700.state --duration 2h --peak 0 --floor 0.004 --edge 0 --backend balanced --cost cars --rebalance-every 0 --threads 32 --window-log data/windows_M_uniform_balanced-cars-every0_32.log"
balance,M_uniform,1,balanced,32,64,time,1,128x128,32,7200,2226431,209504,1973828,43099,12652.329,1.75727,569.1,6266.254,6315.931,9036.671,3.4233,1.2772,0.0005,23,0.000,0.473,60a8e001da9a7f7c,17772953456538336080,0,46300,"data/citysim-bench run --city 128x128 --load-state data/M_uniform_0700.state --duration 2h --peak 0 --floor 0.004 --edge 0 --backend balanced --cost time --rebalance-every 1 --threads 32 --window-log data/windows_M_uniform_balanced-time-every1_32.log"
balance,M_uniform,2,balanced,32,64,time,1,128x128,32,7200,2226431,209504,1973828,43099,17250.510,2.39590,417.4,8982.369,8195.123,12322.606,4.2234,1.3862,0.0007,23,0.000,0.557,60a8e001da9a7f7c,17772953456538336080,0,46380,"data/citysim-bench run --city 128x128 --load-state data/M_uniform_0700.state --duration 2h --peak 0 --floor 0.004 --edge 0 --backend balanced --cost time --rebalance-every 1 --threads 32 --window-log data/windows_M_uniform_balanced-time-every1_32.log"
balance,M_uniform,3,balanced,32,64,time,1,128x128,32,7200,2226431,209504,1973828,43099,12192.876,1.69345,590.5,5986.198,6140.765,8436.138,3.4692,1.2223,0.0004,23,0.000,0.509,60a8e001da9a7f7c,17772953456538336080,0,46320,"data/citysim-bench run --city 128x128 --load-state data/M_uniform_0700.state --duration 2h --peak 0 --floor 0.004 --edge 0 --backend balanced --cost time --rebalance-every 1 --threads 32 --window-log data/windows_M_uniform_balanced-time-every1_32.log"
balance,M_uniform,1,balanced,32,64,time,12,128x128,32,7200,2226431,209504,1973828,43099,13552.772,1.88233,531.3,6758.971,6713.443,9620.335,3.6156,1.2437,0.0000,1,0.000,0.459,60a8e001da9a7f7c,17772953456538336080,0,46292,"data/citysim-bench run --city 128x128 --load-state data/M_uniform_0700.state --duration 2h --peak 0 --floor 0.004 --edge 0 --backend balanced --cost time --rebalance-every 12 --threads 32 --window-log data/windows_M_uniform_balanced-time-every12_32.log"
balance,M_uniform,2,balanced,32,64,time,12,128x128,32,7200,2226431,209504,1973828,43099,9915.193,1.37711,726.2,4952.053,4889.070,6722.288,3.0411,1.1620,0.0000,1,0.000,0.486,60a8e001da9a7f7c,17772953456538336080,0,46348,"data/citysim-bench run --city 128x128 --load-state data/M_uniform_0700.state --duration 2h --peak 0 --floor 0.004 --edge 0 --backend balanced --cost time --rebalance-every 12 --threads 32 --window-log data/windows_M_uniform_balanced-time-every12_32.log"
balance,M_uniform,3,balanced,32,64,time,12,128x128,32,7200,2226431,209504,1973828,43099,8694.798,1.20761,828.1,4308.948,4314.858,5785.814,2.8901,1.1724,0.0000,1,0.000,0.480,60a8e001da9a7f7c,17772953456538336080,0,46332,"data/citysim-bench run --city 128x128 --load-state data/M_uniform_0700.state --duration 2h --peak 0 --floor 0.004 --edge 0 --backend balanced --cost time --rebalance-every 12 --threads 32 --window-log data/windows_M_uniform_balanced-time-every12_32.log"
balance,M_uniform,1,rayon,32,64,-,0,128x128,32,7200,2226431,209504,1973828,43099,15362.286,2.13365,468.7,7683.730,7661.922,13141.715,1.7259,1.2293,0.9488,0,0.000,0.523,60a8e001da9a7f7c,17772953456538336080,0,46628,"data/citysim-bench run --city 128x128 --load-state data/M_uniform_0700.state --duration 2h --peak 0 --floor 0.004 --edge 0 --backend rayon --threads 32 --window-log data/windows_M_uniform_rayon_32.log"
balance,M_uniform,2,rayon,32,64,-,0,128x128,32,7200,2226431,209504,1973828,43099,14511.161,2.01544,496.2,7208.585,7287.061,12467.592,1.7141,1.2317,0.9488,0,0.000,0.505,60a8e001da9a7f7c,17772953456538336080,0,46560,"data/citysim-bench run --city 128x128 --load-state data/M_uniform_0700.state --duration 2h --peak 0 --floor 0.004 --edge 0 --backend rayon --threads 32 --window-log data/windows_M_uniform_rayon_32.log"
balance,M_uniform,3,rayon,32,64,-,0,128x128,32,7200,2226431,209504,1973828,43099,16273.438,2.26020,442.4,8116.776,8140.416,14169.706,1.7668,1.2429,0.9488,0,0.000,0.483,60a8e001da9a7f7c,17772953456538336080,0,46588,"data/citysim-bench run --city 128x128 --load-state data/M_uniform_0700.state --duration 2h --peak 0 --floor 0.004 --edge 0 --backend rayon --threads 32 --window-log data/windows_M_uniform_rayon_32.log"
balance,L_rush,1,static,16,64,-,0,512x512,32,3600,26479706,371941,25043548,1064217,49106.099,13.64058,73.3,27290.726,21803.636,90.091,1.3554,1.2116,0.0000,0,0.000,3.989,f743c74038f9e812,1607232597772452496,0,567308,"data/citysim-bench run --city 512x512 --load-state data/L_rush_0700.state --duration 1h  --backend static --threads 16 --window-log data/windows_L_rush_static_16.log"
balance,L_rush,1,balanced,16,64,cars,1,512x512,32,3600,26479706,371941,25043548,1064217,45820.728,12.72798,78.6,24661.639,21139.649,92.491,1.2623,1.1320,0.0001,11,0.000,5.557,f743c74038f9e812,1607232597772452496,0,567332,"data/citysim-bench run --city 512x512 --load-state data/L_rush_0700.state --duration 1h  --backend balanced --cost cars --rebalance-every 1 --threads 16 --window-log data/windows_L_rush_balanced-cars-every1_16.log"
balance,L_rush,1,balanced,16,64,cars,0,512x512,32,3600,26479706,371941,25043548,1064217,43777.250,12.16035,82.2,23894.249,19870.015,85.374,1.2526,1.1094,0.0000,0,0.000,3.752,f743c74038f9e812,1607232597772452496,0,567056,"data/citysim-bench run --city 512x512 --load-state data/L_rush_0700.state --duration 1h  --backend balanced --cost cars --rebalance-every 0 --threads 16 --window-log data/windows_L_rush_balanced-cars-every0_16.log"
balance,L_rush,1,balanced,16,64,time,1,512x512,32,3600,26479706,371941,25043548,1064217,43915.215,12.19867,82.0,23726.911,20175.159,92.907,1.2131,1.0345,0.0001,11,0.000,4.040,f743c74038f9e812,1607232597772452496,0,567092,"data/citysim-bench run --city 512x512 --load-state data/L_rush_0700.state --duration 1h  --backend balanced --cost time --rebalance-every 1 --threads 16 --window-log data/windows_L_rush_balanced-time-every1_16.log"
balance,L_rush,1,balanced,16,64,time,12,512x512,32,3600,26479706,371941,25043548,1064217,44862.508,12.46181,80.2,24731.883,20116.135,80.596,1.2469,1.1059,0.0000,0,0.000,3.577,f743c74038f9e812,1607232597772452496,0,567228,"data/citysim-bench run --city 512x512 --load-state data/L_rush_0700.state --duration 1h  --backend balanced --cost time --rebalance-every 12 --threads 16 --window-log data/windows_L_rush_balanced-time-every12_16.log"
balance,L_rush,1,rayon,16,64,-,0,512x512,32,3600,26479706,371941,25043548,1064217,42552.032,11.82001,84.6,22885.382,19654.982,6067.243,1.0215,1.0155,0.8959,0,0.000,4.673,f743c74038f9e812,1607232597772452496,0,567008,"data/citysim-bench run --city 512x512 --load-state data/L_rush_0700.state --duration 1h  --backend rayon --threads 16 --window-log data/windows_L_rush_rayon_16.log"
balance,L_rush,1,static,32,64,-,0,512x512,32,3600,26479706,371941,25043548,1064217,66433.354,18.45371,54.2,34361.921,32027.252,9638.182,2.3297,1.3188,0.0000,0,0.000,5.336,f743c74038f9e812,1607232597772452496,0,567348,"data/citysim-bench run --city 512x512 --load-state data/L_rush_0700.state --duration 1h  --backend static --threads 32 --window-log data/windows_L_rush_static_32.log"
balance,L_rush,1,balanced,32,64,cars,1,512x512,32,3600,26479706,371941,25043548,1064217,59354.284,16.48730,60.7,29941.587,29357.978,9098.473,2.0901,1.1884,0.0001,11,0.000,6.045,f743c74038f9e812,1607232597772452496,0,567324,"data/citysim-bench run --city 512x512 --load-state data/L_rush_0700.state --duration 1h  --backend balanced --cost cars --rebalance-every 1 --threads 32 --window-log data/windows_L_rush_balanced-cars-every1_32.log"
balance,L_rush,1,balanced,32,64,cars,0,512x512,32,3600,26479706,371941,25043548,1064217,59381.342,16.49482,60.6,30836.926,28499.359,9261.419,2.1054,1.1711,0.0000,0,0.000,6.259,f743c74038f9e812,1607232597772452496,0,567308,"data/citysim-bench run --city 512x512 --load-state data/L_rush_0700.state --duration 1h  --backend balanced --cost cars --rebalance-every 0 --threads 32 --window-log data/windows_L_rush_balanced-cars-every0_32.log"
balance,L_rush,1,balanced,32,64,time,1,512x512,32,3600,26479706,371941,25043548,1064217,61201.582,17.00044,58.8,31411.840,29748.502,10477.051,2.1095,1.1234,0.0003,11,0.000,5.428,f743c74038f9e812,1607232597772452496,0,567336,"data/citysim-bench run --city 512x512 --load-state data/L_rush_0700.state --duration 1h  --backend balanced --cost time --rebalance-every 1 --threads 32 --window-log data/windows_L_rush_balanced-time-every1_32.log"
balance,L_rush,1,balanced,32,64,time,12,512x512,32,3600,26479706,371941,25043548,1064217,57922.170,16.08949,62.2,29814.892,28062.926,8289.046,2.0769,1.1684,0.0000,0,0.000,6.391,f743c74038f9e812,1607232597772452496,0,567204,"data/citysim-bench run --city 512x512 --load-state data/L_rush_0700.state --duration 1h  --backend balanced --cost time --rebalance-every 12 --threads 32 --window-log data/windows_L_rush_balanced-time-every12_32.log"
balance,L_rush,1,rayon,32,64,-,0,512x512,32,3600,26479706,371941,25043548,1064217,45031.534,12.50876,79.9,23635.216,21381.370,16071.949,1.2228,1.1689,0.9478,0,0.000,4.528,f743c74038f9e812,1607232597772452496,0,567332,"data/citysim-bench run --city 512x512 --load-state data/L_rush_0700.state --duration 1h  --backend rayon --threads 32 --window-log data/windows_L_rush_rayon_32.log"
balance,L_event,1,static,16,64,-,0,512x512,32,3600,26479706,371941,25043548,1064217,50486.934,14.02415,71.3,28003.009,22472.050,93.105,1.3620,1.2250,0.0000,0,0.000,3.599,f743c74038f9e812,1607232597772452496,0,567228,"data/citysim-bench run --city 512x512 --load-state data/L_rush_0700.state --duration 1h --event 384,384,08:00,60 --backend static --threads 16 --window-log data/windows_L_event_static_16.log"
balance,L_event,1,balanced,16,64,cars,1,512x512,32,3600,26479706,371941,25043548,1064217,47716.286,13.25452,75.4,25523.027,22172.218,162.111,1.2629,1.1156,0.0001,11,0.000,5.114,f743c74038f9e812,1607232597772452496,0,567280,"data/citysim-bench run --city 512x512 --load-state data/L_rush_0700.state --duration 1h --event 384,384,08:00,60 --backend balanced --cost cars --rebalance-every 1 --threads 16 --window-log data/windows_L_event_balanced-cars-every1_16.log"
balance,L_event,1,balanced,16,64,cars,0,512x512,32,3600,26479706,371941,25043548,1064217,46094.193,12.80394,78.1,25225.851,20854.935,86.822,1.2505,1.1046,0.0000,0,0.000,4.878,f743c74038f9e812,1607232597772452496,0,567224,"data/citysim-bench run --city 512x512 --load-state data/L_rush_0700.state --duration 1h --event 384,384,08:00,60 --backend balanced --cost cars --rebalance-every 0 --threads 16 --window-log data/windows_L_event_balanced-cars-every0_16.log"
balance,L_event,1,balanced,16,64,time,1,512x512,32,3600,26479706,371941,25043548,1064217,44364.675,12.32352,81.1,23945.097,20406.502,92.055,1.2077,1.0337,0.0001,11,0.000,3.889,f743c74038f9e812,1607232597772452496,0,567280,"data/citysim-bench run --city 512x512 --load-state data/L_rush_0700.state --duration 1h --event 384,384,08:00,60 --backend balanced --cost time --rebalance-every 1 --threads 16 --window-log data/windows_L_event_balanced-time-every1_16.log"
balance,L_event,1,balanced,16,64,time,12,512x512,32,3600,26479706,371941,25043548,1064217,45589.951,12.66388,79.0,24932.780,20643.285,84.164,1.2509,1.1128,0.0000,0,0.000,4.378,f743c74038f9e812,1607232597772452496,0,567280,"data/citysim-bench run --city 512x512 --load-state data/L_rush_0700.state --duration 1h --event 384,384,08:00,60 --backend balanced --cost time --rebalance-every 12 --threads 16 --window-log data/windows_L_event_balanced-time-every12_16.log"
balance,L_event,1,rayon,16,64,-,0,512x512,32,3600,26479706,371941,25043548,1064217,43000.788,11.94466,83.7,23039.666,19948.626,6049.498,1.0212,1.0154,0.8970,0,0.000,3.536,f743c74038f9e812,1607232597772452496,0,567308,"data/citysim-bench run --city 512x512 --load-state data/L_rush_0700.state --duration 1h --event 384,384,08:00,60 --backend rayon --threads 16 --window-log data/windows_L_event_rayon_16.log"
balance,L_event,1,static,32,64,-,0,512x512,32,3600,26479706,371941,25043548,1064217,54968.767,15.26910,65.5,28336.133,26592.212,9026.572,1.9817,1.2762,0.0000,0,0.000,5.334,f743c74038f9e812,1607232597772452496,0,567352,"data/citysim-bench run --city 512x512 --load-state data/L_rush_0700.state --duration 1h --event 384,384,08:00,60 --backend static --threads 32 --window-log data/windows_L_event_static_32.log"
balance,L_event,1,balanced,32,64,cars,1,512x512,32,3600,26479706,371941,25043548,1064217,51954.938,14.43193,69.3,25905.722,25997.842,8557.081,1.8798,1.1683,0.0001,11,0.000,4.284,f743c74038f9e812,1607232597772452496,0,567292,"data/citysim-bench run --city 512x512 --load-state data/L_rush_0700.state --duration 1h --event 384,384,08:00,60 --backend balanced --cost cars --rebalance-every 1 --threads 32 --window-log data/windows_L_event_balanced-cars-every1_32.log"
balance,L_event,1,balanced,32,64,cars,0,512x512,32,3600,26479706,371941,25043548,1064217,49548.283,13.76341,72.7,25098.407,24402.793,7817.886,1.8388,1.1683,0.0000,0,0.000,5.258,f743c74038f9e812,1607232597772452496,0,567292,"data/citysim-bench run --city 512x512 --load-state data/L_rush_0700.state --duration 1h --event 384,384,08:00,60 --backend balanced --cost cars --rebalance-every 0 --threads 32 --window-log data/windows_L_event_balanced-cars-every0_32.log"
balance,L_event,1,balanced,32,64,time,1,512x512,32,3600,26479706,371941,25043548,1064217,57968.424,16.10234,62.1,29532.771,28390.714,10802.966,2.0321,1.1225,0.0004,11,0.000,5.416,f743c74038f9e812,1607232597772452496,0,566976,"data/citysim-bench run --city 512x512 --load-state data/L_rush_0700.state --duration 1h --event 384,384,08:00,60 --backend balanced --cost time --rebalance-every 1 --threads 32 --window-log data/windows_L_event_balanced-time-every1_32.log"
balance,L_event,1,balanced,32,64,time,12,512x512,32,3600,26479706,371941,25043548,1064217,53453.124,14.84809,67.3,27142.256,26260.588,9059.632,1.9379,1.1647,0.0000,0,0.000,4.605,f743c74038f9e812,1607232597772452496,0,567284,"data/citysim-bench run --city 512x512 --load-state data/L_rush_0700.state --duration 1h --event 384,384,08:00,60 --backend balanced --cost time --rebalance-every 12 --threads 32 --window-log data/windows_L_event_balanced-time-every12_32.log"
balance,L_event,1,rayon,32,64,-,0,512x512,32,3600,26479706,371941,25043548,1064217,39322.906,10.92303,91.5,20785.808,18523.484,13341.877,1.2107,1.1643,0.9484,0,0.000,4.662,f743c74038f9e812,1607232597772452496,0,567280,"data/citysim-bench run --city 512x512 --load-state data/L_rush_0700.state --duration 1h --event 384,384,08:00,60 --backend rayon --threads 32 --window-log data/windows_L_event_rayon_32.log"
balance,L_uniform,1,static,16,64,-,0,512x512,32,3600,21423878,515262,20237998,670618,37156.861,10.32135,96.9,19331.249,17812.397,82.907,1.1642,1.0246,0.0000,0,0.000,4.416,0a4bcf1423e7df44,50907533420830686,0,567280,"data/citysim-bench run --city 512x512 --load-state data/L_uniform_0700.state --duration 1h --peak 0 --floor 0.004 --edge 0 --backend static --threads 16 --window-log data/windows_L_uniform_static_16.log"
balance,L_uniform,1,balanced,16,64,cars,1,512x512,32,3600,21423878,515262,20237998,670618,39679.387,11.02205,90.7,20664.110,18995.163,91.638,1.1665,1.0407,0.0000,11,0.000,4.101,0a4bcf1423e7df44,50907533420830686,0,567340,"data/citysim-bench run --city 512x512 --load-state data/L_uniform_0700.state --duration 1h --peak 0 --floor 0.004 --edge 0 --backend balanced --cost cars --rebalance-every 1 --threads 16 --window-log data/windows_L_uniform_balanced-cars-every1_16.log"
balance,L_uniform,1,balanced,16,64,cars,0,512x512,32,3600,21423878,515262,20237998,670618,39703.834,11.02884,90.7,20676.978,19015.144,88.888,1.1690,1.0414,0.0000,0,0.000,3.544,0a4bcf1423e7df44,50907533420830686,0,567308,"data/citysim-bench run --city 512x512 --load-state data/L_uniform_0700.state --duration 1h --peak 0 --floor 0.004 --edge 0 --backend balanced --cost cars --rebalance-every 0 --threads 16 --window-log data/windows_L_uniform_balanced-cars-every0_16.log"
balance,L_uniform,1,balanced,16,64,time,1,512x512,32,3600,21423878,515262,20237998,670618,39823.292,11.06203,90.4,20756.935,19053.674,99.630,1.1585,1.0203,0.0001,11,0.000,3.787,0a4bcf1423e7df44,50907533420830686,0,567340,"data/citysim-bench run --city 512x512 --load-state data/L_uniform_0700.state --duration 1h --peak 0 --floor 0.004 --edge 0 --backend balanced --cost time --rebalance-every 1 --threads 16 --window-log data/windows_L_uniform_balanced-time-every1_16.log"
balance,L_uniform,1,balanced,16,64,time,12,512x512,32,3600,21423878,515262,20237998,670618,39999.028,11.11084,90.0,20831.850,19153.373,89.176,1.1684,1.0357,0.0000,0,0.000,4.259,0a4bcf1423e7df44,50907533420830686,0,567284,"data/citysim-bench run --city 512x512 --load-state data/L_uniform_0700.state --duration 1h --peak 0 --floor 0.004 --edge 0 --backend balanced --cost time --rebalance-every 12 --threads 16 --window-log data/windows_L_uniform_balanced-time-every12_16.log"
balance,L_uniform,1,rayon,16,64,-,0,512x512,32,3600,21423878,515262,20237998,670618,40413.812,11.22606,89.1,20965.738,19435.498,5349.603,1.0259,1.0214,0.8976,0,0.000,3.472,0a4bcf1423e7df44,50907533420830686,0,567268,"data/citysim-bench run --city 512x512 --load-state data/L_uniform_0700.state --duration 1h --peak 0 --floor 0.004 --edge 0 --backend rayon --threads 16 --window-log data/windows_L_uniform_rayon_16.log"
balance,L_uniform,1,static,32,64,-,0,512x512,32,3600,21423878,515262,20237998,670618,64617.666,17.94935,55.7,32408.564,32166.584,9753.182,2.3148,1.1593,0.0000,0,0.000,6.098,0a4bcf1423e7df44,50907533420830686,0,567284,"data/citysim-bench run --city 512x512 --load-state data/L_uniform_0700.state --duration 1h --peak 0 --floor 0.004 --edge 0 --backend static --threads 32 --window-log data/windows_L_uniform_static_32.log"
balance,L_uniform,1,balanced,32,64,cars,1,512x512,32,3600,21423878,515262,20237998,670618,67643.487,18.78986,53.2,33484.021,34111.064,11161.116,2.4373,1.1525,0.0000,11,0.000,4.428,0a4bcf1423e7df44,50907533420830686,0,567348,"data/citysim-bench run --city 512x512 --load-state data/L_uniform_0700.state --duration 1h --peak 0 --floor 0.004 --edge 0 --backend balanced --cost cars --rebalance-every 1 --threads 32 --window-log data/windows_L_uniform_balanced-cars-every1_32.log"
balance,L_uniform,1,balanced,32,64,cars,0,512x512,32,3600,21423878,515262,20237998,670618,49258.154,13.68282,73.1,25280.967,23935.691,12340.385,1.8852,1.1149,0.0000,0,0.000,4.105,0a4bcf1423e7df44,50907533420830686,0,567204,"data/citysim-bench run --city 512x512 --load-state data/L_uniform_0700.state --duration 1h --peak 0 --floor 0.004 --edge 0 --backend balanced --cost cars --rebalance-every 0 --threads 32 --window-log data/windows_L_uniform_balanced-cars-every0_32.log"
balance,L_uniform,1,balanced,32,64,time,1,512x512,32,3600,21423878,515262,20237998,670618,41493.227,11.52590,86.8,20999.990,20449.136,9129.005,1.6903,1.1025,0.0002,11,0.000,4.523,0a4bcf1423e7df44,50907533420830686,0,567332,"data/citysim-bench run --city 512x512 --load-state data/L_uniform_0700.state --duration 1h --peak 0 --floor 0.004 --edge 0 --backend balanced --cost time --rebalance-every 1 --threads 32 --window-log data/windows_L_uniform_balanced-time-every1_32.log"
balance,L_uniform,1,balanced,32,64,time,12,512x512,32,3600,21423878,515262,20237998,670618,38305.866,10.64052,94.0,19306.469,18959.792,7484.485,1.6341,1.0972,0.0000,0,0.000,4.433,0a4bcf1423e7df44,50907533420830686,0,567060,"data/citysim-bench run --city 512x512 --load-state data/L_uniform_0700.state --duration 1h --peak 0 --floor 0.004 --edge 0 --backend balanced --cost time --rebalance-every 12 --threads 32 --window-log data/windows_L_uniform_balanced-time-every12_32.log"
balance,L_uniform,1,rayon,32,64,-,0,512x512,32,3600,21423878,515262,20237998,670618,31108.671,8.64130,115.7,15880.508,15215.128,9278.406,1.1903,1.1569,0.9493,0,0.000,3.721,0a4bcf1423e7df44,50907533420830686,0,567308,"data/citysim-bench run --city 512x512 --load-state data/L_uniform_0700.state --duration 1h --peak 0 --floor 0.004 --edge 0 --backend rayon --threads 32 --window-log data/windows_L_uniform_rayon_32.log"
gpu,S,1,cuda,1,64,-,0,32x32,32,1800,106651,27612,76433,2606,63.266,0.03515,28451.2,32.062,23.464,0.000,1.0000,1.0000,0.0000,0,19.214,0.234,7d051cde5159b18c,5677673899804325068,0,172796,"data/citysim-bench run --city 32x32 --load-state data/S_rush_0730.state --duration 30m --backend cuda"
gpu,S,2,cuda,1,64,-,0,32x32,32,1800,106651,27612,76433,2606,59.331,0.03296,30338.5,27.853,25.532,0.000,1.0000,1.0000,0.0000,0,19.225,0.247,7d051cde5159b18c,5677673899804325068,0,172944,"data/citysim-bench run --city 32x32 --load-state data/S_rush_0730.state --duration 30m --backend cuda"
gpu,S,3,cuda,1,64,-,0,32x32,32,1800,106651,27612,76433,2606,62.429,0.03468,28832.6,29.534,26.736,0.000,1.0000,1.0000,0.0000,0,19.238,0.299,7d051cde5159b18c,5677673899804325068,0,173060,"data/citysim-bench run --city 32x32 --load-state data/S_rush_0730.state --duration 30m --backend cuda"
gpu,S,4,cuda,1,64,-,0,32x32,32,1800,106651,27612,76433,2606,61.532,0.03418,29253.1,28.869,26.211,0.000,1.0000,1.0000,0.0000,0,23.762,0.548,7d051cde5159b18c,5677673899804325068,0,173192,"data/citysim-bench run --city 32x32 --load-state data/S_rush_0730.state --duration 30m --backend cuda"
gpu,S,5,cuda,1,64,-,0,32x32,32,1800,106651,27612,76433,2606,60.166,0.03343,29917.4,27.638,26.451,0.000,1.0000,1.0000,0.0000,0,18.616,1.844,7d051cde5159b18c,5677673899804325068,0,173188,"data/citysim-bench run --city 32x32 --load-state data/S_rush_0730.state --duration 30m --backend cuda"
gpu,M,1,cuda,1,64,-,0,128x128,32,1800,1661155,95151,1504989,61015,72.793,0.04044,24727.6,49.979,17.177,0.000,1.0000,1.0000,0.0000,0,19.373,0.542,6f3bc526f73ac844,12073136906654222322,0,206024,"data/citysim-bench run --city 128x128 --load-state data/M_rush_0730.state --duration 30m --backend cuda"
gpu,M,2,cuda,1,64,-,0,128x128,32,1800,1661155,95151,1504989,61015,67.604,0.03756,26625.6,45.049,18.034,0.000,1.0000,1.0000,0.0000,0,18.599,0.516,6f3bc526f73ac844,12073136906654222322,0,205960,"data/citysim-bench run --city 128x128 --load-state data/M_rush_0730.state --duration 30m --backend cuda"
gpu,M,3,cuda,1,64,-,0,128x128,32,1800,1661155,95151,1504989,61015,69.811,0.03878,25784.1,44.925,19.468,0.000,1.0000,1.0000,0.0000,0,18.787,0.740,6f3bc526f73ac844,12073136906654222322,0,205888,"data/citysim-bench run --city 128x128 --load-state data/M_rush_0730.state --duration 30m --backend cuda"
gpu,M,4,cuda,1,64,-,0,128x128,32,1800,1661155,95151,1504989,61015,68.719,0.03818,26193.6,44.194,20.108,0.000,1.0000,1.0000,0.0000,0,18.766,0.723,6f3bc526f73ac844,12073136906654222322,0,205996,"data/citysim-bench run --city 128x128 --load-state data/M_rush_0730.state --duration 30m --backend cuda"
gpu,M,5,cuda,1,64,-,0,128x128,32,1800,1661155,95151,1504989,61015,66.487,0.03694,27073.0,42.752,19.591,0.000,1.0000,1.0000,0.0000,0,18.500,3.254,6f3bc526f73ac844,12073136906654222322,0,205540,"data/citysim-bench run --city 128x128 --load-state data/M_rush_0730.state --duration 30m --backend cuda"
gpu,L,1,cuda,1,64,-,0,512x512,32,600,21279169,296588,19948361,1034220,280.153,0.46692,2141.7,175.535,102.911,0.000,1.0000,1.0000,0.0000,0,19.288,3.607,43329a8f7e86b888,13611471131005200237,0,727252,"data/citysim-bench run --city 512x512 --load-state data/L_rush_0730.state --duration 10m --backend cuda"
gpu,L,2,cuda,1,64,-,0,512x512,32,600,21279169,296588,19948361,1034220,279.740,0.46623,2144.8,166.569,111.209,0.000,1.0000,1.0000,0.0000,0,18.316,2.733,43329a8f7e86b888,13611471131005200237,0,727768,"data/citysim-bench run --city 512x512 --load-state data/L_rush_0730.state --duration 10m --backend cuda"
gpu,L,3,cuda,1,64,-,0,512x512,32,600,21279169,296588,19948361,1034220,276.901,0.46150,2166.8,173.498,101.686,0.000,1.0000,1.0000,0.0000,0,19.144,2.017,43329a8f7e86b888,13611471131005200237,0,727548,"data/citysim-bench run --city 512x512 --load-state data/L_rush_0730.state --duration 10m --backend cuda"
gpu,L,4,cuda,1,64,-,0,512x512,32,600,21279169,296588,19948361,1034220,280.780,0.46797,2136.9,170.326,108.706,0.000,1.0000,1.0000,0.0000,0,18.288,2.041,43329a8f7e86b888,13611471131005200237,0,727352,"data/citysim-bench run --city 512x512 --load-state data/L_rush_0730.state --duration 10m --backend cuda"
gpu,L,5,cuda,1,64,-,0,512x512,32,600,21279169,296588,19948361,1034220,274.507,0.45751,2185.7,166.654,106.050,0.000,1.0000,1.0000,0.0000,0,19.388,2.887,43329a8f7e86b888,13611471131005200237,0,728084,"data/citysim-bench run --city 512x512 --load-state data/L_rush_0730.state --duration 10m --backend cuda"
gpu,XL,1,cuda,1,64,-,0,1024x1024,32,300,79734117,550633,75062980,4120504,569.637,1.89879,526.7,373.108,195.248,0.000,1.0000,1.0000,0.0000,0,18.143,6.204,64ab7731653d7044,983297938725189583,0,2407136,"data/citysim-bench run --city 1024x1024 --load-state data/XL_rush_0730.state --duration 5m --backend cuda"
gpu,XL,2,cuda,1,64,-,0,1024x1024,32,300,79734117,550633,75062980,4120504,566.906,1.88969,529.2,369.390,196.444,0.000,1.0000,1.0000,0.0000,0,23.046,6.161,64ab7731653d7044,983297938725189583,0,2407492,"data/citysim-bench run --city 1024x1024 --load-state data/XL_rush_0730.state --duration 5m --backend cuda"
gpu,XL,3,cuda,1,64,-,0,1024x1024,32,300,79734117,550633,75062980,4120504,567.887,1.89296,528.3,371.474,195.074,0.000,1.0000,1.0000,0.0000,0,19.091,6.143,64ab7731653d7044,983297938725189583,0,2406784,"data/citysim-bench run --city 1024x1024 --load-state data/XL_rush_0730.state --duration 5m --backend cuda"
gpu,XL,4,cuda,1,64,-,0,1024x1024,32,300,79734117,550633,75062980,4120504,564.725,1.88242,531.2,371.295,192.202,0.000,1.0000,1.0000,0.0000,0,18.779,5.857,64ab7731653d7044,983297938725189583,0,2406852,"data/citysim-bench run --city 1024x1024 --load-state data/XL_rush_0730.state --duration 5m --backend cuda"
gpu,XL,5,cuda,1,64,-,0,1024x1024,32,300,79734117,550633,75062980,4120504,565.730,1.88577,530.3,380.178,184.489,0.000,1.0000,1.0000,0.0000,0,20.077,5.929,64ab7731653d7044,983297938725189583,0,2407208,"data/citysim-bench run --city 1024x1024 --load-state data/XL_rush_0730.state --duration 5m --backend cuda"
gpu_block,L,1,cuda,1,32,-,0,512x512,32,600,21279169,296588,19948361,1034220,276.941,0.46157,2166.5,166.701,108.475,0.000,1.0000,1.0000,0.0000,0,19.019,1.917,43329a8f7e86b888,13611471131005200237,0,728136,"data/citysim-bench run --city 512x512 --load-state data/L_rush_0730.state --duration 10m --backend cuda --block 32"
gpu_block,L,2,cuda,1,32,-,0,512x512,32,600,21279169,296588,19948361,1034220,279.298,0.46550,2148.2,172.760,104.733,0.000,1.0000,1.0000,0.0000,0,19.631,1.905,43329a8f7e86b888,13611471131005200237,0,727928,"data/citysim-bench run --city 512x512 --load-state data/L_rush_0730.state --duration 10m --backend cuda --block 32"
gpu_block,L,3,cuda,1,32,-,0,512x512,32,600,21279169,296588,19948361,1034220,278.253,0.46375,2156.3,168.283,108.208,0.000,1.0000,1.0000,0.0000,0,17.301,1.967,43329a8f7e86b888,13611471131005200237,0,727796,"data/citysim-bench run --city 512x512 --load-state data/L_rush_0730.state --duration 10m --backend cuda --block 32"
gpu_block,L,4,cuda,1,32,-,0,512x512,32,600,21279169,296588,19948361,1034220,280.683,0.46781,2137.6,174.911,103.981,0.000,1.0000,1.0000,0.0000,0,20.320,2.055,43329a8f7e86b888,13611471131005200237,0,727812,"data/citysim-bench run --city 512x512 --load-state data/L_rush_0730.state --duration 10m --backend cuda --block 32"
gpu_block,L,5,cuda,1,32,-,0,512x512,32,600,21279169,296588,19948361,1034220,279.420,0.46570,2147.3,178.296,99.342,0.000,1.0000,1.0000,0.0000,0,18.782,1.818,43329a8f7e86b888,13611471131005200237,0,728140,"data/citysim-bench run --city 512x512 --load-state data/L_rush_0730.state --duration 10m --backend cuda --block 32"
gpu_block,L,1,cuda,1,64,-,0,512x512,32,600,21279169,296588,19948361,1034220,276.966,0.46161,2166.3,169.078,106.021,0.000,1.0000,1.0000,0.0000,0,19.731,1.982,43329a8f7e86b888,13611471131005200237,0,727828,"data/citysim-bench run --city 512x512 --load-state data/L_rush_0730.state --duration 10m --backend cuda --block 64"
gpu_block,L,2,cuda,1,64,-,0,512x512,32,600,21279169,296588,19948361,1034220,277.917,0.46319,2158.9,171.788,104.372,0.000,1.0000,1.0000,0.0000,0,18.990,1.907,43329a8f7e86b888,13611471131005200237,0,727312,"data/citysim-bench run --city 512x512 --load-state data/L_rush_0730.state --duration 10m --backend cuda --block 64"
gpu_block,L,3,cuda,1,64,-,0,512x512,32,600,21279169,296588,19948361,1034220,277.899,0.46317,2159.1,171.807,104.198,0.000,1.0000,1.0000,0.0000,0,18.569,1.980,43329a8f7e86b888,13611471131005200237,0,727872,"data/citysim-bench run --city 512x512 --load-state data/L_rush_0730.state --duration 10m --backend cuda --block 64"
gpu_block,L,4,cuda,1,64,-,0,512x512,32,600,21279169,296588,19948361,1034220,281.255,0.46876,2133.3,173.549,105.934,0.000,1.0000,1.0000,0.0000,0,19.172,2.491,43329a8f7e86b888,13611471131005200237,0,727616,"data/citysim-bench run --city 512x512 --load-state data/L_rush_0730.state --duration 10m --backend cuda --block 64"
gpu_block,L,5,cuda,1,64,-,0,512x512,32,600,21279169,296588,19948361,1034220,276.281,0.46047,2171.7,172.491,101.940,0.000,1.0000,1.0000,0.0000,0,18.974,2.160,43329a8f7e86b888,13611471131005200237,0,728076,"data/citysim-bench run --city 512x512 --load-state data/L_rush_0730.state --duration 10m --backend cuda --block 64"
gpu_block,L,1,cuda,1,128,-,0,512x512,32,600,21279169,296588,19948361,1034220,280.825,0.46804,2136.6,171.832,107.124,0.000,1.0000,1.0000,0.0000,0,20.214,1.937,43329a8f7e86b888,13611471131005200237,0,727684,"data/citysim-bench run --city 512x512 --load-state data/L_rush_0730.state --duration 10m --backend cuda --block 128"
gpu_block,L,2,cuda,1,128,-,0,512x512,32,600,21279169,296588,19948361,1034220,277.908,0.46318,2159.0,168.217,107.912,0.000,1.0000,1.0000,0.0000,0,19.145,1.956,43329a8f7e86b888,13611471131005200237,0,728032,"data/citysim-bench run --city 512x512 --load-state data/L_rush_0730.state --duration 10m --backend cuda --block 128"
gpu_block,L,3,cuda,1,128,-,0,512x512,32,600,21279169,296588,19948361,1034220,280.507,0.46751,2139.0,174.026,104.687,0.000,1.0000,1.0000,0.0000,0,18.911,1.905,43329a8f7e86b888,13611471131005200237,0,728020,"data/citysim-bench run --city 512x512 --load-state data/L_rush_0730.state --duration 10m --backend cuda --block 128"
gpu_block,L,4,cuda,1,128,-,0,512x512,32,600,21279169,296588,19948361,1034220,279.730,0.46622,2144.9,175.270,102.470,0.000,1.0000,1.0000,0.0000,0,18.699,2.187,43329a8f7e86b888,13611471131005200237,0,727984,"data/citysim-bench run --city 512x512 --load-state data/L_rush_0730.state --duration 10m --backend cuda --block 128"
gpu_block,L,5,cuda,1,128,-,0,512x512,32,600,21279169,296588,19948361,1034220,278.048,0.46341,2157.9,172.490,103.803,0.000,1.0000,1.0000,0.0000,0,19.346,2.016,43329a8f7e86b888,13611471131005200237,0,728140,"data/citysim-bench run --city 512x512 --load-state data/L_rush_0730.state --duration 10m --backend cuda --block 128"
gpu_block,L,1,cuda,1,256,-,0,512x512,32,600,21279169,296588,19948361,1034220,275.537,0.45923,2177.6,168.599,105.222,0.000,1.0000,1.0000,0.0000,0,19.715,1.868,43329a8f7e86b888,13611471131005200237,0,728144,"data/citysim-bench run --city 512x512 --load-state data/L_rush_0730.state --duration 10m --backend cuda --block 256"
gpu_block,L,2,cuda,1,256,-,0,512x512,32,600,21279169,296588,19948361,1034220,269.787,0.44964,2224.0,163.207,104.806,0.000,1.0000,1.0000,0.0000,0,19.084,1.896,43329a8f7e86b888,13611471131005200237,0,728168,"data/citysim-bench run --city 512x512 --load-state data/L_rush_0730.state --duration 10m --backend cuda --block 256"
gpu_block,L,3,cuda,1,256,-,0,512x512,32,600,21279169,296588,19948361,1034220,270.520,0.45087,2217.9,168.537,100.306,0.000,1.0000,1.0000,0.0000,0,19.313,2.019,43329a8f7e86b888,13611471131005200237,0,727364,"data/citysim-bench run --city 512x512 --load-state data/L_rush_0730.state --duration 10m --backend cuda --block 256"
gpu_block,L,4,cuda,1,256,-,0,512x512,32,600,21279169,296588,19948361,1034220,274.267,0.45711,2187.6,169.512,103.073,0.000,1.0000,1.0000,0.0000,0,18.906,1.822,43329a8f7e86b888,13611471131005200237,0,728052,"data/citysim-bench run --city 512x512 --load-state data/L_rush_0730.state --duration 10m --backend cuda --block 256"
gpu_block,L,5,cuda,1,256,-,0,512x512,32,600,21279169,296588,19948361,1034220,275.165,0.45861,2180.5,169.266,104.225,0.000,1.0000,1.0000,0.0000,0,18.012,2.570,43329a8f7e86b888,13611471131005200237,0,727508,"data/citysim-bench run --city 512x512 --load-state data/L_rush_0730.state --duration 10m --backend cuda --block 256"
gpu_block,L,1,cuda,1,512,-,0,512x512,32,600,21279169,296588,19948361,1034220,261.482,0.43580,2294.6,151.774,108.035,0.000,1.0000,1.0000,0.0000,0,18.931,1.724,43329a8f7e86b888,13611471131005200237,0,727616,"data/citysim-bench run --city 512x512 --load-state data/L_rush_0730.state --duration 10m --backend cuda --block 512"
gpu_block,L,2,cuda,1,512,-,0,512x512,32,600,21279169,296588,19948361,1034220,259.648,0.43275,2310.8,150.938,106.936,0.000,1.0000,1.0000,0.0000,0,19.502,3.047,43329a8f7e86b888,13611471131005200237,0,727944,"data/citysim-bench run --city 512x512 --load-state data/L_rush_0730.state --duration 10m --backend cuda --block 512"
gpu_block,L,3,cuda,1,512,-,0,512x512,32,600,21279169,296588,19948361,1034220,256.851,0.42808,2336.0,151.161,103.829,0.000,1.0000,1.0000,0.0000,0,18.396,1.848,43329a8f7e86b888,13611471131005200237,0,728140,"data/citysim-bench run --city 512x512 --load-state data/L_rush_0730.state --duration 10m --backend cuda --block 512"
gpu_block,L,4,cuda,1,512,-,0,512x512,32,600,21279169,296588,19948361,1034220,259.342,0.43224,2313.5,151.844,105.794,0.000,1.0000,1.0000,0.0000,0,19.108,3.131,43329a8f7e86b888,13611471131005200237,0,727876,"data/citysim-bench run --city 512x512 --load-state data/L_rush_0730.state --duration 10m --backend cuda --block 512"
gpu_block,L,5,cuda,1,512,-,0,512x512,32,600,21279169,296588,19948361,1034220,258.121,0.43020,2324.5,145.766,110.531,0.000,1.0000,1.0000,0.0000,0,19.203,6.405,43329a8f7e86b888,13611471131005200237,0,727708,"data/citysim-bench run --city 512x512 --load-state data/L_rush_0730.state --duration 10m --backend cuda --block 512"
pipeline,M_on,1,cuda,1,64,-,0,128x128,32,3600,2201124,127085,2001177,72862,155.533,0.04320,23146.2,103.587,40.165,0.000,1.0000,1.0000,0.0000,0,19.576,5.109,38219de3242d1da7,1290967046507794615,0,211864,"data/citysim-bench run --city 128x128 --load-state data/M_rush_0730.state --duration 1h --backend cuda --sensors data/sensors_M.csv --pipeline on"
pipeline,M_on,2,cuda,1,64,-,0,128x128,32,3600,2201124,127085,2001177,72862,138.569,0.03849,25979.8,92.772,37.175,0.000,1.0000,1.0000,0.0000,0,18.466,7.072,38219de3242d1da7,1290967046507794615,0,211676,"data/citysim-bench run --city 128x128 --load-state data/M_rush_0730.state --duration 1h --backend cuda --sensors data/sensors_M.csv --pipeline on"
pipeline,M_on,3,cuda,1,64,-,0,128x128,32,3600,2201124,127085,2001177,72862,156.507,0.04347,23002.2,102.247,40.084,0.000,1.0000,1.0000,0.0000,0,18.063,6.049,38219de3242d1da7,1290967046507794615,0,211464,"data/citysim-bench run --city 128x128 --load-state data/M_rush_0730.state --duration 1h --backend cuda --sensors data/sensors_M.csv --pipeline on"
pipeline,M_off,1,cuda,1,64,-,0,128x128,32,3600,2201124,127085,2001177,72862,136.049,0.03779,26461.1,93.660,34.184,0.000,1.0000,1.0000,0.0000,0,20.994,4.365,38219de3242d1da7,1290967046507794615,0,211388,"data/citysim-bench run --city 128x128 --load-state data/M_rush_0730.state --duration 1h --backend cuda --sensors data/sensors_M.csv --pipeline off"
pipeline,M_off,2,cuda,1,64,-,0,128x128,32,3600,2201124,127085,2001177,72862,136.164,0.03782,26438.6,93.288,34.779,0.000,1.0000,1.0000,0.0000,0,18.204,5.373,38219de3242d1da7,1290967046507794615,0,211808,"data/citysim-bench run --city 128x128 --load-state data/M_rush_0730.state --duration 1h --backend cuda --sensors data/sensors_M.csv --pipeline off"
pipeline,M_off,3,cuda,1,64,-,0,128x128,32,3600,2201124,127085,2001177,72862,135.530,0.03765,26562.4,93.041,34.801,0.000,1.0000,1.0000,0.0000,0,17.703,4.472,38219de3242d1da7,1290967046507794615,0,211428,"data/citysim-bench run --city 128x128 --load-state data/M_rush_0730.state --duration 1h --backend cuda --sensors data/sensors_M.csv --pipeline off"
pipeline,M_on,1,static,16,64,-,0,128x128,32,3600,2201124,127085,2001177,72862,1330.445,0.36957,2705.9,777.868,542.056,8.713,1.6308,1.3573,0.0000,0,0.000,4.040,38219de3242d1da7,1290967046507794615,0,46208,"data/citysim-bench run --city 128x128 --load-state data/M_rush_0730.state --duration 1h --backend static --threads 16 --sensors data/sensors_M.csv --pipeline on"
pipeline,M_on,2,static,16,64,-,0,128x128,32,3600,2201124,127085,2001177,72862,1356.672,0.37685,2653.6,793.719,553.225,9.026,1.6482,1.3643,0.0000,0,0.000,3.799,38219de3242d1da7,1290967046507794615,0,46272,"data/citysim-bench run --city 128x128 --load-state data/M_rush_0730.state --duration 1h --backend static --threads 16 --sensors data/sensors_M.csv --pipeline on"
pipeline,M_on,3,static,16,64,-,0,128x128,32,3600,2201124,127085,2001177,72862,1335.617,0.37100,2695.4,786.161,539.377,9.628,1.6455,1.3604,0.0000,0,0.000,4.481,38219de3242d1da7,1290967046507794615,0,46272,"data/citysim-bench run --city 128x128 --load-state data/M_rush_0730.state --duration 1h --backend static --threads 16 --sensors data/sensors_M.csv --pipeline on"
pipeline,M_off,1,static,16,64,-,0,128x128,32,3600,2201124,127085,2001177,72862,1353.164,0.37588,2660.4,793.426,549.741,9.099,1.6398,1.3532,0.0000,0,0.000,4.034,38219de3242d1da7,1290967046507794615,0,46272,"data/citysim-bench run --city 128x128 --load-state data/M_rush_0730.state --duration 1h --backend static --threads 16 --sensors data/sensors_M.csv --pipeline off"
pipeline,M_off,2,static,16,64,-,0,128x128,32,3600,2201124,127085,2001177,72862,1380.575,0.38349,2607.6,811.000,559.239,9.561,1.6608,1.3695,0.0000,0,0.000,3.998,38219de3242d1da7,1290967046507794615,0,46208,"data/citysim-bench run --city 128x128 --load-state data/M_rush_0730.state --duration 1h --backend static --threads 16 --sensors data/sensors_M.csv --pipeline off"
pipeline,M_off,3,static,16,64,-,0,128x128,32,3600,2201124,127085,2001177,72862,1351.469,0.37541,2663.8,789.543,551.805,12.367,1.6336,1.3293,0.0000,0,0.000,4.240,38219de3242d1da7,1290967046507794615,0,46208,"data/citysim-bench run --city 128x128 --load-state data/M_rush_0730.state --duration 1h --backend static --threads 16 --sensors data/sensors_M.csv --pipeline off"
pipeline,L_on,1,cuda,1,64,-,0,512x512,32,3600,35066301,496756,33291693,1277852,1765.254,0.49035,2039.4,1105.547,651.240,0.000,1.0000,1.0000,0.0000,0,18.239,78.772,9af1145779841209,10026529463205877711,0,750124,"data/citysim-bench run --city 512x512 --load-state data/L_rush_0730.state --duration 1h --backend cuda --sensors data/sensors_L.csv --pipeline on"
pipeline,L_on,2,cuda,1,64,-,0,512x512,32,3600,35066301,496756,33291693,1277852,1780.640,0.49462,2021.7,1123.043,649.186,0.000,1.0000,1.0000,0.0000,0,21.886,74.872,9af1145779841209,10026529463205877711,0,749708,"data/citysim-bench run --city 512x512 --load-state data/L_rush_0730.state --duration 1h --backend cuda --sensors data/sensors_L.csv --pipeline on"
pipeline,L_on,3,cuda,1,64,-,0,512x512,32,3600,35066301,496756,33291693,1277852,1767.957,0.49110,2036.2,1128.164,631.634,0.000,1.0000,1.0000,0.0000,0,18.711,72.433,9af1145779841209,10026529463205877711,0,750160,"data/citysim-bench run --city 512x512 --load-state data/L_rush_0730.state --duration 1h --backend cuda --sensors data/sensors_L.csv --pipeline on"
pipeline,L_off,1,cuda,1,64,-,0,512x512,32,3600,35066301,496756,33291693,1277852,1763.785,0.48994,2041.1,1122.479,633.382,0.000,1.0000,1.0000,0.0000,0,18.524,60.829,9af1145779841209,10026529463205877711,0,750192,"data/citysim-bench run --city 512x512 --load-state data/L_rush_0730.state --duration 1h --backend cuda --sensors data/sensors_L.csv --pipeline off"
pipeline,L_off,2,cuda,1,64,-,0,512x512,32,3600,35066301,496756,33291693,1277852,1751.427,0.48651,2055.5,1115.874,627.651,0.000,1.0000,1.0000,0.0000,0,18.808,64.811,9af1145779841209,10026529463205877711,0,749912,"data/citysim-bench run --city 512x512 --load-state data/L_rush_0730.state --duration 1h --backend cuda --sensors data/sensors_L.csv --pipeline off"
pipeline,L_off,3,cuda,1,64,-,0,512x512,32,3600,35066301,496756,33291693,1277852,1754.553,0.48738,2051.8,1115.923,630.809,0.000,1.0000,1.0000,0.0000,0,18.357,72.015,9af1145779841209,10026529463205877711,0,750048,"data/citysim-bench run --city 512x512 --load-state data/L_rush_0730.state --duration 1h --backend cuda --sensors data/sensors_L.csv --pipeline off"
pipeline,L_on,1,static,16,64,-,0,512x512,32,3600,35066301,496756,33291693,1277852,45214.892,12.55969,79.6,25195.316,20008.037,69.874,1.3667,1.2058,0.0000,0,0.000,78.120,9af1145779841209,10026529463205877711,0,581856,"data/citysim-bench run --city 512x512 --load-state data/L_rush_0730.state --duration 1h --backend static --threads 16 --sensors data/sensors_L.csv --pipeline on"
pipeline,L_on,2,static,16,64,-,0,512x512,32,3600,35066301,496756,33291693,1277852,47337.993,13.14944,76.0,26473.373,20853.030,75.036,1.3538,1.1964,0.0000,0,0.000,80.004,9af1145779841209,10026529463205877711,0,581856,"data/citysim-bench run --city 512x512 --load-state data/L_rush_0730.state --duration 1h --backend static --threads 16 --sensors data/sensors_L.csv --pipeline on"
pipeline,L_on,3,static,16,64,-,0,512x512,32,3600,35066301,496756,33291693,1277852,47526.919,13.20192,75.7,26578.858,20936.490,83.027,1.3508,1.2005,0.0000,0,0.000,85.543,9af1145779841209,10026529463205877711,0,581792,"data/citysim-bench run --city 512x512 --load-state data/L_rush_0730.state --duration 1h --backend static --threads 16 --sensors data/sensors_L.csv --pipeline on"
pipeline,L_off,1,static,16,64,-,0,512x512,32,3600,35066301,496756,33291693,1277852,49491.893,13.74775,72.7,27668.432,21812.106,80.256,1.3560,1.2130,0.0000,0,0.000,76.736,9af1145779841209,10026529463205877711,0,581880,"data/citysim-bench run --city 512x512 --load-state data/L_rush_0730.state --duration 1h --backend static --threads 16 --sensors data/sensors_L.csv --pipeline off"
pipeline,L_off,2,static,16,64,-,0,512x512,32,3600,35066301,496756,33291693,1277852,49523.393,13.75650,72.7,27703.663,21807.794,84.633,1.3483,1.2025,0.0000,0,0.000,90.273,9af1145779841209,10026529463205877711,0,582048,"data/citysim-bench run --city 512x512 --load-state data/L_rush_0730.state --duration 1h --backend static --threads 16 --sensors data/sensors_L.csv --pipeline off"
pipeline,L_off,3,static,16,64,-,0,512x512,32,3600,35066301,496756,33291693,1277852,49680.732,13.80020,72.5,27733.552,21934.419,86.576,1.3497,1.2027,0.0000,0,0.000,82.058,9af1145779841209,10026529463205877711,0,582048,"data/citysim-bench run --city 512x512 --load-state data/L_rush_0730.state --duration 1h --backend static --threads 16 --sensors data/sensors_L.csv --pipeline off"
stress,cpu_12GiB,1,,,,,,,,,,,,,,,,,,,,,,,,,,,2,3184,"ulimit -v 12582912; exec data/citysim-bench run --city 2896x2896 --start 07:30 --duration 10m --backend static --threads 16"
stress,gpu,1,cuda,1,64,-,0,2896x2896,32,600,86181740,169927,57964654,28047159,6978.402,11.63067,86.0,4672.377,2304.145,0.000,1.0000,1.0000,0.0000,0,20.160,63.426,a07912ae6740446d,9890774559339026704,0,399488,"data/citysim-bench run --city 2896x2896 --start 07:30 --duration 10m --backend cuda"
stress,gpu_too_big,1,,,,,,,,,,,,,,,,,,,,,,,,,,,2,419432,"data/citysim-bench run --city 4096x4096 --start 07:30 --duration 5m --backend cuda"
